INSERT INTO UT_PRODUCT(ID, RELEASE_DATE)
VALUES ('ST-10', '2023-11-10')
ON CONFLICT DO NOTHING;

INSERT INTO UT_PRODUCT_DESCRIPTION (PRODUCT_ID, LANGUAGE_CODE, NAME)
VALUES ('ST-10', 'en', '[ST-10] THE THREE CAPTAINS'),
       ('ST-10', 'fr', '[ST-10] THE THREE CAPTAINS')
ON CONFLICT DO NOTHING;

INSERT INTO UT_CARD (ID, TYPE_ID, ATTRIBUTE_ID, COST, POWER, LIFE, COUNTER)
VALUES ('ST10-001', 0, 4, NULL, 5000, 4, NULL),
       ('ST10-002', 0, 0, NULL, 6000, 3, NULL),
       ('ST10-003', 0, 2, NULL, 5000, 5, NULL),
       ('ST10-004', 1, 0, 6, 6000, NULL, 1000),
       ('ST10-005', 1, 0, 2, 2000, NULL, 2000),
       ('ST10-006', 1, 0, 10, 11000, NULL, NULL),
       ('ST10-007', 1, 4, 5, 6000, NULL, 1000),
       ('ST10-008', 1, 1, 4, 5000, NULL, 2000),
       ('ST10-009', 1, 0, 4, 5000, NULL, 1000),
       ('ST10-010', 1, 4, 4, 5000, NULL, 1000),
       ('ST10-011', 1, 2, 3, 4000, NULL, 1000),
       ('ST10-012', 1, 0, 4, 5000, NULL, 1000),
       ('ST10-013', 1, 2, 7, 8000, NULL, NULL),
       ('ST10-014', 1, 4, 3, 3000, NULL, 1000),
       ('ST10-015', 3, NULL, 1, NULL, NULL, NULL),
       ('ST10-016', 3, NULL, 5, NULL, NULL, NULL),
       ('ST10-017', 3, NULL, 3, NULL, NULL, NULL)
ON CONFLICT DO NOTHING;

INSERT INTO UT_CARD_IMAGE (CARD_ID, NAME, RARITY_ID, PRODUCT_ID)
VALUES ('OP01-016', 'OP01-016_p3.png', 5, 'ST-10'),
       ('OP01-025', 'OP01-025_p2.png', 3, 'ST-10'),
       ('ST10-001', 'ST10-001.png', 0, 'ST-10'),
       ('ST10-002', 'ST10-002.png', 0, 'ST-10'),
       ('ST10-003', 'ST10-003.png', 0, 'ST-10'),
       ('ST10-004', 'ST10-004.png', 1, 'ST-10'),
       ('ST10-005', 'ST10-005.png', 1, 'ST-10'),
       ('ST10-006', 'ST10-006.png', 3, 'ST-10'),
       ('ST10-007', 'ST10-007.png', 1, 'ST-10'),
       ('ST10-008', 'ST10-008.png', 1, 'ST-10'),
       ('ST10-009', 'ST10-009.png', 1, 'ST-10'),
       ('ST10-010', 'ST10-010.png', 3, 'ST-10'),
       ('ST10-011', 'ST10-011.png', 1, 'ST-10'),
       ('ST10-012', 'ST10-012.png', 1, 'ST-10'),
       ('ST10-013', 'ST10-013.png', 3, 'ST-10'),
       ('ST10-014', 'ST10-014.png', 1, 'ST-10'),
       ('ST10-015', 'ST10-015.png', 1, 'ST-10'),
       ('ST10-016', 'ST10-016.png', 1, 'ST-10'),
       ('ST10-017', 'ST10-017.png', 1, 'ST-10')
ON CONFLICT DO NOTHING;

INSERT INTO UT_CARD_COLOR (COLOR_ID, CARD_ID)
VALUES (0, 'ST10-001'),
       (3, 'ST10-001'),
       (0, 'ST10-002'),
       (3, 'ST10-002'),
       (0, 'ST10-003'),
       (3, 'ST10-003'),
       (0, 'ST10-004'),
       (0, 'ST10-005'),
       (0, 'ST10-006'),
       (3, 'ST10-007'),
       (3, 'ST10-008'),
       (3, 'ST10-009'),
       (3, 'ST10-010'),
       (3, 'ST10-011'),
       (3, 'ST10-012'),
       (3, 'ST10-013'),
       (3, 'ST10-014'),
       (0, 'ST10-015'),
       (0, 'ST10-016'),
       (3, 'ST10-017')
ON CONFLICT DO NOTHING;

INSERT INTO UT_CARD_TAG (TAG_ID, CARD_ID)
VALUES (11, 'ST10-001'),
       (0, 'ST10-002'),
       (5, 'ST10-003'),
       (0, 'ST10-004'),
       (4, 'ST10-005'),
       (0, 'ST10-005'),
       (0, 'ST10-006'),
       (5, 'ST10-007'),
       (11, 'ST10-008'),
       (11, 'ST10-009'),
       (11, 'ST10-010'),
       (5, 'ST10-011'),
       (13, 'ST10-012'),
       (11, 'ST10-012'),
       (5, 'ST10-013'),
       (5, 'ST10-014'),
       (0, 'ST10-015'),
       (0, 'ST10-016'),
       (5, 'ST10-017')
ON CONFLICT DO NOTHING;

INSERT INTO UT_CARD_DESCRIPTION (CARD_ID, LANGUAGE_CODE, NAME, EFFECT)
VALUES ('ST10-001', 'en', 'Trafalgar Law',
        '[Activate: Main] [Once Per Turn] DON!! −3 (You may return the specified number of DON!! cards from your field to your DON!! deck.): Place up to 1 of your opponent''s Characters with 3000 power or less at the bottom of the owner''s deck, and play up to 1 Character card with a cost of 4 or less from your hand.'),
       ('ST10-001', 'fr', 'Trafalgar Law',
        '[Activate: Main] [Once Per Turn] DON!! −3 (You may return the specified number of DON!! cards from your field to your DON!! deck.): Place up to 1 of your opponent''s Characters with 3000 power or less at the bottom of the owner''s deck, and play up to 1 Character card with a cost of 4 or less from your hand.'),
       ('ST10-002', 'en', 'Monkey.D.Luffy',
        '[Activate: Main] [Once Per Turn] If you have 0 DON!! cards on your field or 8 or more DON!! cards on your field, add up to 1 DON!! card from your DON!! deck and set it as active.'),
       ('ST10-002', 'fr', 'Monkey.D.Luffy',
        '[Activate: Main] [Once Per Turn] If you have 0 DON!! cards on your field or 8 or more DON!! cards on your field, add up to 1 DON!! card from your DON!! deck and set it as active.'),
       ('ST10-003', 'en', 'Eustass"Captain"Kid',
        '[Your Turn] If you have 4 or more Life cards, give this Leader −1000 power. \n [When Attacking] DON!! −1 (You may return the specified number of DON!! cards from your field to your DON!! deck.): This Leader gains +2000 power during this turn.'),
       ('ST10-003', 'fr', 'Eustass"Captain"Kid',
        '[Your Turn] If you have 4 or more Life cards, give this Leader −1000 power. \n [When Attacking] DON!! −1 (You may return the specified number of DON!! cards from your field to your DON!! deck.): This Leader gains +2000 power during this turn.'),
       ('ST10-004', 'en', 'Sanji',
        '[On Play] If your opponent has a Character with 5000 or more power, this Character gains [Rush] during this turn. \n (This card can attack on the turn in which it is played.)'),
       ('ST10-004', 'fr', 'Sanji',
        '[On Play] If your opponent has a Character with 5000 or more power, this Character gains [Rush] during this turn. \n (This card can attack on the turn in which it is played.)'),
       ('ST10-005', 'en', 'Jinbe',
        '[DON!! x1] [When Attacking] Give up to 1 of your opponent''s Characters −2000 power during this turn.'),
       ('ST10-005', 'fr', 'Jinbe',
        '[DON!! x1] [When Attacking] Give up to 1 of your opponent''s Characters −2000 power during this turn.'),
       ('ST10-006', 'en', 'Monkey.D.Luffy',
        '[Rush] (This card can attack on the turn in which it is played.) \n [Once Per Turn] When your opponent activates a [Blocker], K.O. up to 1 of your opponent''s Characters with 8000 power or less.'),
       ('ST10-006', 'fr', 'Monkey.D.Luffy',
        '[Rush] (This card can attack on the turn in which it is played.) \n [Once Per Turn] When your opponent activates a [Blocker], K.O. up to 1 of your opponent''s Characters with 8000 power or less.'),
       ('ST10-007', 'en', 'Killer',
        '[Your Turn] [Once Per Turn] When a DON!! card on your field is returned to your DON!! deck, K.O. up to 1 of your opponent''s rested Characters with a cost of 3 or less.'),
       ('ST10-007', 'fr', 'Killer',
        '[Your Turn] [Once Per Turn] When a DON!! card on your field is returned to your DON!! deck, K.O. up to 1 of your opponent''s rested Characters with a cost of 3 or less.'),
       ('ST10-008', 'en', 'Shachi & Penguin',
        '[On Play] If you have 3 or less DON!! cards on your field, add up to 2 DON!! cards from your DON!! deck and rest them.'),
       ('ST10-008', 'fr', 'Shachi & Penguin',
        '[On Play] If you have 3 or less DON!! cards on your field, add up to 2 DON!! cards from your DON!! deck and rest them.'),
       ('ST10-009', 'en', 'Jean Bart',
        '[On Play] ➀ (You may rest the specified number of DON!! cards in your cost area.): Add up to 1 DON!! card from your DON!! deck and set it as active.'),
       ('ST10-009', 'fr', 'Jean Bart',
        '[On Play] ➀ (You may rest the specified number of DON!! cards in your cost area.): Add up to 1 DON!! card from your DON!! deck and set it as active.'),
       ('ST10-010', 'en', 'Trafalgar Law',
        '[Blocker] (After your opponent declares an attack, you may rest this card to make it the new target of the attack.) \n [On Play] DON!! −1 (You may return the specified number of DON!! cards from your field to your DON!! deck.): If your opponent has 7 or more cards in their hand, trash 2 cards from your opponent''s hand.'),
       ('ST10-010', 'fr', 'Trafalgar Law',
        '[Blocker] (After your opponent declares an attack, you may rest this card to make it the new target of the attack.) \n [On Play] DON!! −1 (You may return the specified number of DON!! cards from your field to your DON!! deck.): If your opponent has 7 or more cards in their hand, trash 2 cards from your opponent''s hand.'),
       ('ST10-011', 'en', 'Heat',
        '[Your Turn] [Once Per Turn] When a DON!! card on your field is returned to your DON!! deck, this Character gains +2000 power until the start of your next turn.'),
       ('ST10-011', 'fr', 'Heat',
        '[Your Turn] [Once Per Turn] When a DON!! card on your field is returned to your DON!! deck, this Character gains +2000 power until the start of your next turn.'),
       ('ST10-012', 'en', 'Bepo',
        '[On Play]/[When Attacking] If your opponent has more DON!! cards on their field than you, add up to 1 DON!! card from your DON!! deck and rest it.'),
       ('ST10-012', 'fr', 'Bepo',
        '[On Play]/[When Attacking] If your opponent has more DON!! cards on their field than you, add up to 1 DON!! card from your DON!! deck and rest it.'),
       ('ST10-013', 'en', 'Eustass"Captain"Kid',
        '[On Play]/[When Attacking] DON!! −1 (You may return the specified number of DON!! cards from your field to your DON!! deck.): Up to 1 of your Leader gains +1000 power until the start of your next turn.'),
       ('ST10-013', 'fr', 'Eustass"Captain"Kid',
        '[On Play]/[When Attacking] DON!! −1 (You may return the specified number of DON!! cards from your field to your DON!! deck.): Up to 1 of your Leader gains +1000 power until the start of your next turn.'),
       ('ST10-014', 'en', 'Wire',
        '[Blocker] (After your opponent declares an attack, you may rest this card to make it the new target of the attack.) \n [Once Per Turn] When a DON!! card on your field is returned to your DON!! deck, draw 1 card and trash 1 card from your hand.'),
       ('ST10-014', 'fr', 'Wire',
        '[Blocker] (After your opponent declares an attack, you may rest this card to make it the new target of the attack.) \n [Once Per Turn] When a DON!! card on your field is returned to your DON!! deck, draw 1 card and trash 1 card from your hand.'),
       ('ST10-015', 'en', 'Gum-Gum Giant Sumo Slap',
        '[Counter] Up to 1 of your Leader or Character cards gains +2000 power during this battle, and K.O. up to 1 of your opponent''s Characters with 2000 power or less.'),
       ('ST10-015', 'fr', 'Gum-Gum Giant Sumo Slap',
        '[Counter] Up to 1 of your Leader or Character cards gains +2000 power during this battle, and K.O. up to 1 of your opponent''s Characters with 2000 power or less.'),
       ('ST10-016', 'en', 'Gum-Gum Kong Gatling',
        '[Main] K.O. up to 1 of your opponent''s Characters with 7000 power or less. \n [Trigger] Up to 1 of your Leader gains +1000 power until the end of your next turn.'),
       ('ST10-016', 'fr', 'Gum-Gum Kong Gatling',
        '[Main] K.O. up to 1 of your opponent''s Characters with 7000 power or less. \n [Trigger] Up to 1 of your Leader gains +1000 power until the end of your next turn.'),
       ('ST10-017', 'en', 'Punk Vise',
        '[Main] Rest up to 1 of your opponent''s Characters with a cost of 2 or less, and add up to 1 DON!! card from your DON!! deck and rest it. \n [Trigger] Add up to 1 DON!! card from your DON!! deck and set it as active.'),
       ('ST10-017', 'fr', 'Punk Vise',
        '[Main] Rest up to 1 of your opponent''s Characters with a cost of 2 or less, and add up to 1 DON!! card from your DON!! deck and rest it. \n [Trigger] Add up to 1 DON!! card from your DON!! deck and set it as active.')
ON CONFLICT DO NOTHING;


