INSERT INTO UT_PRODUCT(ID, RELEASE_DATE)
VALUES ('ST-02', '2022-12-01')
ON CONFLICT DO NOTHING;

INSERT INTO UT_PRODUCT_DESCRIPTION (PRODUCT_ID, LANGUAGE_CODE, NAME)
VALUES ('ST-02', 'en', 'Worst Generation [ST-02]'),
       ('ST-02', 'fr', 'Génération terrible [ST-02]')
ON CONFLICT DO NOTHING;

INSERT INTO UT_CARD (ID, TYPE_ID, ATTRIBUTE_ID, COST, POWER, LIFE, COUNTER)
VALUES ('ST02-001', 0, 2, NULL, 5000, 5, NULL),
       ('ST02-002', 1, 1, 3, 5000, NULL, 1000),
       ('ST02-003', 1, 0, 2, 3000, NULL, 1000),
       ('ST02-004', 1, 2, 1, 1000, NULL, NULL),
       ('ST02-005', 1, 4, 3, 3000, NULL, 1000),
       ('ST02-006', 1, 0, 4, 6000, NULL, 1000),
       ('ST02-007', 1, 2, 1, 1000, NULL, 1000),
       ('ST02-008', 1, 1, 2, 3000, NULL, 2000),
       ('ST02-009', 1, 4, 5, 6000, NULL, 1000),
       ('ST02-010', 1, 4, 5, 6000, NULL, NULL),
       ('ST02-011', 1, 2, 2, 4000, NULL, 1000),
       ('ST02-012', 1, 0, 1, 3000, NULL, 1000),
       ('ST02-013', 1, 2, 7, 7000, NULL, NULL),
       ('ST02-014', 1, 4, 4, 5000, NULL, 1000),
       ('ST02-015', 3, NULL, 1, NULL, NULL, NULL),
       ('ST02-016', 3, NULL, 2, NULL, NULL, NULL),
       ('ST02-017', 3, NULL, 2, NULL, NULL, NULL)
ON CONFLICT DO NOTHING;

INSERT INTO UT_CARD_IMAGE (CARD_ID, NAME, RARITY_ID, PRODUCT_ID)
VALUES ('ST02-001', 'ST02-001.png', 0, 'ST-02'),
       ('ST02-002', 'ST02-002.png', 1, 'ST-02'),
       ('ST02-003', 'ST02-003.png', 1, 'ST-02'),
       ('ST02-004', 'ST02-004.png', 1, 'ST-02'),
       ('ST02-005', 'ST02-005.png', 1, 'ST-02'),
       ('ST02-006', 'ST02-006.png', 1, 'ST-02'),
       ('ST02-007', 'ST02-007.png', 1, 'ST-02'),
       ('ST02-008', 'ST02-008.png', 1, 'ST-02'),
       ('ST02-009', 'ST02-009.png', 3, 'ST-02'),
       ('ST02-010', 'ST02-010.png', 1, 'ST-02'),
       ('ST02-011', 'ST02-011.png', 1, 'ST-02'),
       ('ST02-012', 'ST02-012.png', 1, 'ST-02'),
       ('ST02-013', 'ST02-013.png', 3, 'ST-02'),
       ('ST02-014', 'ST02-014.png', 1, 'ST-02'),
       ('ST02-015', 'ST02-015.png', 1, 'ST-02'),
       ('ST02-016', 'ST02-016.png', 1, 'ST-02'),
       ('ST02-017', 'ST02-017.png', 1, 'ST-02')
ON CONFLICT DO NOTHING;

INSERT INTO UT_CARD_IMAGE (CARD_ID, NAME)
VALUES ('ST02-001', 'ST02-001.png'),
       ('ST02-002', 'ST02-002.png'),
       ('ST02-003', 'ST02-003.png'),
       ('ST02-004', 'ST02-004.png'),
       ('ST02-005', 'ST02-005.png'),
       ('ST02-006', 'ST02-006.png'),
       ('ST02-007', 'ST02-007.png'),
       ('ST02-008', 'ST02-008.png'),
       ('ST02-009', 'ST02-009.png'),
       ('ST02-010', 'ST02-010.png'),
       ('ST02-011', 'ST02-011.png'),
       ('ST02-012', 'ST02-012.png'),
       ('ST02-013', 'ST02-013.png'),
       ('ST02-014', 'ST02-014.png'),
       ('ST02-015', 'ST02-015.png'),
       ('ST02-016', 'ST02-016.png'),
       ('ST02-017', 'ST02-017.png')
ON CONFLICT DO NOTHING;

INSERT INTO UT_CARD_COLOR (COLOR_ID, CARD_ID)
VALUES (1, 'ST02-001'),
       (1, 'ST02-002'),
       (1, 'ST02-003'),
       (1, 'ST02-004'),
       (1, 'ST02-005'),
       (1, 'ST02-006'),
       (1, 'ST02-007'),
       (1, 'ST02-008'),
       (1, 'ST02-009'),
       (1, 'ST02-010'),
       (1, 'ST02-011'),
       (1, 'ST02-012'),
       (1, 'ST02-013'),
       (1, 'ST02-014'),
       (1, 'ST02-015'),
       (1, 'ST02-016'),
       (1, 'ST02-017')
ON CONFLICT DO NOTHING;

INSERT INTO UT_CARD_TAG (TAG_ID, CARD_ID)
VALUES (1, 'ST02-001'),
       (5, 'ST02-001'),
       (6, 'ST02-002'),
       (1, 'ST02-003'),
       (7, 'ST02-003'),
       (1, 'ST02-004'),
       (6, 'ST02-004'),
       (1, 'ST02-005'),
       (5, 'ST02-005'),
       (8, 'ST02-006'),
       (1, 'ST02-007'),
       (9, 'ST02-007'),
       (1, 'ST02-008'),
       (10, 'ST02-008'),
       (1, 'ST02-009'),
       (11, 'ST02-009'),
       (1, 'ST02-010'),
       (12, 'ST02-010'),
       (5, 'ST02-011'),
       (13, 'ST02-012'),
       (11, 'ST02-012'),
       (1, 'ST02-013'),
       (5, 'ST02-013'),
       (1, 'ST02-014'),
       (8, 'ST02-014'),
       (14, 'ST02-014'),
       (1, 'ST02-015'),
       (11, 'ST02-015'),
       (1, 'ST02-016'),
       (5, 'ST02-016'),
       (1, 'ST02-017'),
       (12, 'ST02-017')
ON CONFLICT DO NOTHING;

INSERT INTO UT_CARD_DESCRIPTION (CARD_ID, LANGUAGE_CODE, NAME, EFFECT)
VALUES ('ST02-001', 'en', 'Eustass "Captain" Kid',
        '[Activate: Main] [Once Per Turn] (3)(You may rest the specified number of DON!! cards in your cost area.): You may trash 1 card from your hand: Set this Leader as active.'),
       ('ST02-001', 'fr', 'Eustass "Captain" Kid',
        '[Activate: Main] [Once Per Turn] (3)(You may rest the specified number of DON!! cards in your cost area.): You may trash 1 card from your hand: Set this Leader as active.'),
       ('ST02-002', 'en', 'Vito', NULL),
       ('ST02-002', 'fr', 'Vito', NULL),
       ('ST02-003', 'en', 'Urouge', '[DON!! x1] If you have 3 or more Characters, this card gains +2000 power.'),
       ('ST02-003', 'fr', 'Urouge', '[DON!! x1] If you have 3 or more Characters, this card gains +2000 power.'),
       ('ST02-004', 'en', 'Capone "Gang" Bege',
        '[Blocker] (After your opponent declares an attack, you may rest this card to make it the new target of the attack.)'),
       ('ST02-004', 'fr', 'Capone "Gang" Bege',
        '[Blocker] (After your opponent declares an attack, you may rest this card to make it the new target of the attack.)'),
       ('ST02-005', 'en', 'Killer',
        '[On Play] K.O. 1 of your opponent''s rested Characters with a cost of 3 or less. \n [Trigger] Play this card.'),
       ('ST02-005', 'fr', 'Killer',
        '[On Play] K.O. 1 of your opponent''s rested Characters with a cost of 3 or less. \n [Trigger] Play this card.'),
       ('ST02-006', 'en', 'Koby', NULL),
       ('ST02-006', 'fr', 'Koby', NULL),
       ('ST02-007', 'en', 'Jewelry Bonney',
        '[Activate: Main] (1)(You may rest the specified number of DON!! cards in your cost area.) You may rest this card: Look at up to 5 cards from the top of your deck; reveal 1 {Supernovas} type card and add it to your hand. Then, place the rest at the bottom of your deck in any order.'),
       ('ST02-007', 'fr', 'Jewelry Bonney',
        '[Activate: Main] (1)(You may rest the specified number of DON!! cards in your cost area.) You may rest this card: Look at up to 5 cards from the top of your deck; reveal 1 {Supernovas} type card and add it to your hand. Then, place the rest at the bottom of your deck in any order.'),
       ('ST02-008', 'en', 'Scratchmen Apoo', '[DON!! x1] [When Attacking] Rest 1 of your opponent''s DON!! cards.'),
       ('ST02-008', 'fr', 'Scratchmen Apoo', '[DON!! x1] [When Attacking] Rest 1 of your opponent''s DON!! cards.'),
       ('ST02-009', 'en', 'Trafalgar Law',
        '[On Play] Set 1 of your {Supernovas} or {Heart Pirates} type rested Characters with a cost of 5 or less as active.'),
       ('ST02-009', 'fr', 'Trafalgar Law',
        '[On Play] Set 1 of your {Supernovas} or {Heart Pirates} type rested Characters with a cost of 5 or less as active.'),
       ('ST02-010', 'en', 'Basil Hawkins',
        '[DON!! x1] [Once Per Turn] [Your Turn] If this Character battles your opponent''s Character, set this card as active.'),
       ('ST02-010', 'fr', 'Basil Hawkins',
        '[DON!! x1] [Once Per Turn] [Your Turn] If this Character battles your opponent''s Character, set this card as active.'),
       ('ST02-011', 'en', 'Heat', NULL),
       ('ST02-011', 'fr', 'Heat', NULL),
       ('ST02-012', 'en', 'Bepo', NULL),
       ('ST02-012', 'fr', 'Bepo', NULL),
       ('ST02-013', 'en', 'Eustass "Captain" Kid',
        '[Blocker] (After your opponent declares an attack, you may rest this card to make it the new target of the attack.) \n [DON!! x1] [End of Your Turn] Set this card as active.'),
       ('ST02-013', 'fr', 'Eustass "Captain" Kid',
        '[Blocker] (After your opponent declares an attack, you may rest this card to make it the new target of the attack.) \n [DON!! x1] [End of Your Turn] Set this card as active.'),
       ('ST02-014', 'en', 'X.Drake',
        '[DON!! x1] [Your Turn] If this Character is rested, your {Supernovas} or {Navy} type Leaders and Characters gain +1000 power.'),
       ('ST02-014', 'fr', 'X.Drake',
        '[DON!! x1] [Your Turn] If this Character is rested, your {Supernovas} or {Navy} type Leaders and Characters gain +1000 power.'),
       ('ST02-015', 'en', 'Scalpel',
        '[Counter] Your Leader or 1 of your Characters gains +2000 power during this battle. Then, set 1 of your DON!! cards as active. \n [Trigger] Set up to 2 of your DON!! cards as active.'),
       ('ST02-015', 'fr', 'Scalpel',
        '[Counter] Your Leader or 1 of your Characters gains +2000 power during this battle. Then, set 1 of your DON!! cards as active. \n [Trigger] Set up to 2 of your DON!! cards as active.'),
       ('ST02-016', 'en', 'Repel',
        '[Counter] Your Leader or 1 of your Characters gains +4000 power during this battle. Then, set 1 of your DON!! cards as active.'),
       ('ST02-016', 'fr', 'Repel',
        '[Counter] Your Leader or 1 of your Characters gains +4000 power during this battle. Then, set 1 of your DON!! cards as active.'),
       ('ST02-017', 'en', 'Straw Sword',
        '[Main] Rest 1 of your opponent''s Characters. \n [Trigger] Play 1 {Supernovas} type card with a cost of 2 or less from your hand.'),
       ('ST02-017', 'fr', 'Straw Sword',
        '[Main] Rest 1 of your opponent''s Characters. \n [Trigger] Play 1 {Supernovas} type card with a cost of 2 or less from your hand.')
ON CONFLICT DO NOTHING;
