INSERT INTO UT_PRODUCT(ID, RELEASE_DATE)
VALUES ('ST-01', '2022-12-01')
ON CONFLICT DO NOTHING;

INSERT INTO UT_PRODUCT_DESCRIPTION (PRODUCT_ID, LANGUAGE_CODE, NAME)
VALUES ('ST-01', 'en', 'Straw Hat Crew [ST-01]'),
       ('ST-01', 'fr', 'Equipage du chapeau de paille [ST-01]')
ON CONFLICT DO NOTHING;

INSERT INTO UT_CARD (ID, TYPE_ID, ATTRIBUTE_ID, COST, POWER, LIFE, COUNTER)
VALUES ('ST01-001', 0, 0, NULL, 5000, 5, NULL),
       ('ST01-002', 1, 1, 2, 2000, NULL, 1000),
       ('ST01-003', 1, 0, 1, 3000, NULL, 1000),
       ('ST01-004', 1, 0, 2, 4000, NULL, NULL),
       ('ST01-005', 1, 0, 3, 5000, NULL, NULL),
       ('ST01-006', 1, 0, 1, 1000, NULL, NULL),
       ('ST01-007', 1, 2, 1, 1000, NULL, 1000),
       ('ST01-008', 1, 3, 3, 5000, NULL, 1000),
       ('ST01-009', 1, 4, 2, 4000, NULL, 1000),
       ('ST01-010', 1, 0, 4, 6000, NULL, 1000),
       ('ST01-011', 1, 4, 2, 3000, NULL, 2000),
       ('ST01-012', 1, 0, 5, 6000, NULL, NULL),
       ('ST01-013', 1, 4, 3, 5000, NULL, NULL),
       ('ST01-014', 3, NULL, 1, NULL, NULL, NULL),
       ('ST01-015', 3, NULL, 4, NULL, NULL, NULL),
       ('ST01-016', 3, NULL, 1, NULL, NULL, NULL),
       ('ST01-017', 2, NULL, 2, NULL, NULL, NULL)
ON CONFLICT DO NOTHING;

INSERT INTO UT_CARD_IMAGE (CARD_ID, NAME, RARITY_ID, PRODUCT_ID)
VALUES ('ST01-001', 'ST01-001.png', 0, 'ST-01'),
       ('ST01-002', 'ST01-002.png', 1, 'ST-01'),
       ('ST01-003', 'ST01-003.png', 1, 'ST-01'),
       ('ST01-004', 'ST01-004.png', 1, 'ST-01'),
       ('ST01-005', 'ST01-005.png', 1, 'ST-01'),
       ('ST01-006', 'ST01-006.png', 1, 'ST-01'),
       ('ST01-007', 'ST01-007.png', 1, 'ST-01'),
       ('ST01-008', 'ST01-008.png', 1, 'ST-01'),
       ('ST01-009', 'ST01-009.png', 1, 'ST-01'),
       ('ST01-010', 'ST01-010.png', 1, 'ST-01'),
       ('ST01-011', 'ST01-011.png', 1, 'ST-01'),
       ('ST01-012', 'ST01-012.png', 3, 'ST-01'),
       ('ST01-013', 'ST01-013.png', 3, 'ST-01'),
       ('ST01-014', 'ST01-014.png', 1, 'ST-01'),
       ('ST01-015', 'ST01-015.png', 1, 'ST-01'),
       ('ST01-016', 'ST01-016.png', 1, 'ST-01'),
       ('ST01-017', 'ST01-017.png', 1, 'ST-01')
ON CONFLICT DO NOTHING;

INSERT INTO UT_CARD_IMAGE (CARD_ID, NAME)
VALUES ('ST01-001', 'ST01-001.png'),
       ('ST01-002', 'ST01-002.png'),
       ('ST01-003', 'ST01-003.png'),
       ('ST01-004', 'ST01-004.png'),
       ('ST01-005', 'ST01-005.png'),
       ('ST01-006', 'ST01-006.png'),
       ('ST01-007', 'ST01-007.png'),
       ('ST01-008', 'ST01-008.png'),
       ('ST01-009', 'ST01-009.png'),
       ('ST01-010', 'ST01-010.png'),
       ('ST01-011', 'ST01-011.png'),
       ('ST01-012', 'ST01-012.png'),
       ('ST01-013', 'ST01-013.png'),
       ('ST01-014', 'ST01-014.png'),
       ('ST01-015', 'ST01-015.png'),
       ('ST01-016', 'ST01-016.png'),
       ('ST01-017', 'ST01-017.png')
ON CONFLICT DO NOTHING;

INSERT INTO UT_CARD_COLOR (COLOR_ID, CARD_ID)
VALUES (0, 'ST01-001'),
       (0, 'ST01-002'),
       (0, 'ST01-003'),
       (0, 'ST01-004'),
       (0, 'ST01-005'),
       (0, 'ST01-006'),
       (0, 'ST01-007'),
       (0, 'ST01-008'),
       (0, 'ST01-009'),
       (0, 'ST01-010'),
       (0, 'ST01-011'),
       (0, 'ST01-012'),
       (0, 'ST01-013'),
       (0, 'ST01-014'),
       (0, 'ST01-015'),
       (0, 'ST01-016'),
       (0, 'ST01-017')
ON CONFLICT DO NOTHING;

INSERT INTO UT_CARD_TAG (TAG_ID, CARD_ID)
VALUES (0, 'ST01-001'),
       (1, 'ST01-001'),
       (0, 'ST01-002'),
       (2, 'ST01-003'),
       (3, 'ST01-003'),
       (0, 'ST01-004'),
       (0, 'ST01-005'),
       (4, 'ST01-005'),
       (0, 'ST01-006'),
       (2, 'ST01-006'),
       (0, 'ST01-007'),
       (0, 'ST01-008'),
       (3, 'ST01-009'),
       (0, 'ST01-010'),
       (0, 'ST01-011'),
       (0, 'ST01-012'),
       (1, 'ST01-012'),
       (0, 'ST01-013'),
       (1, 'ST01-013')
ON CONFLICT DO NOTHING;

INSERT INTO UT_CARD_DESCRIPTION (CARD_ID, LANGUAGE_CODE, NAME, EFFECT)
VALUES ('ST01-001', 'en', 'Monkey D.Luffy',
        '[Activate: Main] [Once Per Turn] Give this Leader or 1 of your Characters 1 rested DON!! card.'),
       ('ST01-001', 'fr', 'Monkey D.Luffy',
        '[Activate: Main] [Once Per Turn] Give this Leader or 1 of your Characters 1 rested DON!! card.'),
       ('ST01-002', 'en', 'Usopp',
        '[DON!! x2] [When Attacking] Your opponent cannot activate a [Blocker] Character that has 5000 or more power during this battle. \n [Trigger] Play this card.'),
       ('ST01-002', 'fr', 'Usopp',
        '[DON!! x2] [When Attacking] Your opponent cannot activate a [Blocker] Character that has 5000 or more power during this battle. \n [Trigger] Play this card.'),
       ('ST01-003', 'en', 'Karoo', NULL),
       ('ST01-003', 'fr', 'Karoo', NULL),
       ('ST01-004', 'en', 'Sanji',
        '[DON!! x2] This Character gains [Rush]. \n (This card can attack on the turn in which it is played.)'),
       ('ST01-004', 'fr', 'Sanji',
        '[DON!! x2] This Character gains [Rush]. \n (This card can attack on the turn in which it is played.)'),
       ('ST01-005', 'en', 'Jinbe',
        '[DON!! x1] [When Attacking] Your Leader or 1 of your Characters other than this card gains +1000 power during this turn.'),
       ('ST01-005', 'fr', 'Jinbe',
        '[DON!! x1] [When Attacking] Your Leader or 1 of your Characters other than this card gains +1000 power during this turn.'),
       ('ST01-006', 'en', 'Tony Tony Chopper',
        '[Blocker] (After your opponent declares an attack, you may rest this card to make it the new target of the attack.)'),
       ('ST01-006', 'fr', 'Tony Tony Chopper',
        '[Blocker] (After your opponent declares an attack, you may rest this card to make it the new target of the attack.)'),
       ('ST01-007', 'en', 'Nami',
        '[Activate: Main] [Once Per Turn] Give 1 rested DON!! card to your Leader or 1 of your Characters.'),
       ('ST01-007', 'fr', 'Nami',
        '[Activate: Main] [Once Per Turn] Give 1 rested DON!! card to your Leader or 1 of your Characters.'),
       ('ST01-008', 'en', 'Nico Robin', NULL),
       ('ST01-008', 'fr', 'Nico Robin', NULL),
       ('ST01-009', 'en', 'Nefeltari Vivi', NULL),
       ('ST01-009', 'fr', 'Nefertari Vivi', NULL),
       ('ST01-010', 'en', 'Franky', NULL),
       ('ST01-010', 'fr', 'Franky', NULL),
       ('ST01-011', 'en', 'Brook', '[On Play] Give up to 2 rested DON!! cards to your Leader or 1 of your Characters.'),
       ('ST01-011', 'fr', 'Brook',
        '[On Play] Give up to 2 rested DON!! cards to your Leader or 1 of your Characters.'),
       ('ST01-012', 'en', 'Monkey D.Luffy',
        '[Rush] (This card can attack on the turn in which it is played.) \n [DON!! x2] [When Attacking] Your opponent cannot activate [Blocker] during this battle.'),
       ('ST01-012', 'fr', 'Monkey D.Luffy',
        '[Rush] (This card can attack on the turn in which it is played.) \n [DON!! x2] [When Attacking] Your opponent cannot activate [Blocker] during this battle.'),
       ('ST01-013', 'en', 'Roronoa Zoro', '[DON!! x1] This Character gains +1000 power.'),
       ('ST01-013', 'fr', 'Roronoa Zoro', '[DON!! x1] This Character gains +1000 power.'),
       ('ST01-014', 'en', 'Guard Point',
        '[Counter] Your Leader or 1 of your Characters gains +3000 power during this battle. \n [Trigger] Your Leader or 1 of your Characters gains +1000 power during this turn.'),
       ('ST01-014', 'fr', 'Guard Point',
        '[Counter] Your Leader or 1 of your Characters gains +3000 power during this battle. \n [Trigger] Your Leader or 1 of your Characters gains +1000 power during this turn.'),
       ('ST01-015', 'en', 'Gum-Gum Jet Pistol',
        '[Main] K.O. 1 of your opponent''s Characters with 6000 power or less. \n [Trigger] Activate this card''s [Main] effect.'),
       ('ST01-015', 'fr', 'Gum-Gum Jet Pistol',
        '[Main] K.O. 1 of your opponent''s Characters with 6000 power or less. \n [Trigger] Activate this card''s [Main] effect.'),
       ('ST01-016', 'en', 'Diable Jambe',
        '[Main] Select 1 of your {Straw Hat Crew} type Leader or Character cards. Your opponent cannot activate [Blocker] if that Leader or Character attacks during this turn. \n [Trigger] K.O. 1 of your opponent''s [Blocker] Characters with a cost of 3 or less.'),
       ('ST01-016', 'fr', 'Diable Jambe',
        '[Main] Select 1 of your {Straw Hat Crew} type Leader or Character cards. Your opponent cannot activate [Blocker] if that Leader or Character attacks during this turn. \n [Trigger] K.O. 1 of your opponent''s [Blocker] Characters with a cost of 3 or less.'),
       ('ST01-017', 'en', 'Thousand Sunny',
        '[Activate: Main] You may rest this Stage: 1 {Straw Hat Crew} type Leader or Character card on your field gains +1000 power during this turn.'),
       ('ST01-017', 'fr', 'Thousand Sunny',
        '[Activate: Main] You may rest this Stage: 1 {Straw Hat Crew} type Leader or Character card on your field gains +1000 power during this turn.')
ON CONFLICT DO NOTHING;
