INSERT INTO UT_PRODUCT(ID, RELEASE_DATE)
VALUES ('ST-04', '2022-12-01')
ON CONFLICT DO NOTHING;

INSERT INTO UT_PRODUCT_DESCRIPTION (PRODUCT_ID, LANGUAGE_CODE, NAME)
VALUES ('ST-04', 'en', 'Animal Kingdom Pirates [ST-04]'),
       ('ST-04', 'fr', 'L''Équipage aux Cent Bêtes [ST-04]')
ON CONFLICT DO NOTHING;

INSERT INTO UT_CARD (ID, TYPE_ID, ATTRIBUTE_ID, COST, POWER, LIFE, COUNTER)
VALUES ('ST04-001', 0, 0, NULL, 5000, 5, NULL),
       ('ST04-002', 1, 0, 4, 5000, NULL, 2000),
       ('ST04-003', 1, 0, 9, 10000, NULL, NULL),
       ('ST04-004', 1, 2, 6, 7000, NULL, NULL),
       ('ST04-005', 1, 0, 5, 6000, NULL, 1000),
       ('ST04-006', 1, 1, 3, 4000, NULL, 1000),
       ('ST04-007', 1, 4, 2, 4000, NULL, 1000),
       ('ST04-008', 1, 0, 3, 4000, NULL, 1000),
       ('ST04-009', 1, 0, 1, 3000, NULL, 1000),
       ('ST04-010', 1, 4, 3, 3000, NULL, NULL),
       ('ST04-011', 1, 2, 2, 2000, NULL, 1000),
       ('ST04-012', 1, 0, 4, 6000, NULL, 1000),
       ('ST04-013', 1, 4, 3, 5000, NULL, 1000),
       ('ST04-014', 3, NULL, 4, NULL, NULL, NULL),
       ('ST04-015', 3, NULL, 6, NULL, NULL, NULL),
       ('ST04-016', 3, NULL, 1, NULL, NULL, NULL),
       ('ST04-017', 2, NULL, 3, NULL, NULL, NULL)
ON CONFLICT DO NOTHING;

INSERT INTO UT_CARD_IMAGE (CARD_ID, NAME, RARITY_ID, PRODUCT_ID)
VALUES ('ST04-001', 'ST04-001.png', 0, 'ST-04'),
       ('ST04-002', 'ST04-002.png', 1, 'ST-04'),
       ('ST04-003', 'ST04-003.png', 3, 'ST-04'),
       ('ST04-004', 'ST04-004.png', 3, 'ST-04'),
       ('ST04-005', 'ST04-005.png', 1, 'ST-04'),
       ('ST04-006', 'ST04-006.png', 1, 'ST-04'),
       ('ST04-007', 'ST04-007.png', 1, 'ST-04'),
       ('ST04-008', 'ST04-008.png', 1, 'ST-04'),
       ('ST04-009', 'ST04-009.png', 1, 'ST-04'),
       ('ST04-010', 'ST04-010.png', 1, 'ST-04'),
       ('ST04-011', 'ST04-011.png', 1, 'ST-04'),
       ('ST04-012', 'ST04-012.png', 1, 'ST-04'),
       ('ST04-013', 'ST04-013.png', 1, 'ST-04'),
       ('ST04-014', 'ST04-014.png', 1, 'ST-04'),
       ('ST04-015', 'ST04-015.png', 1, 'ST-04'),
       ('ST04-016', 'ST04-016.png', 1, 'ST-04'),
       ('ST04-017', 'ST04-017.png', 1, 'ST-04')
ON CONFLICT DO NOTHING;

INSERT INTO UT_CARD_COLOR (COLOR_ID, CARD_ID)
VALUES (3, 'ST04-001'),
       (3, 'ST04-002'),
       (3, 'ST04-003'),
       (3, 'ST04-004'),
       (3, 'ST04-005'),
       (3, 'ST04-006'),
       (3, 'ST04-007'),
       (3, 'ST04-008'),
       (3, 'ST04-009'),
       (3, 'ST04-010'),
       (3, 'ST04-011'),
       (3, 'ST04-012'),
       (3, 'ST04-013'),
       (3, 'ST04-014'),
       (3, 'ST04-015'),
       (3, 'ST04-016'),
       (3, 'ST04-017')
ON CONFLICT DO NOTHING;

INSERT INTO UT_CARD_TAG (TAG_ID, CARD_ID)
VALUES (25, 'ST04-001'),
       (26, 'ST04-001'),
       (26, 'ST04-002'),
       (25, 'ST04-003'),
       (26, 'ST04-003'),
       (26, 'ST04-004'),
       (26, 'ST04-005'),
       (26, 'ST04-006'),
       (26, 'ST04-007'),
       (27, 'ST04-007'),
       (26, 'ST04-008'),
       (26, 'ST04-009'),
       (27, 'ST04-009'),
       (26, 'ST04-010'),
       (26, 'ST04-011'),
       (26, 'ST04-012'),
       (8, 'ST04-013'),
       (23, 'ST04-013'),
       (26, 'ST04-013'),
       (26, 'ST04-014'),
       (26, 'ST04-015'),
       (25, 'ST04-016'),
       (26, 'ST04-016'),
       (26, 'ST04-017')
ON CONFLICT DO NOTHING;

INSERT INTO UT_CARD_DESCRIPTION (CARD_ID, LANGUAGE_CODE, NAME, EFFECT)
VALUES ('ST04-001', 'en', 'Kaido',
        '[Activate: Main] [Once Per Turn] DON!! −7 (You may return the specified number of DON!! cards from your field to your DON!! deck.): Trash 1 of your opponent''s Life cards.'),
       ('ST04-001', 'fr', 'Kaido',
        '[Activate: Main] [Once Per Turn] DON!! −7 (You may return the specified number of DON!! cards from your field to your DON!! deck.): Trash 1 of your opponent''s Life cards.'),
       ('ST04-002', 'en', 'Ulti',
        '[On Play] DON!! −1 (You may return the specified number of DON!! cards from your field to your DON!! deck.): Play 1 Page One card with a cost of 4 or less from your hand.'),
       ('ST04-002', 'fr', 'Ulti',
        '[On Play] DON!! −1 (You may return the specified number of DON!! cards from your field to your DON!! deck.): Play 1 Page One card with a cost of 4 or less from your hand.'),
       ('ST04-003', 'en', 'Kaido',
        '[On Play] DON!! −5 (You may return the specified number of DON!! cards from your field to your DON!! deck.): K.O. 1 of your opponent''s Characters with a cost of 6 or less. This Character gains [Rush] during this turn. (This card can attack on the turn in which it is played.)'),
       ('ST04-003', 'fr', 'Kaido',
        '[On Play] DON!! −5 (You may return the specified number of DON!! cards from your field to your DON!! deck.): K.O. 1 of your opponent''s Characters with a cost of 6 or less. This Character gains [Rush] during this turn. (This card can attack on the turn in which it is played.)'),
       ('ST04-004', 'en', 'King',
        '[On Play] DON!! −1 (You may return the specified number of DON!! cards from your field to your DON!! deck.): K.O. 1 of your opponent''s Characters with a cost of 4 or less.'),
       ('ST04-004', 'fr', 'King',
        '[On Play] DON!! −1 (You may return the specified number of DON!! cards from your field to your DON!! deck.): K.O. 1 of your opponent''s Characters with a cost of 4 or less.'),
       ('ST04-005', 'en', 'Queen',
        '[Blocker] (After your opponent declares an attack, you may rest this card to make it the new target of the attack.) \n [On Play] DON!! −1 (You may return the specified number of DON!! cards from your field to your DON!! deck.): Draw 2 cards and trash 1 card from your hand.'),
       ('ST04-005', 'fr', 'Queen',
        '[Blocker] (After your opponent declares an attack, you may rest this card to make it the new target of the attack.) \n [On Play] DON!! −1 (You may return the specified number of DON!! cards from your field to your DON!! deck.): Draw 2 cards and trash 1 card from your hand.'),
       ('ST04-006', 'en', 'Sasaki',
        '[On Play] DON!! −1 (You may return the specified number of DON!! cards from your field to your DON!! deck.): Draw 1 card.'),
       ('ST04-006', 'fr', 'Sasaki',
        '[On Play] DON!! −1 (You may return the specified number of DON!! cards from your field to your DON!! deck.): Draw 1 card.'),
       ('ST04-007', 'en', 'Sheepshead', NULL),
       ('ST04-007', 'fr', 'Sheepshead', NULL),
       ('ST04-008', 'en', 'Jack',
        '[On Play] You may trash 1 card from your hand: Add 1 card from your DON!! deck and set it as active.'),
       ('ST04-008', 'fr', 'Jack',
        '[On Play] You may trash 1 card from your hand: Add 1 card from your DON!! deck and set it as active.'),
       ('ST04-009', 'en', 'Ginrummy', NULL),
       ('ST04-009', 'fr', 'Ginrummy', NULL),
       ('ST04-010', 'en', 'Who''s Who',
        '[On Play] DON!! −1 (You may return the specified number of DON!! cards from your field to your DON!! deck.): K.O. 1 of your opponent''s Characters with a cost of 3 or less. \n [Trigger] Play this card.'),
       ('ST04-010', 'fr', 'Who''s Who',
        '[On Play] DON!! −1 (You may return the specified number of DON!! cards from your field to your DON!! deck.): K.O. 1 of your opponent''s Characters with a cost of 3 or less. \n [Trigger] Play this card.'),
       ('ST04-011', 'en', 'Black Maria',
        '[Blocker] (After your opponent declares an attack, you may rest this card to make it the new target of the attack.)'),
       ('ST04-011', 'fr', 'Black Maria',
        '[Blocker] (After your opponent declares an attack, you may rest this card to make it the new target of the attack.)'),
       ('ST04-012', 'en', 'Page One', NULL),
       ('ST04-012', 'fr', 'Page One', NULL),
       ('ST04-013', 'en', 'X.Drake', NULL),
       ('ST04-013', 'fr', 'X.Drake', NULL),
       ('ST04-014', 'en', 'Lead Performer "Disaster"',
        '[Main] Draw 1 card, then add 1 card from your DON!! deck and set it as active. \n [Trigger] Activate this card''s [Main] effect.'),
       ('ST04-014', 'fr', 'Les "Calamités"',
        '[Main] Draw 1 card, then add 1 card from your DON!! deck and set it as active. \n [Trigger] Activate this card''s [Main] effect.'),
       ('ST04-015', 'en', 'Brachio Bomber',
        '[Main] K.O. 1 of your opponent''s Characters with a cost 6 or less, then add 1 DON!! card from your DON!! deck and set it as active. and set it as active. \n [Trigger] Add 1 DON!! card from your DON!! Deck and set it as active.'),
       ('ST04-015', 'fr', 'Brachio Bomber',
        '[Main] K.O. 1 of your opponent''s Characters with a cost 6 or less, then add 1 DON!! card from your DON!! deck and set it as active. and set it as active. \n [Trigger] Add 1 DON!! card from your DON!! Deck and set it as active.'),
       ('ST04-016', 'en', 'Blast Breath',
        '[Counter] DON!! −1 (You may return the specified number of DON!! cards from your field to your DON!! deck.): Your Leader or 1 of your Characters gains +4000 power during this battle.'),
       ('ST04-016', 'fr', 'Blast Breath',
        '[Counter] DON!! −1 (You may return the specified number of DON!! cards from your field to your DON!! deck.): Your Leader or 1 of your Characters gains +4000 power during this battle.'),
       ('ST04-017', 'en', 'Onigashima Island',
        '[Activate: Main] You may rest this Stage: If your Leader has the {Animal Kingdom Pirates} type, add 1 DON!! card from your DON!! deck and rest it.'),
       ('ST04-017', 'fr', 'L''île d''Onigashima',
        '[Activate: Main] You may rest this Stage: If your Leader has the {Animal Kingdom Pirates} type, add 1 DON!! card from your DON!! deck and rest it.')
ON CONFLICT DO NOTHING;
