INSERT INTO UT_PRODUCT(ID, RELEASE_DATE)
VALUES ('ST-12', '2023-11-10')
ON CONFLICT DO NOTHING;

INSERT INTO UT_PRODUCT_DESCRIPTION (PRODUCT_ID, LANGUAGE_CODE, NAME)
VALUES ('ST-12', 'en', '[ST-12] ZORO & SANJI'),
       ('ST-12', 'fr', '[ST-12] ZORO & SANJI')
ON CONFLICT DO NOTHING;

INSERT INTO UT_CARD (ID, TYPE_ID, ATTRIBUTE_ID, COST, POWER, LIFE, COUNTER)
VALUES ('ST12-001', 0, 4, NULL, 5000, 4, NULL),
       ('ST12-002', 1, 4, 3, 2000, NULL, 1000),
       ('ST12-003', 1, 4, 3, 4000, NULL, 2000),
       ('ST12-004', 1, 3, 3, 5000, NULL, 1000),
       ('ST12-005', 1, 2, 4, 6000, NULL, 1000),
       ('ST12-006', 1, 4, 2, 3000, NULL, 1000),
       ('ST12-007', 1, 3, 2, NULL, NULL, 2000),
       ('ST12-008', 1, 4, 4, 6000, NULL, NULL),
       ('ST12-009', 1, 0, 1, 3000, NULL, 1000),
       ('ST12-010', 1, 2, 3, 4000, NULL, 1000),
       ('ST12-011', 1, 0, 2, 3000, NULL, NULL),
       ('ST12-012', 1, 3, 2, 2000, NULL, 2000),
       ('ST12-013', 1, 0, 5, 5000, NULL, 1000),
       ('ST12-014', 1, 0, 2, 1000, NULL, 1000),
       ('ST12-015', 1, 4, 2, 4000, NULL, 1000),
       ('ST12-016', 3, NULL, 2, NULL, NULL, NULL),
       ('ST12-017', 3, NULL, 1, NULL, NULL, NULL)
ON CONFLICT DO NOTHING;

INSERT INTO UT_CARD_IMAGE (CARD_ID, NAME, RARITY_ID, PRODUCT_ID)
VALUES ('ST12-001', 'ST12-001.png', 0, 'ST-12'),
       ('ST12-002', 'ST12-002.png', 1, 'ST-12'),
       ('ST12-003', 'ST12-003.png', 3, 'ST-12'),
       ('ST12-004', 'ST12-004.png', 1, 'ST-12'),
       ('ST12-005', 'ST12-005.png', 1, 'ST-12'),
       ('ST12-006', 'ST12-006.png', 1, 'ST-12'),
       ('ST12-007', 'ST12-007.png', 1, 'ST-12'),
       ('ST12-008', 'ST12-008.png', 1, 'ST-12'),
       ('ST12-009', 'ST12-009.png', 1, 'ST-12'),
       ('ST12-010', 'ST12-010.png', 3, 'ST-12'),
       ('ST12-011', 'ST12-011.png', 1, 'ST-12'),
       ('ST12-012', 'ST12-012.png', 1, 'ST-12'),
       ('ST12-013', 'ST12-013.png', 1, 'ST-12'),
       ('ST12-014', 'ST12-014.png', 1, 'ST-12'),
       ('ST12-015', 'ST12-015.png', 1, 'ST-12'),
       ('ST12-016', 'ST12-016.png', 1, 'ST-12'),
       ('ST12-017', 'ST12-017.png', 1, 'ST-12')
ON CONFLICT DO NOTHING;

INSERT INTO UT_CARD_COLOR (COLOR_ID, CARD_ID)
VALUES (1, 'ST12-001'),
       (2, 'ST12-001'),
       (1, 'ST12-002'),
       (1, 'ST12-003'),
       (1, 'ST12-004'),
       (1, 'ST12-005'),
       (1, 'ST12-006'),
       (1, 'ST12-007'),
       (1, 'ST12-008'),
       (2, 'ST12-009'),
       (2, 'ST12-010'),
       (2, 'ST12-011'),
       (2, 'ST12-012'),
       (2, 'ST12-013'),
       (2, 'ST12-014'),
       (2, 'ST12-015'),
       (1, 'ST12-016'),
       (2, 'ST12-017')
ON CONFLICT DO NOTHING;

INSERT INTO UT_CARD_TAG (TAG_ID, CARD_ID)
VALUES (0, 'ST12-001'),
       (103, 'ST12-002'),
       (15, 'ST12-003'),
       (113, 'ST12-003'),
       (2, 'ST12-004'),
       (113, 'ST12-004'),
       (113, 'ST12-005'),
       (17, 'ST12-005'),
       (76, 'ST12-006'),
       (76, 'ST12-007'),
       (0, 'ST12-008'),
       (2, 'ST12-009'),
       (55, 'ST12-010'),
       (20, 'ST12-010'),
       (0, 'ST12-011'),
       (72, 'ST12-012'),
       (76, 'ST12-013'),
       (112, 'ST12-014'),
       (76, 'ST12-015'),
       (0, 'ST12-016'),
       (0, 'ST12-017')
ON CONFLICT DO NOTHING;

INSERT INTO UT_CARD_DESCRIPTION (CARD_ID, LANGUAGE_CODE, NAME, EFFECT)
VALUES ('ST12-001', 'en', 'Roronoa Zoro & Sanji',
        '[DON!! x1] [When Attacking] [Once Per Turn] You may return 1 of your Characters with a cost of 2 or more to the owner''s hand: Set up to 1 of your Characters with 7000 power or less as active.'),
       ('ST12-001', 'fr', 'Roronoa Zoro & Sanji',
        '[DON!! x1] [When Attacking] [Once Per Turn] You may return 1 of your Characters with a cost of 2 or more to the owner''s hand: Set up to 1 of your Characters with 7000 power or less as active.'),
       ('ST12-002', 'en', 'Kuina',
        '[Activate: Main] You may rest this Character: Rest up to 1 of your opponent''s Characters with a cost of 4 or less. \n [Trigger] Play this card.'),
       ('ST12-002', 'fr', 'Kuina',
        '[Activate: Main] You may rest this Character: Rest up to 1 of your opponent''s Characters with a cost of 4 or less. \n [Trigger] Play this card.'),
       ('ST12-003', 'en', 'Dracule Mihawk',
        '[On Play] If you have 2 or less Characters, play up to 1 {Muggy Kingdom} type or <Slash> attribute Character card with a cost of 4 or less other than [Dracule Mihawk] from your hand rested.'),
       ('ST12-003', 'fr', 'Dracule Mihawk',
        '[On Play] If you have 2 or less Characters, play up to 1 {Muggy Kingdom} type or <Slash> attribute Character card with a cost of 4 or less other than [Dracule Mihawk] from your hand rested.'),
       ('ST12-004', 'en', 'Humandrill', NULL),
       ('ST12-004', 'fr', 'Humandrill', NULL),
       ('ST12-005', 'en', 'Perona', NULL),
       ('ST12-005', 'fr', 'Perona', NULL),
       ('ST12-006', 'en', 'Yosaku & Johnny',
        '[DON!! x1] [When Attacking] Choose one: \n • Rest up to 1 of your opponent''s Characters with a cost of 2 or less. \n • K.O. up to 1 of your opponent''s rested Characters with a cost of 2 or less.'),
       ('ST12-006', 'fr', 'Yosaku & Johnny',
        '[DON!! x1] [When Attacking] Choose one: \n • Rest up to 1 of your opponent''s Characters with a cost of 2 or less. \n • K.O. up to 1 of your opponent''s rested Characters with a cost of 2 or less.'),
       ('ST12-007', 'en', 'Rika',
        '[On Play] ➁ (You may rest the specified number of DON!! cards in your cost area.): If your opponent has 3 or more Life cards, set up to 1 of your <Slash> attribute Characters with a cost of 4 or less as active.'),
       ('ST12-007', 'fr', 'Rika',
        '[On Play] ➁ (You may rest the specified number of DON!! cards in your cost area.): If your opponent has 3 or more Life cards, set up to 1 of your <Slash> attribute Characters with a cost of 4 or less as active.'),
       ('ST12-008', 'en', 'Roronoa Zoro',
        '[DON!! x1] [When Attacking] Rest up to 1 of your opponent''s Characters with a cost of 6 or less.'),
       ('ST12-008', 'fr', 'Roronoa Zoro',
        '[DON!! x1] [When Attacking] Rest up to 1 of your opponent''s Characters with a cost of 6 or less.'),
       ('ST12-009', 'en', 'Elephant True Bluefin', NULL),
       ('ST12-009', 'fr', 'Elephant True Bluefin', NULL),
       ('ST12-010', 'en', 'Emporio.Ivankov',
        '[On Play] Reveal 1 card from the top of your deck and play up to 1 Character card with a cost of 2. Then, place the rest at the top or bottom of your deck. \n [When Attacking] [Once Per Turn] Draw 1 card if you have 6 or less cards in your hand.'),
       ('ST12-010', 'fr', 'Emporio.Ivankov',
        '[On Play] Reveal 1 card from the top of your deck and play up to 1 Character card with a cost of 2. Then, place the rest at the top or bottom of your deck. \n [When Attacking] [Once Per Turn] Draw 1 card if you have 6 or less cards in your hand.'),
       ('ST12-011', 'en', 'Sanji',
        '[DON!! x1] [When Attacking] If you have 5 or less cards in your hand, this Character gains +2000 power until the start of your next turn.'),
       ('ST12-011', 'fr', 'Sanji',
        '[DON!! x1] [When Attacking] If you have 5 or less cards in your hand, this Character gains +2000 power until the start of your next turn.'),
       ('ST12-012', 'en', 'Charlotte Pudding', '[Activate: Main] Return this Character to the owner''s hand.'),
       ('ST12-012', 'fr', 'Charlotte Pudding', '[Activate: Main] Return this Character to the owner''s hand.'),
       ('ST12-013', 'en', 'Zeff',
        '[On Play] Look at 3 cards from the top of your deck and place them at the top or bottom of the deck in any order. \n [When Attacking] Reveal 1 card from the top of your deck and play up to 1 Character card with a cost of 2 rested. Then, place the rest at the top or bottom of your deck.'),
       ('ST12-013', 'fr', 'Zeff',
        '[On Play] Look at 3 cards from the top of your deck and place them at the top or bottom of the deck in any order. \n [When Attacking] Reveal 1 card from the top of your deck and play up to 1 Character card with a cost of 2 rested. Then, place the rest at the top or bottom of your deck.'),
       ('ST12-014', 'en', 'Duval',
        '[Blocker] (After your opponent declares an attack, you may rest this card to make it the new target of the attack.) \n [On Play] Look at 3 cards from the top of your deck and place them at the top or bottom of the deck in any order.'),
       ('ST12-014', 'fr', 'Duval',
        '[Blocker] (After your opponent declares an attack, you may rest this card to make it the new target of the attack.) \n [On Play] Look at 3 cards from the top of your deck and place them at the top or bottom of the deck in any order.'),
       ('ST12-015', 'en', 'Patty & Carne', NULL),
       ('ST12-015', 'fr', 'Patty & Carne', NULL),
       ('ST12-016', 'en', 'Lion Strike',
        '[Main]/[Counter] Rest up to 1 of your opponent''s Leader or Character cards with a cost of 4 or less. \n [Trigger] Activate this card''s [Main] effect.'),
       ('ST12-016', 'fr', 'Lion Strike',
        '[Main]/[Counter] Rest up to 1 of your opponent''s Leader or Character cards with a cost of 4 or less. \n [Trigger] Activate this card''s [Main] effect.'),
       ('ST12-017', 'en', 'Plastic Surgery Shot',
        '[Counter] Up to 1 of your Leader or Character cards gains +2000 power during this battle. Then, reveal 1 card from the top of your deck, play up to 1 Character card with a cost of 2, and place the rest at the top or bottom of your deck.'),
       ('ST12-017', 'fr', 'Plastic Surgery Shot',
        '[Counter] Up to 1 of your Leader or Character cards gains +2000 power during this battle. Then, reveal 1 card from the top of your deck, play up to 1 Character card with a cost of 2, and place the rest at the top or bottom of your deck.')
ON CONFLICT DO NOTHING;
