INSERT INTO UT_PRODUCT(ID, RELEASE_DATE)
VALUES ('ST-13', '2024-11-10')
ON CONFLICT DO NOTHING;

INSERT INTO UT_PRODUCT_DESCRIPTION (PRODUCT_ID, LANGUAGE_CODE, NAME)
VALUES ('ST-13', 'en', '[ST-13] THE THREE BROTHERS BOND'),
       ('ST-13', 'fr', '[ST-13] THE THREE BROTHERS BOND')
ON CONFLICT DO NOTHING;

INSERT INTO UT_CARD (ID, TYPE_ID, ATTRIBUTE_ID, COST, POWER, LIFE, COUNTER)
VALUES ('ST13-001', 0, 2, NULL, 5000, 4, NULL),
       ('ST13-002', 0, 2, NULL, 5000, 4, NULL),
       ('ST13-003', 0, 0, NULL, 5000, 4, NULL),
       ('ST13-004', 1, 2, 6, 7000, NULL, 1000),
       ('ST13-005', 1, 2, 3, 4000, NULL, 1000),
       ('ST13-006', 1, 4, 5, 4000, NULL, 1000),
       ('ST13-007', 1, 0, 2, 2000, NULL, 1000),
       ('ST13-008', 1, 2, 5, 6000, NULL, 1000),
       ('ST13-009', 1, 4, 7, 7000, NULL, NULL),
       ('ST13-010', 1, 0, 2, 2000, NULL, 1000),
       ('ST13-011', 1, 2, 5, 7000, NULL, NULL),
       ('ST13-012', 1, 3, 1, NULL, NULL, 2000),
       ('ST13-013', 1, 0, 1, 2000, NULL, 1000),
       ('ST13-014', 1, 0, 2, 2000, NULL, 1000),
       ('ST13-015', 1, 0, 5, 6000, NULL, 1000),
       ('ST13-016', 1, 0, 5, 4000, NULL, 2000),
       ('ST13-017', 3, NULL, 2, NULL, NULL, NULL),
       ('ST13-018', 3, NULL, 1, NULL, NULL, NULL),
       ('ST13-019', 3, NULL, 1, NULL, NULL, NULL)
ON CONFLICT DO NOTHING;

INSERT INTO UT_CARD_IMAGE (CARD_ID, NAME, RARITY_ID, PRODUCT_ID)
VALUES ('ST13-001', 'ST13-001.png', 0, 'ST-13'),
       ('ST13-001', 'ST13-001_p1.png', 0, 'ST-13'),
       ('ST13-002', 'ST13-002.png', 0, 'ST-13'),
       ('ST13-002', 'ST13-002_p1.png', 0, 'ST-13'),
       ('ST13-003', 'ST13-003.png', 0, 'ST-13'),
       ('ST13-003', 'ST13-003_p1.png', 0, 'ST-13'),
       ('ST13-004', 'ST13-004.png', 1, 'ST-13'),
       ('ST13-004', 'ST13-004_p1.png', 1, 'ST-13'),
       ('ST13-005', 'ST13-005.png', 5, 'ST-13'),
       ('ST13-005', 'ST13-005_p1.png', 5, 'ST-13'),
       ('ST13-006', 'ST13-006.png', 1, 'ST-13'),
       ('ST13-006', 'ST13-006_p1.png', 1, 'ST-13'),
       ('ST13-007', 'ST13-007.png', 1, 'ST-13'),
       ('ST13-007', 'ST13-007_p1.png', 1, 'ST-13'),
       ('ST13-008', 'ST13-008.png', 3, 'ST-13'),
       ('ST13-008', 'ST13-008_p1.png', 3, 'ST-13'),
       ('ST13-009', 'ST13-009.png', 1, 'ST-13'),
       ('ST13-009', 'ST13-009_p1.png', 1, 'ST-13'),
       ('ST13-010', 'ST13-010.png', 1, 'ST-13'),
       ('ST13-010', 'ST13-010_p1.png', 1, 'ST-13'),
       ('ST13-011', 'ST13-011.png', 3, 'ST-13'),
       ('ST13-011', 'ST13-011_p1.png', 3, 'ST-13'),
       ('ST13-012', 'ST13-012.png', 1, 'ST-13'),
       ('ST13-012', 'ST13-012_p1.png', 1, 'ST-13'),
       ('ST13-013', 'ST13-013.png', 3, 'ST-13'),
       ('ST13-013', 'ST13-013_p1.png', 3, 'ST-13'),
       ('ST13-014', 'ST13-014.png', 1, 'ST-13'),
       ('ST13-014', 'ST13-014_p1.png', 1, 'ST-13'),
       ('ST13-015', 'ST13-015.png', 3, 'ST-13'),
       ('ST13-015', 'ST13-015_p1.png', 3, 'ST-13'),
       ('ST13-016', 'ST13-016.png', 1, 'ST-13'),
       ('ST13-016', 'ST13-016_p1.png', 1, 'ST-13'),
       ('ST13-017', 'ST13-017.png', 1, 'ST-13'),
       ('ST13-018', 'ST13-018.png', 1, 'ST-13'),
       ('ST13-019', 'ST13-019.png', 1, 'ST-13')
ON CONFLICT DO NOTHING;

INSERT INTO UT_CARD_COLOR (COLOR_ID, CARD_ID)
VALUES (0, 'ST13-001'),
       (5, 'ST13-001'),
       (2, 'ST13-002'),
       (5, 'ST13-002'),
       (4, 'ST13-003'),
       (5, 'ST13-003'),
       (5, 'ST13-004'),
       (5, 'ST13-005'),
       (5, 'ST13-006'),
       (5, 'ST13-007'),
       (5, 'ST13-008'),
       (5, 'ST13-009'),
       (5, 'ST13-010'),
       (5, 'ST13-011'),
       (5, 'ST13-012'),
       (5, 'ST13-013'),
       (5, 'ST13-014'),
       (5, 'ST13-015'),
       (5, 'ST13-016'),
       (5, 'ST13-017'),
       (5, 'ST13-018'),
       (5, 'ST13-019')
ON CONFLICT DO NOTHING;

INSERT INTO UT_CARD_TAG (TAG_ID, CARD_ID)
VALUES (49, 'ST13-001'),
       (20, 'ST13-001'),
       (51, 'ST13-002'),
       (1, 'ST13-003'),
       (0, 'ST13-003'),
       (25, 'ST13-004'),
       (51, 'ST13-004'),
       (20, 'ST13-005'),
       (60, 'ST13-006'),
       (87, 'ST13-007'),
       (49, 'ST13-008'),
       (20, 'ST13-008'),
       (25, 'ST13-009'),
       (34, 'ST13-009'),
       (87, 'ST13-010'),
       (51, 'ST13-011'),
       (52, 'ST13-012'),
       (8, 'ST13-013'),
       (87, 'ST13-014'),
       (1, 'ST13-015'),
       (0, 'ST13-015'),
       (35, 'ST13-016'),
       (49, 'ST13-017'),
       (20, 'ST13-017'),
       (47, 'ST13-018'),
       (0, 'ST13-018'),
       (87, 'ST13-019')
ON CONFLICT DO NOTHING;

INSERT INTO UT_CARD_DESCRIPTION (CARD_ID, LANGUAGE_CODE, NAME, EFFECT)
VALUES ('ST13-001', 'en', 'Sabo',
        '[DON!! x1] [Activate: Main] [Once Per Turn] You may add 1 of your Characters with a cost of 3 or more and 7000 power or more to the top of your Life cards face-up: Up to 1 of your Characters gains +2000 power until the start of your next turn.'),
       ('ST13-001', 'fr', 'Sabo',
        '[DON!! x1] [Activate: Main] [Once Per Turn] You may add 1 of your Characters with a cost of 3 or more and 7000 power or more to the top of your Life cards face-up: Up to 1 of your Characters gains +2000 power until the start of your next turn.'),
       ('ST13-002', 'en', 'Portgas.D.Ace',
        '[DON!! x2] [Activate: Main] [Once Per Turn] Look at 5 cards from the top of your deck and add up to 1 Character card with a cost of 5 to the top of your Life cards face-up. Then, place the rest at the bottom of your deck in any order. \n [End of Your Turn] Trash all your face-up Life cards.'),
       ('ST13-002', 'fr', 'Portgas.D.Ace',
        '[DON!! x2] [Activate: Main] [Once Per Turn] Look at 5 cards from the top of your deck and add up to 1 Character card with a cost of 5 to the top of your Life cards face-up. Then, place the rest at the bottom of your deck in any order. \n [End of Your Turn] Trash all your face-up Life cards.'),
       ('ST13-003', 'en', 'Monkey.D.Luffy',
        'Your face-up Life cards are placed at the bottom of your deck instead of being added to your hand, according to the rules. \n [DON!! x2] [Activate: Main] [Once Per Turn] You may trash 1 card from your hand: If you have 0 Life cards, add up to 2 Character cards with a cost of 5 from your hand or trash to the top of your Life cards face-up.'),
       ('ST13-003', 'fr', 'Monkey.D.Luffy',
        'Your face-up Life cards are placed at the bottom of your deck instead of being added to your hand, according to the rules. \n [DON!! x2] [Activate: Main] [Once Per Turn] You may trash 1 card from your hand: If you have 0 Life cards, add up to 2 Character cards with a cost of 5 from your hand or trash to the top of your Life cards face-up.'),
       ('ST13-004', 'en', 'Edward.Newgate',
        '[On Play] Add 1 card from the top of your deck to the top of your Life cards. Then, look at all your Life cards; place 1 card at the top of your deck and place the rest back in your Life area in any order.'),
       ('ST13-004', 'fr', 'Edward.Newgate',
        '[On Play] Add 1 card from the top of your deck to the top of your Life cards. Then, look at all your Life cards; place 1 card at the top of your deck and place the rest back in your Life area in any order.'),
       ('ST13-005', 'en', 'Emporio.Ivankov',
        '[Blocker] (After your opponent declares an attack, you may rest this card to make it the new target of the attack.) \n [On Play] You may trash 1 card from the top or bottom of your Life cards: Reveal up to 1 Character card with a cost of 5 from your hand and add it to the top of your Life cards face-down.'),
       ('ST13-005', 'fr', 'Emporio.Ivankov',
        '[Blocker] (After your opponent declares an attack, you may rest this card to make it the new target of the attack.) \n [On Play] You may trash 1 card from the top or bottom of your Life cards: Reveal up to 1 Character card with a cost of 5 from your hand and add it to the top of your Life cards face-down.'),
       ('ST13-006', 'en', 'Curly.Dadan',
        '[Blocker] (After your opponent declares an attack, you may rest this card to make it the new target of the attack.) \n [On Play] Play up to 1 each of [Sabo], [Portgas.D.Ace], and [Monkey.D.Luffy] with a cost of 2 from your hand.'),
       ('ST13-006', 'fr', 'Curly.Dadan',
        '[Blocker] (After your opponent declares an attack, you may rest this card to make it the new target of the attack.) \n [On Play] Play up to 1 each of [Sabo], [Portgas.D.Ace], and [Monkey.D.Luffy] with a cost of 2 from your hand.'),
       ('ST13-007', 'en', 'Sabo',
        '[Activate: Main] You may trash this Character: Reveal 1 card from the top of your Life cards. If that card is a [Sabo] with a cost of 5, you may play that card. If you do, up to 1 of your Leader gains +2000 power until the end of your opponent''s next turn.'),
       ('ST13-007', 'fr', 'Sabo',
        '[Activate: Main] You may trash this Character: Reveal 1 card from the top of your Life cards. If that card is a [Sabo] with a cost of 5, you may play that card. If you do, up to 1 of your Leader gains +2000 power until the end of your opponent''s next turn.'),
       ('ST13-008', 'en', 'Sabo',
        '[On Play] You may trash 1 card from the top or bottom of your Life cards: K.O. up to 1 of your opponent''s Characters with a cost of 5 or less.'),
       ('ST13-008', 'fr', 'Sabo',
        '[On Play] You may trash 1 card from the top or bottom of your Life cards: K.O. up to 1 of your opponent''s Characters with a cost of 5 or less.'),
       ('ST13-009', 'en', 'Shanks',
        '[On Play] You may turn 1 of your face-up Life cards face-down: If your opponent has 7 or more cards in their hand, trash up to 1 card from the top of your opponent''s Life cards.'),
       ('ST13-009', 'fr', 'Shanks',
        '[On Play] You may turn 1 of your face-up Life cards face-down: If your opponent has 7 or more cards in their hand, trash up to 1 card from the top of your opponent''s Life cards.'),
       ('ST13-010', 'en', 'Portgas.D.Ace',
        '[Activate: Main] You may trash this Character: Reveal 1 card from the top of your Life cards. If that card is a [Portgas.D.Ace] with a cost of 5, you may play that card. If you do, up to 1 of your Leader gains +2000 power until the end of your opponent''s next turn.'),
       ('ST13-010', 'fr', 'Portgas.D.Ace',
        '[Activate: Main] You may trash this Character: Reveal 1 card from the top of your Life cards. If that card is a [Portgas.D.Ace] with a cost of 5, you may play that card. If you do, up to 1 of your Leader gains +2000 power until the end of your opponent''s next turn.'),
       ('ST13-011', 'en', 'Portgas.D.Ace',
        '[On Play] If you have 2 or less Life cards, this Character gains [Rush]. \n (This card can attack on the turn in which it is played.)'),
       ('ST13-011', 'fr', 'Portgas.D.Ace',
        '[On Play] If you have 2 or less Life cards, this Character gains [Rush]. \n (This card can attack on the turn in which it is played.)'),
       ('ST13-012', 'en', 'Makino',
        '[On Play] You may add 1 card from the top or bottom of your Life cards to your hand: Look at all of your Life cards and place them back in your Life area in any order.'),
       ('ST13-012', 'fr', 'Makino',
        '[On Play] You may add 1 card from the top or bottom of your Life cards to your hand: Look at all of your Life cards and place them back in your Life area in any order.'),
       ('ST13-013', 'en', 'Monkey.D.Garp',
        '[On Play] Look at 5 cards from the top of your deck; reveal up to 1 [Sabo], [Portgas.D.Ace], or [Monkey.D.Luffy] with a cost of 5 or less and add it to your hand. Then, place the rest at the bottom of your deck in any order.'),
       ('ST13-013', 'fr', 'Monkey.D.Garp',
        '[On Play] Look at 5 cards from the top of your deck; reveal up to 1 [Sabo], [Portgas.D.Ace], or [Monkey.D.Luffy] with a cost of 5 or less and add it to your hand. Then, place the rest at the bottom of your deck in any order.'),
       ('ST13-014', 'en', 'Monkey.D.Luffy',
        '[Activate: Main] You may trash this Character: Reveal 1 card from the top of your Life cards. If that card is a [Monkey.D.Luffy] with a cost of 5, you may play that card. If you do, up to 1 of your Leader gains +2000 power until the end of your opponent''s next turn.'),
       ('ST13-014', 'fr', 'Monkey.D.Luffy',
        '[Activate: Main] You may trash this Character: Reveal 1 card from the top of your Life cards. If that card is a [Monkey.D.Luffy] with a cost of 5, you may play that card. If you do, up to 1 of your Leader gains +2000 power until the end of your opponent''s next turn.'),
       ('ST13-015', 'en', 'Monkey.D.Luffy',
        '[Activate: Main] [Once Per Turn] This Character gains +2000 power until the start of your next turn. Then, if you have 1 or more Life cards, draw 1 card and trash 1 card from the top of your Life cards.'),
       ('ST13-015', 'fr', 'Monkey.D.Luffy',
        '[Activate: Main] [Once Per Turn] This Character gains +2000 power until the start of your next turn. Then, if you have 1 or more Life cards, draw 1 card and trash 1 card from the top of your Life cards.'),
       ('ST13-016', 'en', 'Yamato',
        '[Rush] (This card can attack on the turn in which it is played.) \n [On Play] Look at all your Life cards; place 1 at the top of your deck and place the rest back in your Life area in any order.'),
       ('ST13-016', 'fr', 'Yamato',
        '[Rush] (This card can attack on the turn in which it is played.) \n [On Play] Look at all your Life cards; place 1 at the top of your deck and place the rest back in your Life area in any order.'),
       ('ST13-017', 'en', 'Flame Dragon King',
        '[Counter] Up to 1 of your Leader or Character cards gains +4000 power during this battle. Then, look at all your Life cards and place them back in your Life area in any order. \n [Trigger] You may add 1 card from the top or bottom of your Life cards to your hand: Add up to 1 card from your hand to the top of your Life cards.'),
       ('ST13-017', 'fr', 'Flame Dragon King',
        '[Counter] Up to 1 of your Leader or Character cards gains +4000 power during this battle. Then, look at all your Life cards and place them back in your Life area in any order. \n [Trigger] You may add 1 card from the top or bottom of your Life cards to your hand: Add up to 1 card from your hand to the top of your Life cards.'),
       ('ST13-018', 'en', 'Gum-Gum Jet Spear',
        '[Counter] Up to 1 of your Leader or Character cards gains +2000 power during this battle. Then, if you have 0 Life cards, draw 1 card. \n [Trigger] You may add 1 card from the top or bottom of your Life cards to your hand: Add up to 1 card from your hand to the top of your Life cards.'),
       ('ST13-018', 'fr', 'Gum-Gum Jet Spear',
        '[Counter] Up to 1 of your Leader or Character cards gains +2000 power during this battle. Then, if you have 0 Life cards, draw 1 card. \n [Trigger] You may add 1 card from the top or bottom of your Life cards to your hand: Add up to 1 card from your hand to the top of your Life cards.'),
       ('ST13-019', 'en', 'The Three Brothers''Bond', '[MAIN] Look AT 5 cards FROM the top OF your deck;
reveal up TO 1 [Sabo], [Portgas.D.Ace], OR [Monkey.D.Luffy] WITH a COST OF 5 OR less AND ADD it TO your hand. Then, place the rest AT the bottom OF your deck IN ANY ORDER. \n [Trigger] Activate this card''s [Main] effect.'),
       ('ST13-019', 'fr', 'The Three Brothers''Bond',
        '[Main] Look at 5 cards from the top of your deck; reveal up to 1 [Sabo], [Portgas.D.Ace], or [Monkey.D.Luffy] with a cost of 5 or less and add it to your hand. Then, place the rest at the bottom of your deck in any order. \n [Trigger] Activate this card''s [Main] effect.')
ON CONFLICT DO NOTHING;
