INSERT INTO UT_PRODUCT(ID, RELEASE_DATE)
VALUES ('ST-03', '2022-12-01')
ON CONFLICT DO NOTHING;

INSERT INTO UT_PRODUCT_DESCRIPTION (PRODUCT_ID, LANGUAGE_CODE, NAME)
VALUES ('ST-03', 'en', 'The Seven Warlords of the Sea [ST-03]'),
       ('ST-03', 'fr', 'Les 7 Grands Corsaires [ST-03]')
ON CONFLICT DO NOTHING;

INSERT INTO UT_CARD (ID, TYPE_ID, ATTRIBUTE_ID, COST, POWER, LIFE, COUNTER)
VALUES ('ST03-001', 0, 2, NULL, 5000, 5, NULL),
       ('ST03-002', 1, 4, 3, 5000, NULL, 1000),
       ('ST03-003', 1, 2, 5, 6000, NULL, NULL),
       ('ST03-004', 1, 2, 4, 5000, NULL, 1000),
       ('ST03-005', 1, 4, 4, 5000, NULL, 2000),
       ('ST03-006', 1, 0, 2, 4000, NULL, 1000),
       ('ST03-007', 1, 4, 3, 4000, NULL, 1000),
       ('ST03-008', 1, 4, 1, 1000, NULL, NULL),
       ('ST03-009', 1, 2, 7, 7000, NULL, NULL),
       ('ST03-010', 1, 0, 2, 3000, NULL, NULL),
       ('ST03-011', 1, 4, 1, 3000, NULL, 1000),
       ('ST03-012', 1, 2, 4, 6000, NULL, 1000),
       ('ST03-013', 1, 2, 3, 1000, NULL, 1000),
       ('ST03-014', 1, 2, 4, 4000, NULL, 1000),
       ('ST03-015', 3, NULL, 4, NULL, NULL, NULL),
       ('ST03-016', 3, NULL, 2, NULL, NULL, NULL),
       ('ST03-017', 3, NULL, 2, NULL, NULL, NULL)
ON CONFLICT DO NOTHING;

INSERT INTO UT_CARD_IMAGE (CARD_ID, NAME, RARITY_ID, PRODUCT_ID)
VALUES ('ST03-001', 'ST03-001.png', 0, 'ST-03'),
       ('ST03-002', 'ST03-002.png', 1, 'ST-03'),
       ('ST03-003', 'ST03-003.png', 3, 'ST-03'),
       ('ST03-004', 'ST03-004.png', 1, 'ST-03'),
       ('ST03-005', 'ST03-005.png', 1, 'ST-03'),
       ('ST03-006', 'ST03-006.png', 1, 'ST-03'),
       ('ST03-007', 'ST03-007.png', 1, 'ST-03'),
       ('ST03-008', 'ST03-008.png', 1, 'ST-03'),
       ('ST03-009', 'ST03-009.png', 3, 'ST-03'),
       ('ST03-010', 'ST03-010.png', 1, 'ST-03'),
       ('ST03-011', 'ST03-011.png', 1, 'ST-03'),
       ('ST03-012', 'ST03-012.png', 1, 'ST-03'),
       ('ST03-013', 'ST03-013.png', 1, 'ST-03'),
       ('ST03-014', 'ST03-014.png', 1, 'ST-03'),
       ('ST03-015', 'ST03-015.png', 1, 'ST-03'),
       ('ST03-016', 'ST03-016.png', 1, 'ST-03'),
       ('ST03-017', 'ST03-017.png', 1, 'ST-03')
ON CONFLICT DO NOTHING;

INSERT INTO UT_CARD_COLOR (COLOR_ID, CARD_ID)
VALUES (2, 'ST03-001'),
       (2, 'ST03-002'),
       (2, 'ST03-003'),
       (2, 'ST03-004'),
       (2, 'ST03-005'),
       (2, 'ST03-006'),
       (2, 'ST03-007'),
       (2, 'ST03-008'),
       (2, 'ST03-009'),
       (2, 'ST03-010'),
       (2, 'ST03-011'),
       (2, 'ST03-012'),
       (2, 'ST03-013'),
       (2, 'ST03-014'),
       (2, 'ST03-015'),
       (2, 'ST03-016'),
       (2, 'ST03-017')
ON CONFLICT DO NOTHING;

INSERT INTO UT_CARD_TAG (TAG_ID, CARD_ID)
VALUES (15, 'ST03-001'),
       (16, 'ST03-001'),
       (15, 'ST03-002'),
       (15, 'ST03-003'),
       (16, 'ST03-003'),
       (15, 'ST03-004'),
       (17, 'ST03-004'),
       (15, 'ST03-005'),
       (4, 'ST03-006'),
       (15, 'ST03-006'),
       (18, 'ST03-006'),
       (8, 'ST03-007'),
       (15, 'ST03-008'),
       (11, 'ST03-008'),
       (15, 'ST03-009'),
       (19, 'ST03-009'),
       (15, 'ST03-010'),
       (20, 'ST03-010'),
       (15, 'ST03-011'),
       (21, 'ST03-011'),
       (8, 'ST03-012'),
       (22, 'ST03-012'),
       (15, 'ST03-013'),
       (23, 'ST03-013'),
       (15, 'ST03-014'),
       (24, 'ST03-014'),
       (14, 'ST03-014'),
       (15, 'ST03-015'),
       (16, 'ST03-015'),
       (15, 'ST03-016'),
       (20, 'ST03-016'),
       (15, 'ST03-017'),
       (23, 'ST03-017')
ON CONFLICT DO NOTHING;

INSERT INTO UT_CARD_DESCRIPTION (CARD_ID, LANGUAGE_CODE, NAME, EFFECT)
VALUES ('ST03-001', 'en', 'Crocodile',
        '[Activate: Main] [Once Per Turn] DON!! −4 (You may return the specified number of DON!! cards from your field to your DON!! deck.): Return 1 Character with a cost of 5 or less to the owner''s hand.'),
       ('ST03-001', 'fr', 'Crocodile',
        '[Activate: Main] [Once Per Turn] DON!! −4 (You may return the specified number of DON!! cards from your field to your DON!! deck.): Return 1 Character with a cost of 5 or less to the owner''s hand.'),
       ('ST03-002', 'en', 'Edward Weevil', NULL),
       ('ST03-002', 'fr', 'Edward Weevil', NULL),
       ('ST03-003', 'en', 'Crocodile',
        '[Blocker] (After your opponent declares an attack, you may rest this card to make it the new target of the attack.) \n [DON!! x1] [On Block] Place 1 Character with a cost of 2 or less at the bottom of the owner''s deck.'),
       ('ST03-003', 'fr', 'Crocodile',
        '[Blocker] (After your opponent declares an attack, you may rest this card to make it the new target of the attack.) \n [DON!! x1] [On Block] Place 1 Character with a cost of 2 or less at the bottom of the owner''s deck.'),
       ('ST03-004', 'en', 'Gecko Moria',
        '[On Play] Add 1 {The Seven Warlords of the Sea} or {Thriller Bark Pirates} type Character with a cost of 4 or less other than [Gecko Moria] from your trash to your hand.'),
       ('ST03-004', 'fr', 'Gecko Moria',
        '[On Play] Add 1 {The Seven Warlords of the Sea} or {Thriller Bark Pirates} type Character with a cost of 4 or less other than [Gecko Moria] from your trash to your hand.'),
       ('ST03-005', 'en', 'Dracule Mihawk',
        '[DON!! x1] [When Attacking] Draw 2 cards and trash 2 cards from your hand.'),
       ('ST03-005', 'fr', 'Dracule Mihawk',
        '[DON!! x1] [When Attacking] Draw 2 cards and trash 2 cards from your hand.'),
       ('ST03-006', 'en', 'Jinbe', NULL),
       ('ST03-006', 'fr', 'Jinbe', NULL),
       ('ST03-007', 'en', 'Sentomaru',
        '[DON!! x1] [Activate: Main] [Once Per Turn] (2)(You may rest the specified number of DON!! cards in your cost area.): Play 1 [Pacifista] with a cost of 4 or less from your deck, then shuffle your deck.'),
       ('ST03-007', 'fr', 'Sentomaru',
        '[DON!! x1] [Activate: Main] [Once Per Turn] (2)(You may rest the specified number of DON!! cards in your cost area.): Play 1 [Pacifista] with a cost of 4 or less from your deck, then shuffle your deck.'),
       ('ST03-008', 'en', 'Trafalgar Law',
        '[Blocker] (After your opponent declares an attack, you may rest this card to make it the new target of the attack.)'),
       ('ST03-008', 'fr', 'Trafalgar Law',
        '[Blocker] (After your opponent declares an attack, you may rest this card to make it the new target of the attack.)'),
       ('ST03-009', 'en', 'Donquixote Doflamingo',
        '[On Play] Return 1 Character with a cost of 7 or less to the owner''s hand.'),
       ('ST03-009', 'fr', 'Donquixote Doflamingo',
        '[On Play] Return 1 Character with a cost of 7 or less to the owner''s hand.'),
       ('ST03-010', 'en', 'Bartholomew Kuma',
        '[On Play] Look at 3 cards from the top of your deck and return them to the top or bottom of the deck in any order. \n [Trigger] Play this card.'),
       ('ST03-010', 'fr', 'Bartholomew Kuma',
        '[On Play] Look at 3 cards from the top of your deck and return them to the top or bottom of the deck in any order. \n [Trigger] Play this card.'),
       ('ST03-011', 'en', 'Buggy', NULL),
       ('ST03-011', 'fr', 'Baggy', NULL),
       ('ST03-012', 'en', 'Pacifista', NULL),
       ('ST03-012', 'fr', 'Pacifista', NULL),
       ('ST03-013', 'en', 'Boa Hancock',
        '[Blocker] (After your opponent declares an attack, you may rest this card to make it the new target of the attack.) \n [Trigger] Play this card.'),
       ('ST03-013', 'fr', 'Boa Hancock',
        '[Blocker] (After your opponent declares an attack, you may rest this card to make it the new target of the attack.) \n [Trigger] Play this card.'),
       ('ST03-014', 'en', 'Marshall.D.Teach',
        '[On Play] Return 1 Character with a cost of 3 or less to the owner''s hand.'),
       ('ST03-014', 'fr', 'Marshall.D.Teach',
        '[On Play] Return 1 Character with a cost of 3 or less to the owner''s hand.'),
       ('ST03-015', 'en', 'Sables',
        '[Main] Return 1 Character with a cost of 7 or less to the owner''s hand. \n [Trigger] Activate this card''s [Main] effect.'),
       ('ST03-015', 'fr', 'Sables',
        '[Main] Return 1 Character with a cost of 7 or less to the owner''s hand. \n [Trigger] Activate this card''s [Main] effect.'),
       ('ST03-016', 'en', 'Thrust Pad Cannon',
        '[Counter] Return 1 Character with a cost of 3 or less to the owner''s hand. \n [Trigger] Activate this card''s [Counter] effect.'),
       ('ST03-016', 'fr', 'Thrust Pad Cannon',
        '[Counter] Return 1 Character with a cost of 3 or less to the owner''s hand. \n [Trigger] Activate this card''s [Counter] effect.'),
       ('ST03-017', 'en', 'Love-Love Mellow',
        '[Counter] Your Leader or 1 of your Characters gains +4000 power during this battle. Then, draw 1 card if you have 3 or less cards in your hand.'),
       ('ST03-017', 'fr', 'Love-Love Mellow',
        '[Counter] Your Leader or 1 of your Characters gains +4000 power during this battle. Then, draw 1 card if you have 3 or less cards in your hand.')
ON CONFLICT DO NOTHING;
