INSERT INTO UT_PRODUCT(ID, RELEASE_DATE)
VALUES ('ST-07', '2022-12-01')
ON CONFLICT DO NOTHING;

INSERT INTO UT_PRODUCT_DESCRIPTION (PRODUCT_ID, LANGUAGE_CODE, NAME)
VALUES ('ST-07', 'en', 'Big Mom Pirates [ST-07]'),
       ('ST-07', 'fr', 'Les Pirates de Big Mom [ST-07]')
ON CONFLICT DO NOTHING;

INSERT INTO UT_CARD (ID, TYPE_ID, ATTRIBUTE_ID, COST, POWER, LIFE, COUNTER)
VALUES ('ST07-001', 0, 2, NULL, 5000, 5, NULL),
       ('ST07-002', 1, 3, 1, 3000, NULL, 1000),
       ('ST07-003', 1, 0, 4, 6000, NULL, NULL),
       ('ST07-004', 1, 4, 5, 6000, NULL, NULL),
       ('ST07-005', 1, 4, 4, 5000, NULL, 1000),
       ('ST07-006', 1, 1, 2, 4000, NULL, 1000),
       ('ST07-007', 1, 2, 3, 1000, NULL, 1000),
       ('ST07-008', 1, 3, 2, 3000, NULL, 2000),
       ('ST07-009', 1, 2, 3, 4000, NULL, 1000),
       ('ST07-010', 1, 2, 7, 8000, NULL, NULL),
       ('ST07-011', 1, 2, 3, 3000, NULL, 1000),
       ('ST07-012', 1, 0, 4, 6000, NULL, 1000),
       ('ST07-013', 1, 2, 3, 3000, NULL, 1000),
       ('ST07-014', 1, 0, 3, 5000, NULL, 1000),
       ('ST07-015', 3, NULL, 5, NULL, NULL, NULL),
       ('ST07-016', 3, NULL, 1, NULL, NULL, NULL),
       ('ST07-017', 2, NULL, 2, NULL, NULL, NULL)
ON CONFLICT DO NOTHING;

INSERT INTO UT_CARD_IMAGE (CARD_ID, NAME, RARITY_ID, PRODUCT_ID)
VALUES ('ST07-001', 'ST07-001.png', 0, 'ST-07'),
       ('ST07-002', 'ST07-002.png', 1, 'ST-07'),
       ('ST07-003', 'ST07-003.png', 3, 'ST-07'),
       ('ST07-004', 'ST07-004.png', 1, 'ST-07'),
       ('ST07-005', 'ST07-005.png', 1, 'ST-07'),
       ('ST07-006', 'ST07-006.png', 1, 'ST-07'),
       ('ST07-007', 'ST07-007.png', 1, 'ST-07'),
       ('ST07-008', 'ST07-008.png', 1, 'ST-07'),
       ('ST07-009', 'ST07-009.png', 1, 'ST-07'),
       ('ST07-010', 'ST07-010.png', 3, 'ST-07'),
       ('ST07-011', 'ST07-011.png', 1, 'ST-07'),
       ('ST07-012', 'ST07-012.png', 1, 'ST-07'),
       ('ST07-013', 'ST07-013.png', 1, 'ST-07'),
       ('ST07-014', 'ST07-014.png', 1, 'ST-07'),
       ('ST07-015', 'ST07-015.png', 1, 'ST-07'),
       ('ST07-016', 'ST07-016.png', 1, 'ST-07'),
       ('ST07-017', 'ST07-017.png', 1, 'ST-07')
ON CONFLICT DO NOTHING;


INSERT INTO UT_CARD_COLOR (COLOR_ID, CARD_ID)
VALUES (5, 'ST07-001'),
       (5, 'ST07-002'),
       (5, 'ST07-003'),
       (5, 'ST07-004'),
       (5, 'ST07-005'),
       (5, 'ST07-006'),
       (5, 'ST07-007'),
       (5, 'ST07-008'),
       (5, 'ST07-009'),
       (5, 'ST07-010'),
       (5, 'ST07-011'),
       (5, 'ST07-012'),
       (5, 'ST07-013'),
       (5, 'ST07-014'),
       (5, 'ST07-015'),
       (5, 'ST07-016'),
       (5, 'ST07-017')
ON CONFLICT DO NOTHING;

INSERT INTO UT_CARD_TAG (TAG_ID, CARD_ID)
VALUES (25, 'ST07-001'),
       (72, 'ST07-001'),
       (72, 'ST07-002'),
       (72, 'ST07-003'),
       (72, 'ST07-004'),
       (72, 'ST07-005'),
       (72, 'ST07-006'),
       (72, 'ST07-007'),
       (72, 'ST07-008'),
       (72, 'ST07-009'),
       (25, 'ST07-010'),
       (72, 'ST07-010'),
       (72, 'ST07-011'),
       (68, 'ST07-011'),
       (72, 'ST07-012'),
       (72, 'ST07-013'),
       (68, 'ST07-013'),
       (13, 'ST07-014'),
       (72, 'ST07-014'),
       (25, 'ST07-015'),
       (72, 'ST07-015'),
       (72, 'ST07-016'),
       (72, 'ST07-017'),
       (68, 'ST07-017')
ON CONFLICT DO NOTHING;

INSERT INTO UT_CARD_DESCRIPTION (CARD_ID, LANGUAGE_CODE, NAME, EFFECT)
VALUES ('ST07-001', 'en', 'Charlotte Linlin',
        '[DON!! x2] [When Attacking] You may add 1 card from the top or bottom of your Life cards to your hand: If you have 2 or less Life cards, add up to 1 card from your hand to the top of your Life cards.'),
       ('ST07-001', 'fr', 'Charlotte Linlin',
        '[DON!! x2] [When Attacking] You may add 1 card from the top or bottom of your Life cards to your hand: If you have 2 or less Life cards, add up to 1 card from your hand to the top of your Life cards.'),
       ('ST07-002', 'en', 'Charlotte Anana', NULL),
       ('ST07-002', 'fr', 'Charlotte Anana', NULL),
       ('ST07-003', 'en', 'Charlotte Katakuri',
        '[On Play] Look at up to 1 card from the top of your or your opponent''s Life cards, and place it at the top or bottom of the Life cards. Then, if you have less Life cards than your opponent, this Character gains [Rush] during this turn. \n (This card can attack on the turn in which it is played.)'),
       ('ST07-003', 'fr', 'Charlotte Katakuri',
        '[On Play] Look at up to 1 card from the top of your or your opponent''s Life cards, and place it at the top or bottom of the Life cards. Then, if you have less Life cards than your opponent, this Character gains [Rush] during this turn. \n (This card can attack on the turn in which it is played.)'),
       ('ST07-004', 'en', 'Charlotte Snack',
        '[DON!! x1] [When Attacking] You may add 1 card from the top or bottom of your Life cards to your hand: This Character gains [Banish] and +1000 power during this battle. \n (When this card deals damage, the target card is trashed without activating its Trigger.)'),
       ('ST07-004', 'fr', 'Charlotte Snack',
        '[DON!! x1] [When Attacking] You may add 1 card from the top or bottom of your Life cards to your hand: This Character gains [Banish] and +1000 power during this battle. \n (When this card deals damage, the target card is trashed without activating its Trigger.)'),
       ('ST07-005', 'en', 'Charlotte Daifuku',
        '[DON!! x1] [When Attacking] You may add 1 card from the top or bottom of your Life cards to your hand: Add up to 1 card from the top of your deck to the top of your Life cards.'),
       ('ST07-005', 'fr', 'Charlotte Daifuku',
        '[DON!! x1] [When Attacking] You may add 1 card from the top or bottom of your Life cards to your hand: Add up to 1 card from the top of your deck to the top of your Life cards.'),
       ('ST07-006', 'en', 'Charlotte Flampe', NULL),
       ('ST07-006', 'fr', 'Charlotte Flampe', NULL),
       ('ST07-007', 'en', 'Charlotte Brulee',
        '[Blocker] (After your opponent declares an attack, you may rest this card to make it the new target of the attack.) \n [Trigger] Play this card.'),
       ('ST07-007', 'fr', 'Charlotte Brulee',
        '[Blocker] (After your opponent declares an attack, you may rest this card to make it the new target of the attack.) \n [Trigger] Play this card.'),
       ('ST07-008', 'en', 'Charlotte Pudding',
        '[On Play] Look at up to 1 card from the top of your or your opponent''s Life cards, and place it at the top or bottom of the Life cards.'),
       ('ST07-008', 'fr', 'Charlotte Pudding',
        '[On Play] Look at up to 1 card from the top of your or your opponent''s Life cards, and place it at the top or bottom of the Life cards.'),
       ('ST07-009', 'en', 'Charlotte Mont-d''or',
        '[Activate: Main] You may rest this Character and add 1 card from the top or bottom of your Life cards to your hand: K.O. up to 1 of your opponent''s Characters with a cost of 3 or less. \n [Trigger] You may trash 1 card from your hand: Play this card.'),
       ('ST07-009', 'fr', 'Charlotte Mont-d''or',
        '[Activate: Main] You may rest this Character and add 1 card from the top or bottom of your Life cards to your hand: K.O. up to 1 of your opponent''s Characters with a cost of 3 or less. \n [Trigger] You may trash 1 card from your hand: Play this card.'),
       ('ST07-010', 'en', 'Charlotte Linlin',
        '[On Play] Your opponent chooses one: \n - Trash 1 card from the top of your opponent''s Life cards. \n - Add 1 card from the top of your deck to the top of your Life cards.'),
       ('ST07-010', 'fr', 'Charlotte Linlin',
        '[On Play] Your opponent chooses one: \n - Trash 1 card from the top of your opponent''s Life cards. \n - Add 1 card from the top of your deck to the top of your Life cards.'),
       ('ST07-011', 'en', 'Zeus',
        '[Activate: Main] You may rest this Character: Up to 1 of your [Charlotte Linlin] cards gains [Banish] during this turn. \n (When this card deals damage, the target card is trashed without activating its Trigger.) \n [Trigger] Play this card.'),
       ('ST07-011', 'fr', 'Zeus',
        '[Activate: Main] You may rest this Character: Up to 1 of your [Charlotte Linlin] cards gains [Banish] during this turn. \n (When this card deals damage, the target card is trashed without activating its Trigger.) \n [Trigger] Play this card.'),
       ('ST07-012', 'en', 'Baron Tamago', NULL),
       ('ST07-012', 'fr', 'Baron Tamago', NULL),
       ('ST07-013', 'en', 'Prometheus',
        '[Activate: Main] You may rest this Character: Up to 1 of your [Charlotte Linlin] cards gains [Double Attack] during this turn. \n (This card deals 2 damage.) \n [Trigger] Play this card.'),
       ('ST07-013', 'fr', 'Prometheus',
        '[Activate: Main] You may rest this Character: Up to 1 of your [Charlotte Linlin] cards gains [Double Attack] during this turn. \n (This card deals 2 damage.) \n [Trigger] Play this card.'),
       ('ST07-014', 'en', 'Pekoms', NULL),
       ('ST07-014', 'fr', 'Pekoms', NULL),
       ('ST07-015', 'en', 'Soul Pocus',
        '[Main] Your opponent chooses one: \n - Trash 1 card from the top of your opponent''s Life cards. \n - Add 1 card from the top of your deck to the top of your Life cards. \n [Trigger] Activate this card''s [Main] effect.'),
       ('ST07-015', 'fr', 'Soul Pocus',
        '[Main] Your opponent chooses one: \n - Trash 1 card from the top of your opponent''s Life cards. \n - Add 1 card from the top of your deck to the top of your Life cards. \n [Trigger] Activate this card''s [Main] effect.'),
       ('ST07-016', 'en', 'Power Mochi',
        '[Counter] Look at up to 1 card from the top of your or your opponent''s Life cards, and place it at the top or bottom of the Life cards. Then, up to 1 of your Leader or Character cards gains +2000 power during this battle. \n [Trigger] Draw 1 card, look at up to 1 card from the top of your or your opponent''s Life cards, and place it at the top or bottom of the Life cards.'),
       ('ST07-016', 'fr', 'Power Mochi',
        '[Counter] Look at up to 1 card from the top of your or your opponent''s Life cards, and place it at the top or bottom of the Life cards. Then, up to 1 of your Leader or Character cards gains +2000 power during this battle. \n [Trigger] Draw 1 card, look at up to 1 card from the top of your or your opponent''s Life cards, and place it at the top or bottom of the Life cards.'),
       ('ST07-017', 'en', 'Queen Mama Chanter',
        '[Activate: Main] You may rest this Stage and add 1 card from the top or bottom of your Life cards to your hand: Add up to 1 of your Characters with a cost of 3 to the top of the owner''s Life cards face-up. \n [Trigger] Play this card.'),
       ('ST07-017', 'fr', 'Queen Mama Chanter',
        '[Activate: Main] You may rest this Stage and add 1 card from the top or bottom of your Life cards to your hand: Add up to 1 of your Characters with a cost of 3 to the top of the owner''s Life cards face-up. \n [Trigger] Play this card.')
ON CONFLICT DO NOTHING;
