INSERT INTO UT_PRODUCT(ID, RELEASE_DATE)
VALUES ('ST-01', '2022-10-10');

INSERT INTO UT_PRODUCT_DESCRIPTION (PRODUCT_ID, LANGUAGE_CODE, NAME)
VALUES ('ST-01', 'en', 'Straw Hat Crew [ST-01]'),
       ('ST-01', 'fr', 'Equipage du chapeau de paille [ST-01]');

INSERT INTO UT_CARD (ID, TYPE_ID, ATTRIBUTE_ID, COST, POWER, LIFE, COUNTER)
VALUES ('ST01-001', 0, 0, NULL, 5000, 5, NULL),
       ('ST01-002', 1, 1, 2, 2000, NULL, 1000),
       ('ST01-003', 1, 0, 1, 3000, NULL, 1000),
       ('ST01-004', 1, 0, 2, 4000, NULL, NULL),
       ('ST01-005', 1, 0, 3, 5000, NULL, NULL),
       ('ST01-006', 1, 0, 1, 1000, NULL, NULL),
       ('ST01-007', 1, 2, 1, 1000, NULL, 1000),
       ('ST01-008', 1, 3, 3, 5000, NULL, 1000),
       ('ST01-009', 1, 4, 2, 4000, NULL, 1000),
       ('ST01-010', 1, 0, 4, 6000, NULL, 1000),
       ('ST01-011', 1, 4, 2, 3000, NULL, 2000),
       ('ST01-012', 1, 0, 5, 6000, NULL, NULL),
       ('ST01-013', 1, 4, 3, 5000, NULL, NULL),
       ('ST01-014', 3, NULL, 1, NULL, NULL, NULL),
       ('ST01-015', 3, NULL, 4, NULL, NULL, NULL),
       ('ST01-016', 3, NULL, 1, NULL, NULL, NULL),
       ('ST01-017', 2, NULL, 2, NULL, NULL, NULL);

INSERT INTO UT_CARD_IMAGE (CARD_ID, NAME, RARITY_ID, PRODUCT_ID)
VALUES ('ST01-001', 'ST01-001.png', 0, 'ST-01'),
       ('ST01-002', 'ST01-002.png', 1, 'ST-01'),
       ('ST01-003', 'ST01-003.png', 1, 'ST-01'),
       ('ST01-004', 'ST01-004.png', 1, 'ST-01'),
       ('ST01-005', 'ST01-005.png', 1, 'ST-01'),
       ('ST01-006', 'ST01-006.png', 1, 'ST-01'),
       ('ST01-007', 'ST01-007.png', 1, 'ST-01'),
       ('ST01-008', 'ST01-008.png', 1, 'ST-01'),
       ('ST01-009', 'ST01-009.png', 1, 'ST-01'),
       ('ST01-010', 'ST01-010.png', 1, 'ST-01'),
       ('ST01-011', 'ST01-011.png', 1, 'ST-01'),
       ('ST01-012', 'ST01-012.png', 3, 'ST-01'),
       ('ST01-013', 'ST01-013.png', 3, 'ST-01'),
       ('ST01-014', 'ST01-014.png', 1, 'ST-01'),
       ('ST01-015', 'ST01-015.png', 1, 'ST-01'),
       ('ST01-016', 'ST01-016.png', 1, 'ST-01'),
       ('ST01-017', 'ST01-017.png', 1, 'ST-01');


INSERT INTO UT_CARD_COLOR (COLOR_ID, CARD_ID)
VALUES (0, 'ST01-001'),
       (0, 'ST01-002'),
       (0, 'ST01-003'),
       (0, 'ST01-004'),
       (0, 'ST01-005'),
       (0, 'ST01-006'),
       (0, 'ST01-007'),
       (0, 'ST01-008'),
       (0, 'ST01-009'),
       (0, 'ST01-010'),
       (0, 'ST01-011'),
       (0, 'ST01-012'),
       (0, 'ST01-013'),
       (0, 'ST01-014'),
       (0, 'ST01-015'),
       (0, 'ST01-016'),
       (0, 'ST01-017');

INSERT INTO UT_CARD_TAG (TAG_ID, CARD_ID)
VALUES (0, 'ST01-001'),
       (1, 'ST01-001'),
       (0, 'ST01-002'),
       (2, 'ST01-003'),
       (3, 'ST01-003'),
       (0, 'ST01-004'),
       (0, 'ST01-005'),
       (4, 'ST01-005'),
       (0, 'ST01-006'),
       (2, 'ST01-006'),
       (0, 'ST01-007'),
       (0, 'ST01-008'),
       (3, 'ST01-009'),
       (0, 'ST01-010'),
       (0, 'ST01-011'),
       (0, 'ST01-012'),
       (1, 'ST01-012'),
       (0, 'ST01-013'),
       (1, 'ST01-013');

INSERT INTO UT_CARD_DESCRIPTION (CARD_ID, LANGUAGE_CODE, NAME, EFFECT)
VALUES ('ST01-001', 'en', 'Monkey D.Luffy',
        '[Activate: Main] [Once Per Turn] Give this Leader or 1 of your Characters 1 rested DON!! card.'),
       ('ST01-001', 'fr', 'Monkey D.Luffy',
        '[Activate: Main] [Once Per Turn] Give this Leader or 1 of your Characters 1 rested DON!! card.'),
       ('ST01-002', 'en', 'Usopp',
        '[DON!! x2] [When Attacking] Your opponent cannot activate a [Blocker] Character that has 5000 or more power during this battle. \n [Trigger] Play this card.'),
       ('ST01-002', 'fr', 'Usopp',
        '[DON!! x2] [When Attacking] Your opponent cannot activate a [Blocker] Character that has 5000 or more power during this battle. \n [Trigger] Play this card.'),
       ('ST01-003', 'en', 'Karoo', NULL),
       ('ST01-003', 'fr', 'Karoo', NULL),
       ('ST01-004', 'en', 'Sanji',
        '[DON!! x2] This Character gains [Rush]. \n (This card can attack on the turn in which it is played.)'),
       ('ST01-004', 'fr', 'Sanji',
        '[DON!! x2] This Character gains [Rush]. \n (This card can attack on the turn in which it is played.)'),
       ('ST01-005', 'en', 'Jinbe',
        '[DON!! x1] [When Attacking] Your Leader or 1 of your Characters other than this card gains +1000 power during this turn.'),
       ('ST01-005', 'fr', 'Jinbe',
        '[DON!! x1] [When Attacking] Your Leader or 1 of your Characters other than this card gains +1000 power during this turn.'),
       ('ST01-006', 'en', 'Tony Tony Chopper',
        '[Blocker] (After your opponent declares an attack, you may rest this card to make it the new target of the attack.)'),
       ('ST01-006', 'fr', 'Tony Tony Chopper',
        '[Blocker] (After your opponent declares an attack, you may rest this card to make it the new target of the attack.)'),
       ('ST01-007', 'en', 'Nami',
        '[Activate: Main] [Once Per Turn] Give 1 rested DON!! card to your Leader or 1 of your Characters.'),
       ('ST01-007', 'fr', 'Nami',
        '[Activate: Main] [Once Per Turn] Give 1 rested DON!! card to your Leader or 1 of your Characters.'),
       ('ST01-008', 'en', 'Nico Robin', NULL),
       ('ST01-008', 'fr', 'Nico Robin', NULL),
       ('ST01-009', 'en', 'Nefeltari Vivi', NULL),
       ('ST01-009', 'fr', 'Nefertari Vivi', NULL),
       ('ST01-010', 'en', 'Franky', NULL),
       ('ST01-010', 'fr', 'Franky', NULL),
       ('ST01-011', 'en', 'Brook', '[On Play] Give up to 2 rested DON!! cards to your Leader or 1 of your Characters.'),
       ('ST01-011', 'fr', 'Brook',
        '[On Play] Give up to 2 rested DON!! cards to your Leader or 1 of your Characters.'),
       ('ST01-012', 'en', 'Monkey D.Luffy',
        '[Rush] (This card can attack on the turn in which it is played.) \n [DON!! x2] [When Attacking] Your opponent cannot activate [Blocker] during this battle.'),
       ('ST01-012', 'fr', 'Monkey D.Luffy',
        '[Rush] (This card can attack on the turn in which it is played.) \n [DON!! x2] [When Attacking] Your opponent cannot activate [Blocker] during this battle.'),
       ('ST01-013', 'en', 'Roronoa Zoro', '[DON!! x1] This Character gains +1000 power.'),
       ('ST01-013', 'fr', 'Roronoa Zoro', '[DON!! x1] This Character gains +1000 power.'),
       ('ST01-014', 'en', 'Guard Point',
        '[Counter] Your Leader or 1 of your Characters gains +3000 power during this battle. \n [Trigger] Your Leader or 1 of your Characters gains +1000 power during this turn.'),
       ('ST01-014', 'fr', 'Guard Point',
        '[Counter] Your Leader or 1 of your Characters gains +3000 power during this battle. \n [Trigger] Your Leader or 1 of your Characters gains +1000 power during this turn.'),
       ('ST01-015', 'en', 'Gum-Gum Jet Pistol',
        '[Main] K.O. 1 of your opponent''s Characters with 6000 power or less. \n [Trigger] Activate this card''s [Main] effect.'),
       ('ST01-015', 'fr', 'Gum-Gum Jet Pistol',
        '[Main] K.O. 1 of your opponent''s Characters with 6000 power or less. \n [Trigger] Activate this card''s [Main] effect.'),
       ('ST01-016', 'en', 'Diable Jambe',
        '[Main] Select 1 of your {Straw Hat Crew} type Leader or Character cards. Your opponent cannot activate [Blocker] if that Leader or Character attacks during this turn. \n [Trigger] K.O. 1 of your opponent''s [Blocker] Characters with a cost of 3 or less.'),
       ('ST01-016', 'fr', 'Diable Jambe',
        '[Main] Select 1 of your {Straw Hat Crew} type Leader or Character cards. Your opponent cannot activate [Blocker] if that Leader or Character attacks during this turn. \n [Trigger] K.O. 1 of your opponent''s [Blocker] Characters with a cost of 3 or less.'),
       ('ST01-017', 'en', 'Thousand Sunny',
        '[Activate: Main] You may rest this Stage: 1 {Straw Hat Crew} type Leader or Character card on your field gains +1000 power during this turn.'),
       ('ST01-017', 'fr', 'Thousand Sunny',
        '[Activate: Main] You may rest this Stage: 1 {Straw Hat Crew} type Leader or Character card on your field gains +1000 power during this turn.');

INSERT INTO UT_PRODUCT(ID, RELEASE_DATE)
VALUES ('ST-02', '2022-12-01');

INSERT INTO UT_PRODUCT_DESCRIPTION (PRODUCT_ID, LANGUAGE_CODE, NAME)
VALUES ('ST-02', 'en', 'Worst Generation [ST-02]'),
       ('ST-02', 'fr', 'Génération terrible [ST-02]');

INSERT INTO UT_CARD (ID, TYPE_ID, ATTRIBUTE_ID, COST, POWER, LIFE, COUNTER)
VALUES ('ST02-001', 0, 2, NULL, 5000, 5, NULL),
       ('ST02-002', 1, 1, 3, 5000, NULL, 1000),
       ('ST02-003', 1, 0, 2, 3000, NULL, 1000),
       ('ST02-004', 1, 2, 1, 1000, NULL, NULL),
       ('ST02-005', 1, 4, 3, 3000, NULL, 1000),
       ('ST02-006', 1, 0, 4, 6000, NULL, 1000),
       ('ST02-007', 1, 2, 1, 1000, NULL, 1000),
       ('ST02-008', 1, 1, 2, 3000, NULL, 2000),
       ('ST02-009', 1, 4, 5, 6000, NULL, 1000),
       ('ST02-010', 1, 4, 5, 6000, NULL, NULL),
       ('ST02-011', 1, 2, 2, 4000, NULL, 1000),
       ('ST02-012', 1, 0, 1, 3000, NULL, 1000),
       ('ST02-013', 1, 2, 7, 7000, NULL, NULL),
       ('ST02-014', 1, 4, 4, 5000, NULL, 1000),
       ('ST02-015', 3, NULL, 1, NULL, NULL, NULL),
       ('ST02-016', 3, NULL, 2, NULL, NULL, NULL),
       ('ST02-017', 3, NULL, 2, NULL, NULL, NULL);

INSERT INTO UT_CARD_IMAGE (CARD_ID, NAME, RARITY_ID, PRODUCT_ID)
VALUES ('ST02-001', 'ST02-001.png', 0, 'ST-02'),
       ('ST02-002', 'ST02-002.png', 1, 'ST-02'),
       ('ST02-003', 'ST02-003.png', 1, 'ST-02'),
       ('ST02-004', 'ST02-004.png', 1, 'ST-02'),
       ('ST02-005', 'ST02-005.png', 1, 'ST-02'),
       ('ST02-006', 'ST02-006.png', 1, 'ST-02'),
       ('ST02-007', 'ST02-007.png', 1, 'ST-02'),
       ('ST02-008', 'ST02-008.png', 1, 'ST-02'),
       ('ST02-009', 'ST02-009.png', 3, 'ST-02'),
       ('ST02-010', 'ST02-010.png', 1, 'ST-02'),
       ('ST02-011', 'ST02-011.png', 1, 'ST-02'),
       ('ST02-012', 'ST02-012.png', 1, 'ST-02'),
       ('ST02-013', 'ST02-013.png', 3, 'ST-02'),
       ('ST02-014', 'ST02-014.png', 1, 'ST-02'),
       ('ST02-015', 'ST02-015.png', 1, 'ST-02'),
       ('ST02-016', 'ST02-016.png', 1, 'ST-02'),
       ('ST02-017', 'ST02-017.png', 1, 'ST-02');


INSERT INTO UT_CARD_COLOR (COLOR_ID, CARD_ID)
VALUES (1, 'ST02-001'),
       (1, 'ST02-002'),
       (1, 'ST02-003'),
       (1, 'ST02-004'),
       (1, 'ST02-005'),
       (1, 'ST02-006'),
       (1, 'ST02-007'),
       (1, 'ST02-008'),
       (1, 'ST02-009'),
       (1, 'ST02-010'),
       (1, 'ST02-011'),
       (1, 'ST02-012'),
       (1, 'ST02-013'),
       (1, 'ST02-014'),
       (1, 'ST02-015'),
       (1, 'ST02-016'),
       (1, 'ST02-017');

INSERT INTO UT_CARD_TAG (TAG_ID, CARD_ID)
VALUES (1, 'ST02-001'),
       (5, 'ST02-001'),
       (6, 'ST02-002'),
       (1, 'ST02-003'),
       (7, 'ST02-003'),
       (1, 'ST02-004'),
       (6, 'ST02-004'),
       (1, 'ST02-005'),
       (5, 'ST02-005'),
       (8, 'ST02-006'),
       (1, 'ST02-007'),
       (9, 'ST02-007'),
       (1, 'ST02-008'),
       (10, 'ST02-008'),
       (1, 'ST02-009'),
       (11, 'ST02-009'),
       (1, 'ST02-010'),
       (12, 'ST02-010'),
       (5, 'ST02-011'),
       (13, 'ST02-012'),
       (11, 'ST02-012'),
       (1, 'ST02-013'),
       (5, 'ST02-013'),
       (1, 'ST02-014'),
       (8, 'ST02-014'),
       (14, 'ST02-014'),
       (1, 'ST02-015'),
       (11, 'ST02-015'),
       (1, 'ST02-016'),
       (5, 'ST02-016'),
       (1, 'ST02-017'),
       (12, 'ST02-017');

INSERT INTO UT_CARD_DESCRIPTION (CARD_ID, LANGUAGE_CODE, NAME, EFFECT)
VALUES ('ST02-001', 'en', 'Eustass "Captain" Kid',
        '[Activate: Main] [Once Per Turn] (3)(You may rest the specified number of DON!! cards in your cost area.): You may trash 1 card from your hand: Set this Leader as active.'),
       ('ST02-001', 'fr', 'Eustass "Captain" Kid',
        '[Activate: Main] [Once Per Turn] (3)(You may rest the specified number of DON!! cards in your cost area.): You may trash 1 card from your hand: Set this Leader as active.'),
       ('ST02-002', 'en', 'Vito', NULL),
       ('ST02-002', 'fr', 'Vito', NULL),
       ('ST02-003', 'en', 'Urouge', '[DON!! x1] If you have 3 or more Characters, this card gains +2000 power.'),
       ('ST02-003', 'fr', 'Urouge', '[DON!! x1] If you have 3 or more Characters, this card gains +2000 power.'),
       ('ST02-004', 'en', 'Capone "Gang" Bege',
        '[Blocker] (After your opponent declares an attack, you may rest this card to make it the new target of the attack.)'),
       ('ST02-004', 'fr', 'Capone "Gang" Bege',
        '[Blocker] (After your opponent declares an attack, you may rest this card to make it the new target of the attack.)'),
       ('ST02-005', 'en', 'Killer',
        '[On Play] K.O. 1 of your opponent''s rested Characters with a cost of 3 or less. \n [Trigger] Play this card.'),
       ('ST02-005', 'fr', 'Killer',
        '[On Play] K.O. 1 of your opponent''s rested Characters with a cost of 3 or less. \n [Trigger] Play this card.'),
       ('ST02-006', 'en', 'Koby', NULL),
       ('ST02-006', 'fr', 'Koby', NULL),
       ('ST02-007', 'en', 'Jewelry Bonney',
        '[Activate: Main] (1)(You may rest the specified number of DON!! cards in your cost area.) You may rest this card: Look at up to 5 cards from the top of your deck; reveal 1 {Supernovas} type card and add it to your hand. Then, place the rest at the bottom of your deck in any order.'),
       ('ST02-007', 'fr', 'Jewelry Bonney',
        '[Activate: Main] (1)(You may rest the specified number of DON!! cards in your cost area.) You may rest this card: Look at up to 5 cards from the top of your deck; reveal 1 {Supernovas} type card and add it to your hand. Then, place the rest at the bottom of your deck in any order.'),
       ('ST02-008', 'en', 'Scratchmen Apoo', '[DON!! x1] [When Attacking] Rest 1 of your opponent''s DON!! cards.'),
       ('ST02-008', 'fr', 'Scratchmen Apoo', '[DON!! x1] [When Attacking] Rest 1 of your opponent''s DON!! cards.'),
       ('ST02-009', 'en', 'Trafalgar Law',
        '[On Play] Set 1 of your {Supernovas} or {Heart Pirates} type rested Characters with a cost of 5 or less as active.'),
       ('ST02-009', 'fr', 'Trafalgar Law',
        '[On Play] Set 1 of your {Supernovas} or {Heart Pirates} type rested Characters with a cost of 5 or less as active.'),
       ('ST02-010', 'en', 'Basil Hawkins',
        '[DON!! x1] [Once Per Turn] [Your Turn] If this Character battles your opponent''s Character, set this card as active.'),
       ('ST02-010', 'fr', 'Basil Hawkins',
        '[DON!! x1] [Once Per Turn] [Your Turn] If this Character battles your opponent''s Character, set this card as active.'),
       ('ST02-011', 'en', 'Heat', NULL),
       ('ST02-011', 'fr', 'Heat', NULL),
       ('ST02-012', 'en', 'Bepo', NULL),
       ('ST02-012', 'fr', 'Bepo', NULL),
       ('ST02-013', 'en', 'Eustass "Captain" Kid',
        '[Blocker] (After your opponent declares an attack, you may rest this card to make it the new target of the attack.) \n [DON!! x1] [End of Your Turn] Set this card as active.'),
       ('ST02-013', 'fr', 'Eustass "Captain" Kid',
        '[Blocker] (After your opponent declares an attack, you may rest this card to make it the new target of the attack.) \n [DON!! x1] [End of Your Turn] Set this card as active.'),
       ('ST02-014', 'en', 'X.Drake',
        '[DON!! x1] [Your Turn] If this Character is rested, your {Supernovas} or {Navy} type Leaders and Characters gain +1000 power.'),
       ('ST02-014', 'fr', 'X.Drake',
        '[DON!! x1] [Your Turn] If this Character is rested, your {Supernovas} or {Navy} type Leaders and Characters gain +1000 power.'),
       ('ST02-015', 'en', 'Scalpel',
        '[Counter] Your Leader or 1 of your Characters gains +2000 power during this battle. Then, set 1 of your DON!! cards as active. \n [Trigger] Set up to 2 of your DON!! cards as active.'),
       ('ST02-015', 'fr', 'Scalpel',
        '[Counter] Your Leader or 1 of your Characters gains +2000 power during this battle. Then, set 1 of your DON!! cards as active. \n [Trigger] Set up to 2 of your DON!! cards as active.'),
       ('ST02-016', 'en', 'Repel',
        '[Counter] Your Leader or 1 of your Characters gains +4000 power during this battle. Then, set 1 of your DON!! cards as active.'),
       ('ST02-016', 'fr', 'Repel',
        '[Counter] Your Leader or 1 of your Characters gains +4000 power during this battle. Then, set 1 of your DON!! cards as active.'),
       ('ST02-017', 'en', 'Straw Sword',
        '[Main] Rest 1 of your opponent''s Characters. \n [Trigger] Play 1 {Supernovas} type card with a cost of 2 or less from your hand.'),
       ('ST02-017', 'fr', 'Straw Sword',
        '[Main] Rest 1 of your opponent''s Characters. \n [Trigger] Play 1 {Supernovas} type card with a cost of 2 or less from your hand.');
