INSERT INTO UT_USER (MAIL)
VALUES ('test-user@test.com'),
       ('second-test-user@test.com');

INSERT INTO UT_DECK (ID, USER_MAIL, LEADER_ID, NAME, CREATION_DATE, DESCRIPTION, COUNT_FAVORITES)
VALUES ('97e852fe-3810-4f60-a143-da10e7c8a760', 'test-user@test.com', 'ST01-001', 'LUFFY STARTER', '2022-10-12',
        'Example of a deck. This is the first starter', 0);

INSERT INTO UT_DECK_CARD (DECK_ID, CARD_ID)
VALUES ('97e852fe-3810-4f60-a143-da10e7c8a760', 'ST01-006'),
       ('97e852fe-3810-4f60-a143-da10e7c8a760', 'ST01-006'),
       ('97e852fe-3810-4f60-a143-da10e7c8a760', 'ST01-006'),
       ('97e852fe-3810-4f60-a143-da10e7c8a760', 'ST01-006'),
       ('97e852fe-3810-4f60-a143-da10e7c8a760', 'ST01-007'),
       ('97e852fe-3810-4f60-a143-da10e7c8a760', 'ST01-007'),
       ('97e852fe-3810-4f60-a143-da10e7c8a760', 'ST01-007'),
       ('97e852fe-3810-4f60-a143-da10e7c8a760', 'ST01-007'),
       ('97e852fe-3810-4f60-a143-da10e7c8a760', 'ST01-003'),
       ('97e852fe-3810-4f60-a143-da10e7c8a760', 'ST01-003'),
       ('97e852fe-3810-4f60-a143-da10e7c8a760', 'ST01-003'),
       ('97e852fe-3810-4f60-a143-da10e7c8a760', 'ST01-003'),
       ('97e852fe-3810-4f60-a143-da10e7c8a760', 'ST01-002'),
       ('97e852fe-3810-4f60-a143-da10e7c8a760', 'ST01-002'),
       ('97e852fe-3810-4f60-a143-da10e7c8a760', 'ST01-002'),
       ('97e852fe-3810-4f60-a143-da10e7c8a760', 'ST01-002'),
       ('97e852fe-3810-4f60-a143-da10e7c8a760', 'ST01-011'),
       ('97e852fe-3810-4f60-a143-da10e7c8a760', 'ST01-011'),
       ('97e852fe-3810-4f60-a143-da10e7c8a760', 'ST01-004'),
       ('97e852fe-3810-4f60-a143-da10e7c8a760', 'ST01-004'),
       ('97e852fe-3810-4f60-a143-da10e7c8a760', 'ST01-004'),
       ('97e852fe-3810-4f60-a143-da10e7c8a760', 'ST01-004'),
       ('97e852fe-3810-4f60-a143-da10e7c8a760', 'ST01-009'),
       ('97e852fe-3810-4f60-a143-da10e7c8a760', 'ST01-009'),
       ('97e852fe-3810-4f60-a143-da10e7c8a760', 'ST01-009'),
       ('97e852fe-3810-4f60-a143-da10e7c8a760', 'ST01-009'),
       ('97e852fe-3810-4f60-a143-da10e7c8a760', 'ST01-013'),
       ('97e852fe-3810-4f60-a143-da10e7c8a760', 'ST01-013'),
       ('97e852fe-3810-4f60-a143-da10e7c8a760', 'ST01-005'),
       ('97e852fe-3810-4f60-a143-da10e7c8a760', 'ST01-005'),
       ('97e852fe-3810-4f60-a143-da10e7c8a760', 'ST01-005'),
       ('97e852fe-3810-4f60-a143-da10e7c8a760', 'ST01-005'),
       ('97e852fe-3810-4f60-a143-da10e7c8a760', 'ST01-008'),
       ('97e852fe-3810-4f60-a143-da10e7c8a760', 'ST01-008'),
       ('97e852fe-3810-4f60-a143-da10e7c8a760', 'ST01-008'),
       ('97e852fe-3810-4f60-a143-da10e7c8a760', 'ST01-008'),
       ('97e852fe-3810-4f60-a143-da10e7c8a760', 'ST01-010'),
       ('97e852fe-3810-4f60-a143-da10e7c8a760', 'ST01-010'),
       ('97e852fe-3810-4f60-a143-da10e7c8a760', 'ST01-010'),
       ('97e852fe-3810-4f60-a143-da10e7c8a760', 'ST01-010'),
       ('97e852fe-3810-4f60-a143-da10e7c8a760', 'ST01-012'),
       ('97e852fe-3810-4f60-a143-da10e7c8a760', 'ST01-012'),
       ('97e852fe-3810-4f60-a143-da10e7c8a760', 'ST01-014'),
       ('97e852fe-3810-4f60-a143-da10e7c8a760', 'ST01-014'),
       ('97e852fe-3810-4f60-a143-da10e7c8a760', 'ST01-016'),
       ('97e852fe-3810-4f60-a143-da10e7c8a760', 'ST01-016'),
       ('97e852fe-3810-4f60-a143-da10e7c8a760', 'ST01-015'),
       ('97e852fe-3810-4f60-a143-da10e7c8a760', 'ST01-015'),
       ('97e852fe-3810-4f60-a143-da10e7c8a760', 'ST01-017'),
       ('97e852fe-3810-4f60-a143-da10e7c8a760', 'ST01-017');


INSERT INTO UT_DECK (ID, USER_MAIL, LEADER_ID, NAME, CREATION_DATE, DESCRIPTION, COUNT_FAVORITES)
VALUES ('97e852fe-3810-4f60-a143-da10e7c8a680', 'second-test-user@test.com', 'ST02-001', 'KID STARTER', '2022-11-12',
        'Example of a deck. This is the second starter', 1);

INSERT INTO UT_DECK_CARD (DECK_ID, CARD_ID)
VALUES ('97e852fe-3810-4f60-a143-da10e7c8a680', 'ST02-006'),
       ('97e852fe-3810-4f60-a143-da10e7c8a680', 'ST02-006'),
       ('97e852fe-3810-4f60-a143-da10e7c8a680', 'ST02-006'),
       ('97e852fe-3810-4f60-a143-da10e7c8a680', 'ST02-006'),
       ('97e852fe-3810-4f60-a143-da10e7c8a680', 'ST02-007'),
       ('97e852fe-3810-4f60-a143-da10e7c8a680', 'ST02-007'),
       ('97e852fe-3810-4f60-a143-da10e7c8a680', 'ST02-007'),
       ('97e852fe-3810-4f60-a143-da10e7c8a680', 'ST02-007'),
       ('97e852fe-3810-4f60-a143-da10e7c8a680', 'ST02-003'),
       ('97e852fe-3810-4f60-a143-da10e7c8a680', 'ST02-003'),
       ('97e852fe-3810-4f60-a143-da10e7c8a680', 'ST02-003'),
       ('97e852fe-3810-4f60-a143-da10e7c8a680', 'ST02-003'),
       ('97e852fe-3810-4f60-a143-da10e7c8a680', 'ST02-002'),
       ('97e852fe-3810-4f60-a143-da10e7c8a680', 'ST02-002'),
       ('97e852fe-3810-4f60-a143-da10e7c8a680', 'ST02-002'),
       ('97e852fe-3810-4f60-a143-da10e7c8a680', 'ST02-002'),
       ('97e852fe-3810-4f60-a143-da10e7c8a680', 'ST02-011'),
       ('97e852fe-3810-4f60-a143-da10e7c8a680', 'ST02-011'),
       ('97e852fe-3810-4f60-a143-da10e7c8a680', 'ST02-004'),
       ('97e852fe-3810-4f60-a143-da10e7c8a680', 'ST02-004'),
       ('97e852fe-3810-4f60-a143-da10e7c8a680', 'ST02-004'),
       ('97e852fe-3810-4f60-a143-da10e7c8a680', 'ST02-004'),
       ('97e852fe-3810-4f60-a143-da10e7c8a680', 'ST02-009'),
       ('97e852fe-3810-4f60-a143-da10e7c8a680', 'ST02-009'),
       ('97e852fe-3810-4f60-a143-da10e7c8a680', 'ST02-009'),
       ('97e852fe-3810-4f60-a143-da10e7c8a680', 'ST02-009'),
       ('97e852fe-3810-4f60-a143-da10e7c8a680', 'ST02-013'),
       ('97e852fe-3810-4f60-a143-da10e7c8a680', 'ST02-013'),
       ('97e852fe-3810-4f60-a143-da10e7c8a680', 'ST02-005'),
       ('97e852fe-3810-4f60-a143-da10e7c8a680', 'ST02-005'),
       ('97e852fe-3810-4f60-a143-da10e7c8a680', 'ST02-005'),
       ('97e852fe-3810-4f60-a143-da10e7c8a680', 'ST02-005'),
       ('97e852fe-3810-4f60-a143-da10e7c8a680', 'ST02-008'),
       ('97e852fe-3810-4f60-a143-da10e7c8a680', 'ST02-008'),
       ('97e852fe-3810-4f60-a143-da10e7c8a680', 'ST02-008'),
       ('97e852fe-3810-4f60-a143-da10e7c8a680', 'ST02-008'),
       ('97e852fe-3810-4f60-a143-da10e7c8a680', 'ST02-010'),
       ('97e852fe-3810-4f60-a143-da10e7c8a680', 'ST02-010'),
       ('97e852fe-3810-4f60-a143-da10e7c8a680', 'ST02-010'),
       ('97e852fe-3810-4f60-a143-da10e7c8a680', 'ST02-010'),
       ('97e852fe-3810-4f60-a143-da10e7c8a680', 'ST02-012'),
       ('97e852fe-3810-4f60-a143-da10e7c8a680', 'ST02-012'),
       ('97e852fe-3810-4f60-a143-da10e7c8a680', 'ST02-014'),
       ('97e852fe-3810-4f60-a143-da10e7c8a680', 'ST02-014'),
       ('97e852fe-3810-4f60-a143-da10e7c8a680', 'ST02-016'),
       ('97e852fe-3810-4f60-a143-da10e7c8a680', 'ST02-016'),
       ('97e852fe-3810-4f60-a143-da10e7c8a680', 'ST02-015'),
       ('97e852fe-3810-4f60-a143-da10e7c8a680', 'ST02-015'),
       ('97e852fe-3810-4f60-a143-da10e7c8a680', 'ST02-017'),
       ('97e852fe-3810-4f60-a143-da10e7c8a680', 'ST02-017');


INSERT INTO UT_DECK_FAVORITE(DECK_ID, USER_MAIL)
VALUES ('97e852fe-3810-4f60-a143-da10e7c8a680', 'test-user@test.com')
