INSERT INTO UT_PRODUCT(ID, RELEASE_DATE)
VALUES ('OP-01', '2022-12-01')
ON CONFLICT DO NOTHING;

INSERT INTO UT_PRODUCT_DESCRIPTION (PRODUCT_ID, LANGUAGE_CODE, NAME)
VALUES ('OP-01', 'en', 'ROMANCE DAWN [OP-01]'),
       ('OP-01', 'fr', 'ROMANCE DAWN [OP-01]')
ON CONFLICT DO NOTHING;

INSERT INTO UT_CARD (ID, TYPE_ID, ATTRIBUTE_ID, COST, POWER, LIFE, COUNTER)
VALUES ('OP01-001', 0, 4, NULL, 5000, 5, NULL),
       ('OP01-002', 0, 4, NULL, 5000, 4, NULL),
       ('OP01-003', 0, 0, NULL, 5000, 4, NULL),
       ('OP01-004', 1, 1, 2, 3000, NULL, 2000),
       ('OP01-005', 1, 2, 4, 4000, NULL, NULL),
       ('OP01-006', 1, 2, 1, NULL, NULL, 2000),
       ('OP01-007', 1, 2, 3, 4000, NULL, 1000),
       ('OP01-008', 1, 4, 4, 5000, NULL, NULL),
       ('OP01-009', 1, 0, 2, 3000, NULL, 1000),
       ('OP01-010', 1, 0, 1, 3000, NULL, 1000),
       ('OP01-011', 1, 3, 2, 3000, NULL, 2000),
       ('OP01-012', 1, 4, 2, 4000, NULL, 1000),
       ('OP01-013', 1, 0, 2, 3000, NULL, 2000),
       ('OP01-014', 1, 0, 4, 5000, NULL, NULL),
       ('OP01-015', 1, 3, 3, 4000, NULL, 1000),
       ('OP01-016', 1, 2, 1, 2000, NULL, 1000),
       ('OP01-017', 1, 0, 3, 4000, NULL, 1000),
       ('OP01-018', 1, 0, 4, 6000, NULL, 1000),
       ('OP01-019', 1, 2, 2, 2000, NULL, 1000),
       ('OP01-020', 1, 0, 2, 3000, NULL, 1000),
       ('OP01-021', 1, 1, 3, 4000, NULL, NULL),
       ('OP01-022', 1, 4, 4, 5000, NULL, 1000),
       ('OP01-023', 1, 2, 3, 5000, NULL, 1000),
       ('OP01-024', 1, 0, 2, 3000, NULL, 1000),
       ('OP01-025', 1, 4, 3, 5000, NULL, NULL),
       ('OP01-026', 3, NULL, 2, NULL, NULL, NULL),
       ('OP01-027', 3, NULL, 4, NULL, NULL, NULL),
       ('OP01-028', 3, NULL, 1, NULL, NULL, NULL),
       ('OP01-029', 3, NULL, 1, NULL, NULL, NULL),
       ('OP01-030', 3, NULL, 1, NULL, NULL, NULL),
       ('OP01-031', 0, 4, NULL, 5000, 5, NULL),
       ('OP01-032', 1, 4, 3, 4000, NULL, 1000),
       ('OP01-033', 1, 1, 3, 3000, NULL, 2000),
       ('OP01-034', 1, 4, 3, 4000, NULL, 1000),
       ('OP01-035', 1, 4, 3, 5000, NULL, NULL),
       ('OP01-036', 1, 3, 1, 3000, NULL, 1000),
       ('OP01-037', 1, 4, 2, 3000, NULL, 1000),
       ('OP01-038', 1, 4, 2, 3000, NULL, 1000),
       ('OP01-039', 1, 4, 2, 2000, NULL, 1000),
       ('OP01-040', 1, 4, 6, 6000, NULL, NULL),
       ('OP01-041', 1, 4, 1, NULL, NULL, 1000),
       ('OP01-042', 1, 3, 1, NULL, NULL, 1000),
       ('OP01-043', 1, 2, 3, 5000, NULL, 1000),
       ('OP01-044', 1, 0, 3, 4000, NULL, 1000),
       ('OP01-045', 1, 0, 4, 6000, NULL, 1000),
       ('OP01-046', 1, 4, 5, 7000, NULL, NULL),
       ('OP01-047', 1, 4, 5, 6000, NULL, NULL),
       ('OP01-048', 1, 4, 2, 3000, NULL, 1000),
       ('OP01-049', 1, 0, 4, 4000, NULL, 2000),
       ('OP01-050', 1, 0, 3, 2000, NULL, 1000),
       ('OP01-051', 1, 2, 8, 8000, NULL, NULL),
       ('OP01-052', 1, 4, 3, 4000, NULL, 1000),
       ('OP01-053', 1, 4, 2, 4000, NULL, 1000),
       ('OP01-054', 1, 4, 5, 6000, NULL, 1000),
       ('OP01-055', 3, NULL, 1, NULL, NULL, NULL),
       ('OP01-056', 3, NULL, 6, NULL, NULL, NULL),
       ('OP01-057', 3, NULL, 1, NULL, NULL, NULL),
       ('OP01-058', 3, NULL, 2, NULL, NULL, NULL),
       ('OP01-059', 3, NULL, 3, NULL, NULL, NULL),
       ('OP01-060', 0, 2, NULL, 5000, 5, NULL),
       ('OP01-061', 0, 0, NULL, 5000, 4, NULL),
       ('OP01-062', 0, 2, NULL, 5000, 4, NULL),
       ('OP01-063', 1, 4, 4, 5000, NULL, 1000),
       ('OP01-064', 1, 0, 2, 3000, NULL, 2000),
       ('OP01-065', 1, 0, 5, 7000, NULL, 1000),
       ('OP01-066', 1, 4, 4, 6000, NULL, 1000),
       ('OP01-067', 1, 2, 7, 7000, NULL, 1000),
       ('OP01-068', 1, 2, 4, 5000, NULL, 1000),
       ('OP01-069', 1, 2, 4, 5000, NULL, 1000),
       ('OP01-070', 1, 4, 9, 9000, NULL, NULL),
       ('OP01-071', 1, 0, 4, 2000, NULL, NULL),
       ('OP01-072', 1, 2, 3, 1000, NULL, 1000),
       ('OP01-073', 1, 2, 3, 4000, NULL, 1000),
       ('OP01-074', 1, 0, 4, 5000, NULL, 1000),
       ('OP01-075', 1, 2, 4, 5000, NULL, NULL),
       ('OP01-076', 1, 0, 2, 4000, NULL, 1000),
       ('OP01-077', 1, 2, 1, 2000, NULL, 1000),
       ('OP01-078', 1, 2, 4, 5000, NULL, 1000),
       ('OP01-079', 1, 0, 3, 1000, NULL, 1000),
       ('OP01-080', 1, 4, 3, 4000, NULL, 1000),
       ('OP01-081', 1, 0, 3, 5000, NULL, 1000),
       ('OP01-082', 1, 2, 2, 3000, NULL, 1000),
       ('OP01-083', 1, 4, 2, 3000, NULL, 1000),
       ('OP01-084', 1, 0, 3, 4000, NULL, 2000),
       ('OP01-085', 1, 2, 2, 3000, NULL, 1000),
       ('OP01-086', 3, NULL, 2, NULL, NULL, NULL),
       ('OP01-087', 3, NULL, 2, NULL, NULL, NULL),
       ('OP01-088', 3, NULL, 1, NULL, NULL, NULL),
       ('OP01-089', 3, NULL, 3, NULL, NULL, NULL),
       ('OP01-090', 3, NULL, 1, NULL, NULL, NULL),
       ('OP01-091', 0, 2, NULL, 5000, 5, NULL),
       ('OP01-092', 1, 0, 7, 9000, NULL, 1000),
       ('OP01-093', 1, 0, 2, 3000, NULL, NULL),
       ('OP01-094', 1, 0, 10, 12000, NULL, NULL),
       ('OP01-095', 1, 4, 5, 6000, NULL, 1000),
       ('OP01-096', 1, 2, 7, 7000, NULL, NULL),
       ('OP01-097', 1, 0, 6, 5000, NULL, 1000),
       ('OP01-098', 1, 3, 1, 2000, NULL, 2000),
       ('OP01-099', 1, 2, 2, 3000, NULL, 1000),
       ('OP01-100', 1, 2, 2, 3000, NULL, 1000),
       ('OP01-101', 1, 4, 3, 4000, NULL, 2000),
       ('OP01-102', 1, 0, 3, 4000, NULL, 1000),
       ('OP01-103', 1, 1, 4, 6000, NULL, 1000),
       ('OP01-104', 1, 0, 2, 3000, NULL, 1000),
       ('OP01-105', 1, 3, 2, 3000, NULL, 1000),
       ('OP01-106', 1, 4, 4, 2000, NULL, 1000),
       ('OP01-107', 1, 1, 5, 7000, NULL, 1000),
       ('OP01-108', 1, 4, 4, 5000, NULL, 1000),
       ('OP01-109', 1, 4, 2, 3000, NULL, 1000),
       ('OP01-110', 1, 2, 6, 8000, NULL, 1000),
       ('OP01-111', 1, 2, 4, 5000, NULL, 1000),
       ('OP01-112', 1, 0, 4, 5000, NULL, 1000),
       ('OP01-113', 1, 2, 3, 4000, NULL, 1000),
       ('OP01-114', 1, 4, 5, 5000, NULL, 2000),
       ('OP01-115', 3, NULL, 4, NULL, NULL, NULL),
       ('OP01-116', 3, NULL, 2, NULL, NULL, NULL),
       ('OP01-117', 3, NULL, 2, NULL, NULL, NULL),
       ('OP01-118', 3, NULL, 1, NULL, NULL, NULL),
       ('OP01-119', 3, NULL, 2, NULL, NULL, NULL),
       ('OP01-120', 1, 4, 9, 10000, NULL, NULL),
       ('OP01-121', 1, 0, 5, 5000, NULL, 1000)
ON CONFLICT DO NOTHING;

INSERT INTO UT_CARD_IMAGE (CARD_ID, NAME, RARITY_ID, PRODUCT_ID)
VALUES ('OP01-001', 'OP01-001.png', 0, 'OP-01'),
       ('OP01-001', 'OP01-001_p1.png', 0, 'OP-01'),
       ('OP01-002', 'OP01-002.png', 0, 'OP-01'),
       ('OP01-002', 'OP01-002_p1.png', 0, 'OP-01'),
       ('OP01-003', 'OP01-003.png', 0, 'OP-01'),
       ('OP01-003', 'OP01-003_p1.png', 0, 'OP-01'),
       ('OP01-004', 'OP01-004.png', 5, 'OP-01'),
       ('OP01-005', 'OP01-005.png', 5, 'OP-01'),
       ('OP01-006', 'OP01-006.png', 2, 'OP-01'),
       ('OP01-007', 'OP01-007.png', 1, 'OP-01'),
       ('OP01-008', 'OP01-008.png', 1, 'OP-01'),
       ('OP01-008', 'OP01-008_p1.png', 1, 'OP-01'),
       ('OP01-009', 'OP01-009.png', 1, 'OP-01'),
       ('OP01-010', 'OP01-010.png', 1, 'OP-01'),
       ('OP01-011', 'OP01-011.png', 2, 'OP-01'),
       ('OP01-012', 'OP01-012.png', 1, 'OP-01'),
       ('OP01-013', 'OP01-013.png', 5, 'OP-01'),
       ('OP01-013', 'OP01-013_p1.png', 5, 'OP-01'),
       ('OP01-014', 'OP01-014.png', 2, 'OP-01'),
       ('OP01-015', 'OP01-015.png', 2, 'OP-01'),
       ('OP01-016', 'OP01-016.png', 5, 'OP-01'),
       ('OP01-016', 'OP01-016_p1.png', 5, 'OP-01'),
       ('OP01-017', 'OP01-017.png', 5, 'OP-01'),
       ('OP01-018', 'OP01-018.png', 1, 'OP-01'),
       ('OP01-019', 'OP01-019.png', 1, 'OP-01'),
       ('OP01-020', 'OP01-020.png', 1, 'OP-01'),
       ('OP01-021', 'OP01-021.png', 2, 'OP-01'),
       ('OP01-022', 'OP01-022.png', 2, 'OP-01'),
       ('OP01-023', 'OP01-023.png', 1, 'OP-01'),
       ('OP01-024', 'OP01-024.png', 3, 'OP-01'),
       ('OP01-024', 'OP01-024_p1.png', 3, 'OP-01'),
       ('OP01-025', 'OP01-025.png', 3, 'OP-01'),
       ('OP01-025', 'OP01-025_p1.png', 3, 'OP-01'),
       ('OP01-026', 'OP01-026.png', 5, 'OP-01'),
       ('OP01-027', 'OP01-027.png', 1, 'OP-01'),
       ('OP01-028', 'OP01-028.png', 1, 'OP-01'),
       ('OP01-029', 'OP01-029.png', 2, 'OP-01'),
       ('OP01-030', 'OP01-030.png', 2, 'OP-01'),
       ('OP01-031', 'OP01-031.png', 0, 'OP-01'),
       ('OP01-031', 'OP01-031_p1.png', 0, 'OP-01'),
       ('OP01-032', 'OP01-032.png', 2, 'OP-01'),
       ('OP01-033', 'OP01-033.png', 2, 'OP-01'),
       ('OP01-034', 'OP01-034.png', 1, 'OP-01'),
       ('OP01-034', 'OP01-034_p1.png', 1, 'OP-01'),
       ('OP01-035', 'OP01-035.png', 5, 'OP-01'),
       ('OP01-036', 'OP01-036.png', 1, 'OP-01'),
       ('OP01-037', 'OP01-037.png', 1, 'OP-01'),
       ('OP01-038', 'OP01-038.png', 1, 'OP-01'),
       ('OP01-039', 'OP01-039.png', 2, 'OP-01'),
       ('OP01-040', 'OP01-040.png', 3, 'OP-01'),
       ('OP01-040', 'OP01-040_p1.png', 3, 'OP-01'),
       ('OP01-041', 'OP01-041.png', 5, 'OP-01'),
       ('OP01-042', 'OP01-042.png', 2, 'OP-01'),
       ('OP01-043', 'OP01-043.png', 1, 'OP-01'),
       ('OP01-044', 'OP01-044.png', 1, 'OP-01'),
       ('OP01-045', 'OP01-045.png', 1, 'OP-01'),
       ('OP01-046', 'OP01-046.png', 5, 'OP-01'),
       ('OP01-047', 'OP01-047.png', 3, 'OP-01'),
       ('OP01-047', 'OP01-047_p1.png', 3, 'OP-01'),
       ('OP01-048', 'OP01-048.png', 1, 'OP-01'),
       ('OP01-048', 'OP01-048_p1.png', 1, 'OP-01'),
       ('OP01-049', 'OP01-049.png', 5, 'OP-01'),
       ('OP01-050', 'OP01-050.png', 1, 'OP-01'),
       ('OP01-051', 'OP01-051.png', 3, 'OP-01'),
       ('OP01-051', 'OP01-051_p1.png', 3, 'OP-01'),
       ('OP01-052', 'OP01-052.png', 2, 'OP-01'),
       ('OP01-053', 'OP01-053.png', 1, 'OP-01'),
       ('OP01-054', 'OP01-054.png', 5, 'OP-01'),
       ('OP01-055', 'OP01-055.png', 1, 'OP-01'),
       ('OP01-056', 'OP01-056.png', 2, 'OP-01'),
       ('OP01-057', 'OP01-057.png', 2, 'OP-01'),
       ('OP01-058', 'OP01-058.png', 5, 'OP-01'),
       ('OP01-059', 'OP01-059.png', 1, 'OP-01'),
       ('OP01-060', 'OP01-060.png', 0, 'OP-01'),
       ('OP01-060', 'OP01-060_p1.png', 0, 'OP-01'),
       ('OP01-061', 'OP01-061.png', 0, 'OP-01'),
       ('OP01-061', 'OP01-061_p1.png', 0, 'OP-01'),
       ('OP01-062', 'OP01-062.png', 0, 'OP-01'),
       ('OP01-062', 'OP01-062_p1.png', 0, 'OP-01'),
       ('OP01-063', 'OP01-063.png', 2, 'OP-01'),
       ('OP01-064', 'OP01-064.png', 1, 'OP-01'),
       ('OP01-064', 'OP01-064_p1.png', 1, 'OP-01'),
       ('OP01-065', 'OP01-065.png', 1, 'OP-01'),
       ('OP01-066', 'OP01-066.png', 1, 'OP-01'),
       ('OP01-067', 'OP01-067.png', 3, 'OP-01'),
       ('OP01-067', 'OP01-067_p1.png', 3, 'OP-01'),
       ('OP01-068', 'OP01-068.png', 5, 'OP-01'),
       ('OP01-069', 'OP01-069.png', 5, 'OP-01'),
       ('OP01-070', 'OP01-070.png', 3, 'OP-01'),
       ('OP01-070', 'OP01-070_p1.png', 3, 'OP-01'),
       ('OP01-071', 'OP01-071.png', 5, 'OP-01'),
       ('OP01-072', 'OP01-072.png', 1, 'OP-01'),
       ('OP01-073', 'OP01-073.png', 5, 'OP-01'),
       ('OP01-073', 'OP01-073_p1.png', 5, 'OP-01'),
       ('OP01-074', 'OP01-074.png', 5, 'OP-01'),
       ('OP01-075', 'OP01-075.png', 1, 'OP-01'),
       ('OP01-076', 'OP01-076.png', 1, 'OP-01'),
       ('OP01-077', 'OP01-077.png', 2, 'OP-01'),
       ('OP01-077', 'OP01-077_p1.png', 2, 'OP-01'),
       ('OP01-078', 'OP01-078.png', 3, 'OP-01'),
       ('OP01-078', 'OP01-078_p1.png', 3, 'OP-01'),
       ('OP01-079', 'OP01-079.png', 5, 'OP-01'),
       ('OP01-080', 'OP01-080.png', 1, 'OP-01'),
       ('OP01-081', 'OP01-081.png', 1, 'OP-01'),
       ('OP01-082', 'OP01-082.png', 1, 'OP-01'),
       ('OP01-083', 'OP01-083.png', 2, 'OP-01'),
       ('OP01-084', 'OP01-084.png', 2, 'OP-01'),
       ('OP01-085', 'OP01-085.png', 2, 'OP-01'),
       ('OP01-086', 'OP01-086.png', 5, 'OP-01'),
       ('OP01-087', 'OP01-087.png', 1, 'OP-01'),
       ('OP01-088', 'OP01-088.png', 2, 'OP-01'),
       ('OP01-089', 'OP01-089.png', 1, 'OP-01'),
       ('OP01-090', 'OP01-090.png', 2, 'OP-01'),
       ('OP01-091', 'OP01-091.png', 0, 'OP-01'),
       ('OP01-091', 'OP01-091_p1.png', 0, 'OP-01'),
       ('OP01-092', 'OP01-092.png', 1, 'OP-01'),
       ('OP01-093', 'OP01-093.png', 5, 'OP-01'),
       ('OP01-093', 'OP01-093_p1.png', 5, 'OP-01'),
       ('OP01-094', 'OP01-094.png', 3, 'OP-01'),
       ('OP01-094', 'OP01-094_p1.png', 3, 'OP-01'),
       ('OP01-095', 'OP01-095.png', 2, 'OP-01'),
       ('OP01-096', 'OP01-096.png', 3, 'OP-01'),
       ('OP01-096', 'OP01-096_p1.png', 3, 'OP-01'),
       ('OP01-097', 'OP01-097.png', 5, 'OP-01'),
       ('OP01-097', 'OP01-097_p1.png', 5, 'OP-01'),
       ('OP01-098', 'OP01-098.png', 2, 'OP-01'),
       ('OP01-099', 'OP01-099.png', 1, 'OP-01'),
       ('OP01-100', 'OP01-100.png', 1, 'OP-01'),
       ('OP01-101', 'OP01-101.png', 2, 'OP-01'),
       ('OP01-102', 'OP01-102.png', 5, 'OP-01'),
       ('OP01-102', 'OP01-102_p1.png', 5, 'OP-01'),
       ('OP01-103', 'OP01-103.png', 1, 'OP-01'),
       ('OP01-104', 'OP01-104.png', 1, 'OP-01'),
       ('OP01-105', 'OP01-105.png', 1, 'OP-01'),
       ('OP01-106', 'OP01-106.png', 2, 'OP-01'),
       ('OP01-107', 'OP01-107.png', 1, 'OP-01'),
       ('OP01-108', 'OP01-108.png', 2, 'OP-01'),
       ('OP01-109', 'OP01-109.png', 2, 'OP-01'),
       ('OP01-109', 'OP01-109_p1.png', 2, 'OP-01'),
       ('OP01-110', 'OP01-110.png', 1, 'OP-01'),
       ('OP01-111', 'OP01-111.png', 5, 'OP-01'),
       ('OP01-112', 'OP01-112.png', 5, 'OP-01'),
       ('OP01-113', 'OP01-113.png', 1, 'OP-01'),
       ('OP01-114', 'OP01-114.png', 5, 'OP-01'),
       ('OP01-115', 'OP01-115.png', 1, 'OP-01'),
       ('OP01-116', 'OP01-116.png', 2, 'OP-01'),
       ('OP01-117', 'OP01-117.png', 1, 'OP-01'),
       ('OP01-118', 'OP01-118.png', 2, 'OP-01'),
       ('OP01-119', 'OP01-119.png', 5, 'OP-01'),
       ('OP01-120', 'OP01-120.png', 4, 'OP-01'),
       ('OP01-120', 'OP01-120_p1.png', 4, 'OP-01'),
       ('OP01-120', 'OP01-120_p2.png', 4, 'OP-01'),
       ('OP01-121', 'OP01-121.png', 4, 'OP-01'),
       ('OP01-121', 'OP01-121_p1.png', 4, 'OP-01')
ON CONFLICT DO NOTHING;

INSERT INTO UT_CARD_COLOR (COLOR_ID, CARD_ID)
VALUES (0, 'OP01-001'),
       (0, 'OP01-002'),
       (1, 'OP01-002'),
       (0, 'OP01-003'),
       (1, 'OP01-003'),
       (0, 'OP01-004'),
       (0, 'OP01-005'),
       (0, 'OP01-006'),
       (0, 'OP01-007'),
       (0, 'OP01-008'),
       (0, 'OP01-009'),
       (0, 'OP01-010'),
       (0, 'OP01-011'),
       (0, 'OP01-012'),
       (0, 'OP01-013'),
       (0, 'OP01-014'),
       (0, 'OP01-015'),
       (0, 'OP01-016'),
       (0, 'OP01-017'),
       (0, 'OP01-018'),
       (0, 'OP01-019'),
       (0, 'OP01-020'),
       (0, 'OP01-021'),
       (0, 'OP01-022'),
       (0, 'OP01-023'),
       (0, 'OP01-024'),
       (0, 'OP01-025'),
       (0, 'OP01-026'),
       (0, 'OP01-027'),
       (0, 'OP01-028'),
       (0, 'OP01-029'),
       (0, 'OP01-030'),
       (1, 'OP01-031'),
       (1, 'OP01-032'),
       (1, 'OP01-033'),
       (1, 'OP01-034'),
       (1, 'OP01-035'),
       (1, 'OP01-036'),
       (1, 'OP01-037'),
       (1, 'OP01-038'),
       (1, 'OP01-039'),
       (1, 'OP01-040'),
       (1, 'OP01-041'),
       (1, 'OP01-042'),
       (1, 'OP01-043'),
       (1, 'OP01-044'),
       (1, 'OP01-045'),
       (1, 'OP01-046'),
       (1, 'OP01-047'),
       (1, 'OP01-048'),
       (1, 'OP01-049'),
       (1, 'OP01-050'),
       (1, 'OP01-051'),
       (1, 'OP01-052'),
       (1, 'OP01-053'),
       (1, 'OP01-054'),
       (1, 'OP01-055'),
       (1, 'OP01-056'),
       (1, 'OP01-057'),
       (1, 'OP01-058'),
       (1, 'OP01-059'),
       (2, 'OP01-060'),
       (2, 'OP01-061'),
       (3, 'OP01-061'),
       (2, 'OP01-062'),
       (3, 'OP01-062'),
       (2, 'OP01-063'),
       (2, 'OP01-064'),
       (2, 'OP01-065'),
       (2, 'OP01-066'),
       (2, 'OP01-067'),
       (2, 'OP01-068'),
       (2, 'OP01-069'),
       (2, 'OP01-070'),
       (2, 'OP01-071'),
       (2, 'OP01-072'),
       (2, 'OP01-073'),
       (2, 'OP01-074'),
       (2, 'OP01-075'),
       (2, 'OP01-076'),
       (2, 'OP01-077'),
       (2, 'OP01-078'),
       (2, 'OP01-079'),
       (2, 'OP01-080'),
       (2, 'OP01-081'),
       (2, 'OP01-082'),
       (2, 'OP01-083'),
       (2, 'OP01-084'),
       (2, 'OP01-085'),
       (2, 'OP01-086'),
       (2, 'OP01-087'),
       (2, 'OP01-088'),
       (2, 'OP01-089'),
       (2, 'OP01-090'),
       (3, 'OP01-091'),
       (3, 'OP01-092'),
       (3, 'OP01-093'),
       (3, 'OP01-094'),
       (3, 'OP01-095'),
       (3, 'OP01-096'),
       (3, 'OP01-097'),
       (3, 'OP01-098'),
       (3, 'OP01-099'),
       (3, 'OP01-100'),
       (3, 'OP01-101'),
       (3, 'OP01-102'),
       (3, 'OP01-103'),
       (3, 'OP01-104'),
       (3, 'OP01-105'),
       (3, 'OP01-106'),
       (3, 'OP01-107'),
       (3, 'OP01-108'),
       (3, 'OP01-109'),
       (3, 'OP01-110'),
       (3, 'OP01-111'),
       (3, 'OP01-112'),
       (3, 'OP01-113'),
       (3, 'OP01-114'),
       (3, 'OP01-115'),
       (3, 'OP01-116'),
       (3, 'OP01-117'),
       (3, 'OP01-118'),
       (3, 'OP01-119'),
       (0, 'OP01-120'),
       (1, 'OP01-121')
ON CONFLICT DO NOTHING;

INSERT INTO UT_CARD_TAG (TAG_ID, CARD_ID)
VALUES (1, 'OP01-001'),
       (0, 'OP01-001'),
       (1, 'OP01-002'),
       (11, 'OP01-002'),
       (1, 'OP01-003'),
       (0, 'OP01-003'),
       (0, 'OP01-004'),
       (28, 'OP01-005'),
       (35, 'OP01-006'),
       (1, 'OP01-007'),
       (36, 'OP01-007'),
       (1, 'OP01-008'),
       (37, 'OP01-008'),
       (13, 'OP01-009'),
       (2, 'OP01-010'),
       (35, 'OP01-010'),
       (28, 'OP01-011'),
       (38, 'OP01-012'),
       (0, 'OP01-013'),
       (4, 'OP01-014'),
       (0, 'OP01-014'),
       (2, 'OP01-015'),
       (0, 'OP01-015'),
       (0, 'OP01-016'),
       (0, 'OP01-017'),
       (39, 'OP01-018'),
       (40, 'OP01-018'),
       (1, 'OP01-019'),
       (41, 'OP01-019'),
       (35, 'OP01-020'),
       (0, 'OP01-021'),
       (0, 'OP01-022'),
       (42, 'OP01-023'),
       (1, 'OP01-024'),
       (0, 'OP01-024'),
       (1, 'OP01-025'),
       (0, 'OP01-025'),
       (1, 'OP01-026'),
       (0, 'OP01-026'),
       (1, 'OP01-027'),
       (37, 'OP01-027'),
       (0, 'OP01-028'),
       (0, 'OP01-029'),
       (0, 'OP01-030'),
       (35, 'OP01-031'),
       (43, 'OP01-031'),
       (35, 'OP01-032'),
       (44, 'OP01-032'),
       (35, 'OP01-033'),
       (42, 'OP01-033'),
       (13, 'OP01-034'),
       (35, 'OP01-034'),
       (44, 'OP01-034'),
       (35, 'OP01-035'),
       (44, 'OP01-035'),
       (35, 'OP01-036'),
       (4, 'OP01-037'),
       (35, 'OP01-037'),
       (44, 'OP01-037'),
       (35, 'OP01-038'),
       (44, 'OP01-038'),
       (1, 'OP01-039'),
       (5, 'OP01-039'),
       (35, 'OP01-040'),
       (44, 'OP01-040'),
       (35, 'OP01-041'),
       (43, 'OP01-041'),
       (35, 'OP01-042'),
       (43, 'OP01-042'),
       (35, 'OP01-043'),
       (11, 'OP01-044'),
       (11, 'OP01-045'),
       (35, 'OP01-046'),
       (44, 'OP01-046'),
       (1, 'OP01-047'),
       (11, 'OP01-047'),
       (13, 'OP01-048'),
       (35, 'OP01-048'),
       (44, 'OP01-048'),
       (13, 'OP01-049'),
       (11, 'OP01-049'),
       (11, 'OP01-050'),
       (1, 'OP01-051'),
       (5, 'OP01-051'),
       (35, 'OP01-052'),
       (44, 'OP01-052'),
       (5, 'OP01-053'),
       (1, 'OP01-054'),
       (8, 'OP01-054'),
       (14, 'OP01-054'),
       (35, 'OP01-055'),
       (43, 'OP01-055'),
       (1, 'OP01-056'),
       (12, 'OP01-056'),
       (35, 'OP01-057'),
       (43, 'OP01-057'),
       (1, 'OP01-058'),
       (5, 'OP01-058'),
       (35, 'OP01-059'),
       (15, 'OP01-060'),
       (19, 'OP01-060'),
       (25, 'OP01-061'),
       (26, 'OP01-061'),
       (15, 'OP01-062'),
       (16, 'OP01-062'),
       (4, 'OP01-063'),
       (45, 'OP01-063'),
       (46, 'OP01-064'),
       (8, 'OP01-065'),
       (19, 'OP01-065'),
       (47, 'OP01-065'),
       (48, 'OP01-066'),
       (15, 'OP01-067'),
       (16, 'OP01-067'),
       (15, 'OP01-068'),
       (17, 'OP01-068'),
       (33, 'OP01-069'),
       (47, 'OP01-069'),
       (15, 'OP01-070'),
       (4, 'OP01-071'),
       (0, 'OP01-071'),
       (22, 'OP01-072'),
       (47, 'OP01-072'),
       (15, 'OP01-073'),
       (19, 'OP01-073'),
       (15, 'OP01-074'),
       (20, 'OP01-074'),
       (22, 'OP01-075'),
       (8, 'OP01-075'),
       (49, 'OP01-076'),
       (17, 'OP01-077'),
       (15, 'OP01-078'),
       (23, 'OP01-078'),
       (16, 'OP01-079'),
       (16, 'OP01-080'),
       (47, 'OP01-081'),
       (19, 'OP01-082'),
       (47, 'OP01-082'),
       (16, 'OP01-083'),
       (16, 'OP01-084'),
       (16, 'OP01-085'),
       (15, 'OP01-086'),
       (19, 'OP01-086'),
       (16, 'OP01-087'),
       (15, 'OP01-088'),
       (16, 'OP01-088'),
       (15, 'OP01-089'),
       (16, 'OP01-089'),
       (16, 'OP01-090'),
       (26, 'OP01-091'),
       (35, 'OP01-092'),
       (26, 'OP01-093'),
       (25, 'OP01-094'),
       (26, 'OP01-094'),
       (35, 'OP01-095'),
       (26, 'OP01-096'),
       (26, 'OP01-097'),
       (35, 'OP01-098'),
       (50, 'OP01-098'),
       (35, 'OP01-099'),
       (50, 'OP01-099'),
       (35, 'OP01-100'),
       (50, 'OP01-100'),
       (26, 'OP01-101'),
       (26, 'OP01-102'),
       (26, 'OP01-103'),
       (10, 'OP01-103'),
       (26, 'OP01-104'),
       (27, 'OP01-104'),
       (26, 'OP01-105'),
       (27, 'OP01-105'),
       (26, 'OP01-106'),
       (12, 'OP01-106'),
       (26, 'OP01-107'),
       (27, 'OP01-107'),
       (1, 'OP01-108'),
       (5, 'OP01-108'),
       (27, 'OP01-108'),
       (26, 'OP01-109'),
       (35, 'OP01-110'),
       (26, 'OP01-110'),
       (26, 'OP01-111'),
       (26, 'OP01-112'),
       (26, 'OP01-113'),
       (27, 'OP01-113'),
       (8, 'OP01-114'),
       (14, 'OP01-114'),
       (26, 'OP01-114'),
       (26, 'OP01-115'),
       (27, 'OP01-115'),
       (26, 'OP01-116'),
       (27, 'OP01-116'),
       (26, 'OP01-117'),
       (27, 'OP01-117'),
       (26, 'OP01-118'),
       (25, 'OP01-119'),
       (26, 'OP01-119'),
       (25, 'OP01-120'),
       (34, 'OP01-120'),
       (35, 'OP01-121')
ON CONFLICT DO NOTHING;

INSERT INTO UT_CARD_DESCRIPTION (CARD_ID, LANGUAGE_CODE, NAME, EFFECT)
VALUES ('OP01-001', 'en', 'Roronoa Zoro', '[DON!! x1] [Your Turn] All of your Characters gain +1000 power.'),
       ('OP01-001', 'fr', 'Roronoa Zoro', '[DON!! x1] [Your Turn] All of your Characters gain +1000 power.'),
       ('OP01-002', 'en', 'Trafalgar Law',
        '[Activate: Main] [Once Per Turn] ➁ (You may rest the specified number of DON!! cards in your cost area.): If you have 5 Characters, return 1 of your Characters to your hand. Then, play up to 1 Character with a cost of 5 or less from your hand that is a different color than the returned Character.'),
       ('OP01-002', 'fr', 'Trafalgar Law',
        '[Activate: Main] [Once Per Turn] ➁ (You may rest the specified number of DON!! cards in your cost area.): If you have 5 Characters, return 1 of your Characters to your hand. Then, play up to 1 Character with a cost of 5 or less from your hand that is a different color than the returned Character.'),
       ('OP01-003', 'en', 'Monkey.D.Luffy',
        '[Activate: Main] [Once Per Turn] ➃ (You may rest the specified number of DON!! cards in your cost area.): Set up to 1 of your {Supernovas} or {Straw Hat Crew} type Character cards with a cost of 5 or less as active. It gains +1000 power during this turn.'),
       ('OP01-003', 'fr', 'Monkey.D.Luffy',
        '[Activate: Main] [Once Per Turn] ➃ (You may rest the specified number of DON!! cards in your cost area.): Set up to 1 of your {Supernovas} or {Straw Hat Crew} type Character cards with a cost of 5 or less as active. It gains +1000 power during this turn.'),
       ('OP01-004', 'en', 'Usopp',
        '[DON!! x1] [Your Turn] [Once Per Turn] Draw 1 card when your opponent activates an Event.'),
       ('OP01-004', 'fr', 'Usopp',
        '[DON!! x1] [Your Turn] [Once Per Turn] Draw 1 card when your opponent activates an Event.'),
       ('OP01-005', 'en', 'Uta',
        '[On Play] Add up to 1 red Character card other than [Uta] with a cost of 3 or less from your trash to your hand.'),
       ('OP01-005', 'fr', 'Uta',
        '[On Play] Add up to 1 red Character card other than [Uta] with a cost of 3 or less from your trash to your hand.'),
       ('OP01-006', 'en', 'Otama',
        '[On Play] Add up to 1 red Character card other than [Uta] with a cost of 3 or less from your trash to your hand.'),
       ('OP01-006', 'fr', 'Otama',
        '[On Play] Add up to 1 red Character card other than [Uta] with a cost of 3 or less from your trash to your hand.'),
       ('OP01-007', 'en', 'Caribou', '[On K.O.] K.O. up to 1 of your opponent''s Characters with 4000 power or less.'),
       ('OP01-007', 'fr', 'Caribou', '[On K.O.] K.O. up to 1 of your opponent''s Characters with 4000 power or less.'),
       ('OP01-008', 'en', 'Cavendish',
        '[On Play] You may add 1 card from your Life area to your hand: This Character gains [Rush] during this turn. (This card can attack on the turn in which it is played.)'),
       ('OP01-008', 'fr', 'Cavendish',
        '[On Play] You may add 1 card from your Life area to your hand: This Character gains [Rush] during this turn. (This card can attack on the turn in which it is played.)'),
       ('OP01-009', 'en', 'Carrot', '[Trigger] Play this card.'),
       ('OP01-009', 'fr', 'Carrot', '[Trigger] Play this card.'),
       ('OP01-010', 'en', 'Komachiyo', NULL),
       ('OP01-010', 'fr', 'Komachiyo', NULL),
       ('OP01-011', 'en', 'Gordon',
        '[On Play] You may place 1 card from your hand at the bottom of your deck: Draw 1 card.'),
       ('OP01-011', 'fr', 'Gordon',
        '[On Play] You may place 1 card from your hand at the bottom of your deck: Draw 1 card.'),
       ('OP01-012', 'en', 'Sai', NULL),
       ('OP01-012', 'fr', 'Sai', NULL),
       ('OP01-013', 'en', 'Sanji',
        '[Activate: Main] [Once Per Turn] You may add 1 card from your Life area to your hand: This Character gains +2000 power during this turn. Then, give this Character up to 2 rested DON!! cards.'),
       ('OP01-013', 'fr', 'Sanji',
        '[Activate: Main] [Once Per Turn] You may add 1 card from your Life area to your hand: This Character gains +2000 power during this turn. Then, give this Character up to 2 rested DON!! cards.'),
       ('OP01-014', 'en', 'Jinbe',
        '[Blocker] (After your opponent declares an attack, you may rest this card to make it the new target of the attack.) \n [DON!! x1] [On Block] Play up to 1 red Character card with a cost of 2 or less from your hand.'),
       ('OP01-014', 'fr', 'Jinbe',
        '[Blocker] (After your opponent declares an attack, you may rest this card to make it the new target of the attack.) \n [DON!! x1] [On Block] Play up to 1 red Character card with a cost of 2 or less from your hand.'),
       ('OP01-015', 'en', 'Tony Tony.Chopper',
        '[DON!! x1] [When Attacking] You may trash 1 card from your hand: Add up to 1 {Straw Hat Crew} type Character card other than [Tony Tony.Chopper] with a cost of 4 or less from your trash to your hand.'),
       ('OP01-015', 'fr', 'Tony Tony.Chopper',
        '[DON!! x1] [When Attacking] You may trash 1 card from your hand: Add up to 1 {Straw Hat Crew} type Character card other than [Tony Tony.Chopper] with a cost of 4 or less from your trash to your hand.'),
       ('OP01-016', 'en', 'Nami',
        '[On Play] Look at 5 cards from the top of your deck; reveal up to 1 {Straw Hat Crew} type Character card other than [Nami] and add it to your hand. Then, place the rest at the bottom of your deck in any order.'),
       ('OP01-016', 'fr', 'Nami',
        '[On Play] Look at 5 cards from the top of your deck; reveal up to 1 {Straw Hat Crew} type Character card other than [Nami] and add it to your hand. Then, place the rest at the bottom of your deck in any order.'),
       ('OP01-017', 'en', 'Nico Robin',
        '[DON!! x1] [When Attacking] K.O. up to 1 of your opponent''s Characters with 3000 power or less.'),
       ('OP01-017', 'fr', 'Nico Robin',
        '[DON!! x1] [When Attacking] K.O. up to 1 of your opponent''s Characters with 3000 power or less.'),
       ('OP01-018', 'en', 'Hajrudin', NULL),
       ('OP01-018', 'fr', 'Hajrudin', NULL),
       ('OP01-019', 'en', 'Bartolomeo',
        '[Blocker] (After your opponent declares an attack, you may rest this card to make it the new target of the attack.) \n [DON!! x2] [Opponent''s Turn] This Character gains +3000 power.'),
       ('OP01-019', 'fr', 'Bartolomeo',
        '[Blocker] (After your opponent declares an attack, you may rest this card to make it the new target of the attack.) \n [DON!! x2] [Opponent''s Turn] This Character gains +3000 power.'),
       ('OP01-020', 'en', 'Hyogoro',
        '[Activate: Main] You may rest this Character: Up to 1 of your Leader or Character cards gains +2000 power during this turn.'),
       ('OP01-020', 'fr', 'Hyogoro',
        '[Activate: Main] You may rest this Character: Up to 1 of your Leader or Character cards gains +2000 power during this turn.'),
       ('OP01-021', 'en', 'Franky', '[DON!! x1] This Character can also attack your opponent''s active Characters.'),
       ('OP01-021', 'fr', 'Franky', '[DON!! x1] This Character can also attack your opponent''s active Characters.'),
       ('OP01-022', 'en', 'Brook',
        '[DON!! x1] [When Attacking] Give up to 2 of your opponent''s Characters −2000 power during this turn.'),
       ('OP01-022', 'fr', 'Brook',
        '[DON!! x1] [When Attacking] Give up to 2 of your opponent''s Characters −2000 power during this turn.'),
       ('OP01-023', 'en', 'Marco', NULL),
       ('OP01-023', 'fr', 'Marco', NULL),
       ('OP01-024', 'en', 'Monkey.D.Luffy',
        '[DON!! x2] This Character cannot be K.O.''d in battle by <Strike> attribute Characters. \n [Activate: Main] [Once Per Turn] Give this Character up to 2 rested DON!! cards.'),
       ('OP01-024', 'fr', 'Monkey.D.Luffy',
        '[DON!! x2] This Character cannot be K.O.''d in battle by <Strike> attribute Characters. \n [Activate: Main] [Once Per Turn] Give this Character up to 2 rested DON!! cards.'),
       ('OP01-025', 'en', 'Roronoa Zoro', '[Rush] (This card can attack on the turn in which it is played.)'),
       ('OP01-025', 'fr', 'Roronoa Zoro', '[Rush] (This card can attack on the turn in which it is played.)'),
       ('OP01-026', 'en', 'Gum-Gum Fire-Fist Pistol Red Hawk',
        '[Counter] Up to 1 of your Leader or Character cards gains +4000 power during this battle. Then, K.O. up to 1 of your opponent''s Characters with 4000 power or less. \n [Trigger] Give your opponent''s Leader or 1 of their Characters ?10000 power during this turn.'),
       ('OP01-026', 'fr', 'Gum-Gum Fire-Fist Pistol Red Hawk',
        '[Counter] Up to 1 of your Leader or Character cards gains +4000 power during this battle. Then, K.O. up to 1 of your opponent''s Characters with 4000 power or less. \n [Trigger] Give your opponent''s Leader or 1 of their Characters ?10000 power during this turn.'),
       ('OP01-027', 'en', 'Round Table',
        '[Main] Give up to 1 of your opponent''s Characters −10000 power during this turn.'),
       ('OP01-027', 'fr', 'Round Table',
        '[Main] Give up to 1 of your opponent''s Characters −10000 power during this turn.'),
       ('OP01-028', 'en', 'Green Star Rafflesia',
        '[Counter] Give up to 1 of your opponent''s Leader or Character cards −2000 power during this turn. \n [Trigger] Activate this card''s [Counter] effect.'),
       ('OP01-028', 'fr', 'Green Star Rafflesia',
        '[Counter] Give up to 1 of your opponent''s Leader or Character cards −2000 power during this turn. \n [Trigger] Activate this card''s [Counter] effect.'),
       ('OP01-029', 'en', 'Radical Beam!!',
        '[Counter] Up to 1 of your Leader or Character cards gains +2000 power during this battle. Then, if you have 2 or less Life cards, that card gains an additional +2000 power. \n [Trigger] Your Leader or 1 of your Characters gains +1000 power during this turn.'),
       ('OP01-029', 'fr', 'Radical Beam!!',
        '[Counter] Up to 1 of your Leader or Character cards gains +2000 power during this battle. Then, if you have 2 or less Life cards, that card gains an additional +2000 power. \n [Trigger] Your Leader or 1 of your Characters gains +1000 power during this turn.'),
       ('OP01-030', 'en', 'In Two Years!! At the Sabaody Archipelago!!',
        '[Main] Look at 5 cards from the top of your deck; reveal up to 1 {Straw Hat Crew} type Character card and add it to your hand. Then, place the rest at the bottom of your deck in any order. \n [Trigger] Activate this card''s [Main] effect.'),
       ('OP01-030', 'fr', 'In Two Years!! At the Sabaody Archipelago!!',
        '[Main] Look at 5 cards from the top of your deck; reveal up to 1 {Straw Hat Crew} type Character card and add it to your hand. Then, place the rest at the bottom of your deck in any order. \n [Trigger] Activate this card''s [Main] effect.'),
       ('OP01-031', 'en', 'Kouzuki Oden',
        '[Activate: Main] [Once Per Turn] You can trash 1 {Land of Wano} type card from your hand: Set up to 2 of your DON!! cards as active.'),
       ('OP01-031', 'fr', 'Kouzuki Oden',
        '[Activate: Main] [Once Per Turn] You can trash 1 {Land of Wano} type card from your hand: Set up to 2 of your DON!! cards as active.'),
       ('OP01-032', 'en', 'Ashura Doji',
        '[DON!! x1] If your opponent has 2 or more rested Characters, this Character gains +2000 power.'),
       ('OP01-032', 'fr', 'Ashura Doji',
        '[DON!! x1] If your opponent has 2 or more rested Characters, this Character gains +2000 power.'),
       ('OP01-033', 'en', 'Izo', '[On Play] Rest up to 1 of your opponent''s Characters with a cost of 4 or less.'),
       ('OP01-033', 'fr', 'Izo', '[On Play] Rest up to 1 of your opponent''s Characters with a cost of 4 or less.'),
       ('OP01-034', 'en', 'Inuarashi', '[DON!! x2] [When Attacking] Set up to 1 of your DON!! cards as active.'),
       ('OP01-034', 'fr', 'Inuarashi', '[DON!! x2] [When Attacking] Set up to 1 of your DON!! cards as active.'),
       ('OP01-035', 'en', 'Okiku',
        '[DON!! x1] [When Attacking] [Once Per Turn] Rest up to 1 of your opponent''s Characters with a cost of 5 or less.'),
       ('OP01-035', 'fr', 'Okiku',
        '[DON!! x1] [When Attacking] [Once Per Turn] Rest up to 1 of your opponent''s Characters with a cost of 5 or less.'),
       ('OP01-036', 'en', 'Otsuru', NULL),
       ('OP01-036', 'fr', 'Otsuru', NULL),
       ('OP01-037', 'en', 'Kawamatsu', '[Trigger] Play this card.'),
       ('OP01-037', 'fr', 'Kawamatsu', '[Trigger] Play this card.'),
       ('OP01-038', 'en', 'Kanjuro',
        '[DON!! x1] [When Attacking] K.O. up to 1 of your opponent''s rested Characters with a cost of 2 or less. \n [On K.O.] Your opponent chooses 1 card from your hand; trash that card.'),
       ('OP01-038', 'fr', 'Kanjuro',
        '[DON!! x1] [When Attacking] K.O. up to 1 of your opponent''s rested Characters with a cost of 2 or less. \n [On K.O.] Your opponent chooses 1 card from your hand; trash that card.'),
       ('OP01-039', 'en', 'Killer',
        '[Blocker] (After your opponent declares an attack, you may rest this card to make it the new target of the attack.) \n [DON!! x1] [On Block] If you have 3 or more Characters, draw 1 card.'),
       ('OP01-039', 'fr', 'Killer',
        '[Blocker] (After your opponent declares an attack, you may rest this card to make it the new target of the attack.) \n [DON!! x1] [On Block] If you have 3 or more Characters, draw 1 card.'),
       ('OP01-040', 'en', 'Kinemon',
        '[On Play] If your Leader is [Kouzuki Oden], play up to 1 {The Akazaya Nine} type Character card with a cost of 3 or less from your hand. \n [DON!! x1] [When Attacking] [Once Per Turn] Set up to 1 of your {The Akazaya Nine} type Character cards with a cost of 3 or less as active.'),
       ('OP01-040', 'fr', 'Kinemon',
        '[On Play] If your Leader is [Kouzuki Oden], play up to 1 {The Akazaya Nine} type Character card with a cost of 3 or less from your hand. \n [DON!! x1] [When Attacking] [Once Per Turn] Set up to 1 of your {The Akazaya Nine} type Character cards with a cost of 3 or less as active.'),
       ('OP01-041', 'en', 'Kouzuki Momonosuke',
        '[Activate: Main] ➀ (You may rest the specified number of DON!! cards in your cost area) You may rest this Character: Look at 5 cards from the top of your deck; reveal up to 1 {Land of Wano} type card and add it to your hand. Then, place the rest at the bottom of your deck in any order.'),
       ('OP01-041', 'fr', 'Kouzuki Momonosuke',
        '[Activate: Main] ➀ (You may rest the specified number of DON!! cards in your cost area) You may rest this Character: Look at 5 cards from the top of your deck; reveal up to 1 {Land of Wano} type card and add it to your hand. Then, place the rest at the bottom of your deck in any order.'),
       ('OP01-042', 'en', 'Komurasaki',
        '[On Play] ③ (You may rest the specified number of DON!! cards in your cost area.): If your Leader is [Kouzuki Oden], set up to 1 of your {Land of Wano} type Character cards with a cost of 3 or less as active.'),
       ('OP01-042', 'fr', 'Komurasaki',
        '[On Play] ③ (You may rest the specified number of DON!! cards in your cost area.): If your Leader is [Kouzuki Oden], set up to 1 of your {Land of Wano} type Character cards with a cost of 3 or less as active.'),
       ('OP01-043', 'en', 'Shinobu', NULL),
       ('OP01-043', 'fr', 'Shinobu', NULL),
       ('OP01-044', 'en', 'Shachi',
        '[Blocker] (After your opponent declares an attack, you may rest this card to make it the new target of the attack.) \n [On Play] If you don''t have [Penguin], play up to 1 [Penguin] from your hand.'),
       ('OP01-044', 'fr', 'Shachi',
        '[Blocker] (After your opponent declares an attack, you may rest this card to make it the new target of the attack.) \n [On Play] If you don''t have [Penguin], play up to 1 [Penguin] from your hand.'),
       ('OP01-045', 'en', 'Jeanbart', NULL),
       ('OP01-045', 'fr', 'Jeanbart', NULL),
       ('OP01-046', 'en', 'Denjiro',
        '[DON!! x1] [When Attacking] If your Leader is [Kouzuki Oden], set up to 2 of your DON!! cards as active.'),
       ('OP01-046', 'fr', 'Denjiro',
        '[DON!! x1] [When Attacking] If your Leader is [Kouzuki Oden], set up to 2 of your DON!! cards as active.'),
       ('OP01-047', 'en', 'Trafalgar Law',
        '[Blocker] (After your opponent declares an attack, you may rest this card to make it the new target of the attack.) \n [On Play] You may return 1 Character to your hand: Play up to 1 Character card with a cost of 3 or less from your hand.'),
       ('OP01-047', 'fr', 'Trafalgar Law',
        '[Blocker] (After your opponent declares an attack, you may rest this card to make it the new target of the attack.) \n [On Play] You may return 1 Character to your hand: Play up to 1 Character card with a cost of 3 or less from your hand.'),
       ('OP01-048', 'en', 'Nekomamushi',
        '[On Play] Rest up to 1 of your opponent''s Characters with a cost of 3 or less.'),
       ('OP01-048', 'fr', 'Nekomamushi',
        '[On Play] Rest up to 1 of your opponent''s Characters with a cost of 3 or less.'),
       ('OP01-049', 'en', 'Bepo',
        '[DON!! x1] [When Attacking] Play up to 1 {Heart Pirates} type card other than [Bepo] with a cost of 4 or less from your hand.'),
       ('OP01-049', 'fr', 'Bepo',
        '[DON!! x1] [When Attacking] Play up to 1 {Heart Pirates} type card other than [Bepo] with a cost of 4 or less from your hand.'),
       ('OP01-050', 'en', 'Penguin',
        '[Blocker] (After your opponent declares an attack, you may rest this card to make it the new target of the attack.) \n [On Play] If you don''t have [Shachi], play up to 1 [Shachi] from your hand.'),
       ('OP01-050', 'fr', 'Penguin',
        '[Blocker] (After your opponent declares an attack, you may rest this card to make it the new target of the attack.) \n [On Play] If you don''t have [Shachi], play up to 1 [Shachi] from your hand.'),
       ('OP01-051', 'en', 'Eustass"Captain"Kid',
        '[DON!! x1] [Opponent''s Turn] If this Character is rested, your opponent cannot attack any card other than the Character [Eustass"Captain"Kid]. \n [Activate: Main] [Once Per Turn] You may rest this Character: Play up to 1 Character card with a cost of 3 or less from your hand.'),
       ('OP01-051', 'fr', 'Eustass"Captain"Kid',
        '[DON!! x1] [Opponent''s Turn] If this Character is rested, your opponent cannot attack any card other than the Character [Eustass"Captain"Kid]. \n [Activate: Main] [Once Per Turn] You may rest this Character: Play up to 1 Character card with a cost of 3 or less from your hand.'),
       ('OP01-052', 'en', 'Raizo',
        '[When Attacking] [Once Per Turn] If you have 2 or more rested Characters, draw 1 card.'),
       ('OP01-052', 'fr', 'Raizo',
        '[When Attacking] [Once Per Turn] If you have 2 or more rested Characters, draw 1 card.'),
       ('OP01-053', 'en', 'Wire', NULL),
       ('OP01-053', 'fr', 'Wire', NULL),
       ('OP01-054', 'en', 'X.Drake',
        '[On Play] K.O. up to 1 of your opponent''s rested Characters with a cost of 4 or less.'),
       ('OP01-054', 'fr', 'X.Drake',
        '[On Play] K.O. up to 1 of your opponent''s rested Characters with a cost of 4 or less.'),
       ('OP01-055', 'en', 'You Can Be My Samurai!!', '[Main] You may rest 2 of your Characters: Draw 2 cards.'),
       ('OP01-055', 'fr', 'You Can Be My Samurai!!', '[Main] You may rest 2 of your Characters: Draw 2 cards.'),
       ('OP01-056', 'en', 'Demon Face',
        '[Main] K.O. up to 2 of your opponent''s rested Characters with a cost of 5 or less.'),
       ('OP01-056', 'fr', 'Demon Face',
        '[Main] K.O. up to 2 of your opponent''s rested Characters with a cost of 5 or less.'),
       ('OP01-057', 'en', 'Paradise Waterfall',
        '[Counter] Up to 1 of your Leader or Character cards gains +2000 power during this battle. Then, set up to 1 of your Characters as active. \n [Trigger] K.O. 1 of your opponent''s rested Characters with a cost of 4 or less.'),
       ('OP01-057', 'fr', 'Paradise Waterfall',
        '[Counter] Up to 1 of your Leader or Character cards gains +2000 power during this battle. Then, set up to 1 of your Characters as active. \n [Trigger] K.O. 1 of your opponent''s rested Characters with a cost of 4 or less.'),
       ('OP01-058', 'en', 'Punk Gibson',
        '[Counter] Up to 1 of your Leader or Character cards gains +4000 power during this battle. Then, rest up to 1 of your opponent''s Characters with a cost of 4 or less. \n [Trigger] Rest 1 of your opponent''s Characters.'),
       ('OP01-058', 'fr', 'Punk Gibson',
        '[Counter] Up to 1 of your Leader or Character cards gains +4000 power during this battle. Then, rest up to 1 of your opponent''s Characters with a cost of 4 or less. \n [Trigger] Rest 1 of your opponent''s Characters.'),
       ('OP01-059', 'en', 'BE-BENG!!',
        '[Main] You may trash 1 {Land of Wano} type card from your hand: Set up to 1 of your {Land of Wano} type Character cards with a cost of 3 or less as active.'),
       ('OP01-059', 'fr', 'BE-BENG!!',
        '[Main] You may trash 1 {Land of Wano} type card from your hand: Set up to 1 of your {Land of Wano} type Character cards with a cost of 3 or less as active.'),
       ('OP01-060', 'en', 'Donquixote Doflamingo',
        '[DON!! x2] [When Attacking] ➀ (You may rest the specified number of DON!! cards in your cost area.): Reveal 1 card from the top of your deck. If that card is a {The Seven Warlords of the Sea} type Character card with a cost of 4 or less, you may play that card rested.'),
       ('OP01-060', 'fr', 'Donquixote Doflamingo',
        '[DON!! x2] [When Attacking] ➀ (You may rest the specified number of DON!! cards in your cost area.): Reveal 1 card from the top of your deck. If that card is a {The Seven Warlords of the Sea} type Character card with a cost of 4 or less, you may play that card rested.'),
       ('OP01-061', 'en', 'Kaido',
        '[DON!! x1] [Your Turn] [Once Per Turn] When your opponent''s Character is K.O.''d, add up to 1 DON!! card from your DON!! deck and set it as active.'),
       ('OP01-061', 'fr', 'Kaido',
        '[DON!! x1] [Your Turn] [Once Per Turn] When your opponent''s Character is K.O.''d, add up to 1 DON!! card from your DON!! deck and set it as active.'),
       ('OP01-062', 'en', 'Crocodile',
        '[DON!! x1] When you activate an Event, you may draw 1 card if you have 4 or less cards in your hand and haven''t drawn a card using this Leader''s effect during this turn.'),
       ('OP01-062', 'fr', 'Crocodile',
        '[DON!! x1] When you activate an Event, you may draw 1 card if you have 4 or less cards in your hand and haven''t drawn a card using this Leader''s effect during this turn.'),
       ('OP01-063', 'en', 'Arlong',
        '[DON!! x1] [Activate: Main] You may rest this Character: Choose 1 card from your opponent''s hand; your opponent reveals that card. If the revealed card is an Event, place up to 1 card from your opponent''s Life area at the bottom of the owner''s deck.'),
       ('OP01-063', 'fr', 'Arlong',
        '[DON!! x1] [Activate: Main] You may rest this Character: Choose 1 card from your opponent''s hand; your opponent reveals that card. If the revealed card is an Event, place up to 1 card from your opponent''s Life area at the bottom of the owner''s deck.'),
       ('OP01-064', 'en', 'Alvida',
        '[DON!! x1] [When Attacking] You may trash 1 card from your hand: Return up to 1 of your opponent''s Characters with a cost of 3 or less to the owner''s hand.'),
       ('OP01-064', 'fr', 'Alvida',
        '[DON!! x1] [When Attacking] You may trash 1 card from your hand: Return up to 1 of your opponent''s Characters with a cost of 3 or less to the owner''s hand.'),
       ('OP01-065', 'en', 'Vergo', NULL),
       ('OP01-065', 'fr', 'Vergo', NULL),
       ('OP01-066', 'en', 'Krieg', NULL),
       ('OP01-066', 'fr', 'Krieg', NULL),
       ('OP01-067', 'en', 'Crocodile',
        '[Banish] (When this card deals damage, the target card is trashed without activating its Trigger.) \n [DON!! x1] Give blue Events in your hand −1 cost.'),
       ('OP01-067', 'fr', 'Crocodile',
        '[Banish] (When this card deals damage, the target card is trashed without activating its Trigger.) \n [DON!! x1] Give blue Events in your hand −1 cost.'),
       ('OP01-068', 'en', 'Gecko Moria',
        '[Your Turn] This Character gains [Double Attack] if you have 5 or more cards in your hand. \n (This card deals 2 damage.)'),
       ('OP01-068', 'fr', 'Gecko Moria',
        '[Your Turn] This Character gains [Double Attack] if you have 5 or more cards in your hand. \n (This card deals 2 damage.)'),
       ('OP01-069', 'en', 'Caesar Clown', '[On K.O.] Play up to 1 [Smiley] from your deck, then shuffle your deck.'),
       ('OP01-069', 'fr', 'Caesar Clown', '[On K.O.] Play up to 1 [Smiley] from your deck, then shuffle your deck.'),
       ('OP01-070', 'en', 'Dracule Mihawk',
        '[On Play] Place up to 1 Character with a cost of 7 or less at the bottom of the owner''s deck.'),
       ('OP01-070', 'fr', 'Dracule Mihawk',
        '[On Play] Place up to 1 Character with a cost of 7 or less at the bottom of the owner''s deck.'),
       ('OP01-071', 'en', 'Jinbe',
        '[On Play] Place up to 1 Character with a cost of 3 or less at the bottom of the owner''s deck. \n [Trigger] Play this card. \n [Trigger] Play this card.'),
       ('OP01-071', 'fr', 'Jinbe',
        '[On Play] Place up to 1 Character with a cost of 3 or less at the bottom of the owner''s deck. \n [Trigger] Play this card. \n [Trigger] Play this card.'),
       ('OP01-072', 'en', 'Smiley',
        '[DON!! x1] [Your Turn] This Character gains +1000 power for every card in your hand.'),
       ('OP01-072', 'fr', 'Smiley',
        '[DON!! x1] [Your Turn] This Character gains +1000 power for every card in your hand.'),
       ('OP01-073', 'en', 'Donquixote Doflamingo',
        '[Blocker] (After your opponent declares an attack, you may rest this card to make it the new target of the attack.) \n [On Play] Look at 5 cards from the top of your deck and place them at the top or bottom of the deck in any order.'),
       ('OP01-073', 'fr', 'Donquixote Doflamingo',
        '[Blocker] (After your opponent declares an attack, you may rest this card to make it the new target of the attack.) \n [On Play] Look at 5 cards from the top of your deck and place them at the top or bottom of the deck in any order.'),
       ('OP01-074', 'en', 'Bartholomew Kuma',
        '[Blocker] (After your opponent declares an attack, you may rest this card to make it the new target of the attack.) \n [On K.O.] Play up to 1 [Pacifista] with a cost of 4 or less from your hand.'),
       ('OP01-074', 'fr', 'Bartholomew Kuma',
        '[Blocker] (After your opponent declares an attack, you may rest this card to make it the new target of the attack.) \n [On K.O.] Play up to 1 [Pacifista] with a cost of 4 or less from your hand.'),
       ('OP01-075', 'en', 'Pacifista',
        'Under the rules of this game, you may have any number of this card in your deck. \n [Blocker] (After your opponent declares an attack, you may rest this card to make it the new target of the attack.)'),
       ('OP01-075', 'fr', 'Pacifista',
        'Under the rules of this game, you may have any number of this card in your deck. \n [Blocker] (After your opponent declares an attack, you may rest this card to make it the new target of the attack.)'),
       ('OP01-076', 'en', 'Bellamy', NULL),
       ('OP01-076', 'fr', 'Bellamy', NULL),
       ('OP01-077', 'en', 'Perona',
        '[On Play] Look at 5 cards from the top of your deck and place them at the top or bottom of the deck in any order.'),
       ('OP01-077', 'fr', 'Perona',
        '[On Play] Look at 5 cards from the top of your deck and place them at the top or bottom of the deck in any order.'),
       ('OP01-078', 'en', 'Boa Hancock',
        '[Blocker] (After your opponent declares an attack, you may rest this card to make it the new target of the attack.) \n [DON!! x1] [When Attacking]/[On Block] Draw 1 card if you have 5 or less cards in your hand.'),
       ('OP01-078', 'fr', 'Boa Hancock',
        '[Blocker] (After your opponent declares an attack, you may rest this card to make it the new target of the attack.) \n [DON!! x1] [When Attacking]/[On Block] Draw 1 card if you have 5 or less cards in your hand.'),
       ('OP01-079', 'en', 'Ms.All Sunday',
        '[Blocker] (After your opponent declares an attack, you may rest this card to make it the new target of the attack.) \n [On K.O.] If your Leader has the {Baroque Works} type, add up to 1 Event from your trash to your hand.'),
       ('OP01-079', 'fr', 'Ms.All Sunday',
        '[Blocker] (After your opponent declares an attack, you may rest this card to make it the new target of the attack.) \n [On K.O.] If your Leader has the {Baroque Works} type, add up to 1 Event from your trash to your hand.'),
       ('OP01-080', 'en', 'Miss Doublefinger(Zala)', '[On K.O.] Draw 1 card.'),
       ('OP01-080', 'fr', 'Miss Doublefinger(Zala)', '[On K.O.] Draw 1 card.'),
       ('OP01-081', 'en', 'Mocha', NULL),
       ('OP01-081', 'fr', 'Mocha', NULL),
       ('OP01-082', 'en', 'Monet', '[Trigger] Play this card.'),
       ('OP01-082', 'fr', 'Monet', '[Trigger] Play this card.'),
       ('OP01-083', 'en', 'Mr.1(Daz.Bonez)',
        '[DON!! x1] [Your Turn] If your Leader has the {Baroque Works} type, this Character gains +1000 power for every 2 Events in your trash.'),
       ('OP01-083', 'fr', 'Mr.1(Daz.Bonez)',
        '[DON!! x1] [Your Turn] If your Leader has the {Baroque Works} type, this Character gains +1000 power for every 2 Events in your trash.'),
       ('OP01-084', 'en', 'Mr.2.Bon.Kurei(Bentham)',
        '[DON!! x1] [When Attacking] Look at 5 cards from the top of your deck; reveal up to 1 {Baroque Works} type Event card and add it to your hand. Then, place the rest at the bottom of your deck in any order.'),
       ('OP01-084', 'fr', 'Mr.2.Bon.Kurei(Bentham)',
        '[DON!! x1] [When Attacking] Look at 5 cards from the top of your deck; reveal up to 1 {Baroque Works} type Event card and add it to your hand. Then, place the rest at the bottom of your deck in any order.'),
       ('OP01-085', 'en', 'Mr.3(Galdino)',
        '[On Play] If your Leader has the {Baroque Works} type, select up to 1 of your opponent''s Characters with a cost of 4 or less. The selected Character cannot attack until the end of your opponent''s next turn.'),
       ('OP01-085', 'fr', 'Mr.3(Galdino)',
        '[On Play] If your Leader has the {Baroque Works} type, select up to 1 of your opponent''s Characters with a cost of 4 or less. The selected Character cannot attack until the end of your opponent''s next turn.'),
       ('OP01-086', 'en', 'Overheat',
        '[Counter] Up to 1 of your Leader or Character cards gains +4000 power during this battle. Then, return up to 1 active Character with a cost of 3 or less to the owner''s hand. \n [Trigger] Return 1 card with a cost of 4 or less to the owner''s hand.'),
       ('OP01-086', 'fr', 'Overheat',
        '[Counter] Up to 1 of your Leader or Character cards gains +4000 power during this battle. Then, return up to 1 active Character with a cost of 3 or less to the owner''s hand. \n [Trigger] Return 1 card with a cost of 4 or less to the owner''s hand.'),
       ('OP01-087', 'en', 'Officer Agents',
        '[Counter] Play up to 1 {Baroque Works} type card with a cost of 3 or less from your hand. \n [Trigger] Activate this card''s [Counter] effect.'),
       ('OP01-087', 'fr', 'Officer Agents',
        '[Counter] Play up to 1 {Baroque Works} type card with a cost of 3 or less from your hand. \n [Trigger] Activate this card''s [Counter] effect.'),
       ('OP01-088', 'en', 'Desert Spada',
        '[Counter] Up to 1 of your Leader or Character cards gains +2000 power during this battle. Then, look at 3 cards from the top of your deck and place them at the top or bottom of the deck in any order. \n [Trigger] Draw 2 cards and trash 1 card from your hand.'),
       ('OP01-088', 'fr', 'Desert Spada',
        '[Counter] Up to 1 of your Leader or Character cards gains +2000 power during this battle. Then, look at 3 cards from the top of your deck and place them at the top or bottom of the deck in any order. \n [Trigger] Draw 2 cards and trash 1 card from your hand.'),
       ('OP01-089', 'en', 'Crescent Cutlass',
        '[Counter] If your Leader has the {The Seven Warlords of the Sea} type, return up to 1 Character with a cost of 5 or less to the owner''s hand.'),
       ('OP01-089', 'fr', 'Crescent Cutlass',
        '[Counter] If your Leader has the {The Seven Warlords of the Sea} type, return up to 1 Character with a cost of 5 or less to the owner''s hand.'),
       ('OP01-090', 'en', 'Baroque Works',
        '[Main] Look at 5 cards from the top of your deck; reveal up to 1 {Baroque Works} type card other than [Baroque Works] and add it to your hand. Then, place the rest at the bottom of your deck in any order.'),
       ('OP01-090', 'fr', 'Baroque Works',
        '[Main] Look at 5 cards from the top of your deck; reveal up to 1 {Baroque Works} type card other than [Baroque Works] and add it to your hand. Then, place the rest at the bottom of your deck in any order.'),
       ('OP01-091', 'en', 'King',
        '[Your Turn] If you have 10 DON!! cards on your field, give all of your opponent''s Characters −1000 power.'),
       ('OP01-091', 'fr', 'King',
        '[Your Turn] If you have 10 DON!! cards on your field, give all of your opponent''s Characters −1000 power.'),
       ('OP01-092', 'en', 'Urashima', NULL),
       ('OP01-092', 'fr', 'Urashima', NULL),
       ('OP01-093', 'en', 'Ulti',
        '[On Play] ① (You may rest the specified number of DON!! cards in your cost area.): Add up to 1 DON!! card from your DON!! deck and rest it.'),
       ('OP01-093', 'fr', 'Ulti',
        '[On Play] ① (You may rest the specified number of DON!! cards in your cost area.): Add up to 1 DON!! card from your DON!! deck and rest it.'),
       ('OP01-094', 'en', 'Kaido',
        '[On Play] DON!! −6 (You may return the specified number of DON!! cards from your field to your DON!! deck.): If your Leader has the {Animal Kingdom Pirates} type, K.O. all Characters other than this Character.'),
       ('OP01-094', 'fr', 'Kaido',
        '[On Play] DON!! −6 (You may return the specified number of DON!! cards from your field to your DON!! deck.): If your Leader has the {Animal Kingdom Pirates} type, K.O. all Characters other than this Character.'),
       ('OP01-095', 'en', 'Kyoshirou', '[On Play] Draw 1 card if you have 8 or more DON!! cards on your field.'),
       ('OP01-095', 'fr', 'Kyoshirou', '[On Play] Draw 1 card if you have 8 or more DON!! cards on your field.'),
       ('OP01-096', 'en', 'King',
        '[On Play] DON!! −2 (You may return the specified number of DON!! cards from your field to your DON!! deck.): K.O. up to 1 of your opponent''s Characters with a cost of 3 or less and up to 1 of your opponent''s Characters with a cost of 2 or less.'),
       ('OP01-096', 'fr', 'King',
        '[On Play] DON!! −2 (You may return the specified number of DON!! cards from your field to your DON!! deck.): K.O. up to 1 of your opponent''s Characters with a cost of 3 or less and up to 1 of your opponent''s Characters with a cost of 2 or less.'),
       ('OP01-097', 'en', 'Queen',
        '[On Play] DON!! −1 (You may return the specified number of DON!! cards from your field to your DON!! deck.): This Character gains [Rush] during this turn. Then, give up to 1 of your opponent''s Characters −2000 power during this turn. \n (This card can attack on the turn in which it is played.)'),
       ('OP01-097', 'fr', 'Queen',
        '[On Play] DON!! −1 (You may return the specified number of DON!! cards from your field to your DON!! deck.): This Character gains [Rush] during this turn. Then, give up to 1 of your opponent''s Characters −2000 power during this turn. \n (This card can attack on the turn in which it is played.)'),
       ('OP01-098', 'en', 'Kurozumi Orochi',
        '[On Play] Reveal up to 1 [Artificial Devil Fruit SMILE] from your deck and add it to your hand. Then, shuffle your deck.'),
       ('OP01-098', 'fr', 'Kurozumi Orochi',
        '[On Play] Reveal up to 1 [Artificial Devil Fruit SMILE] from your deck and add it to your hand. Then, shuffle your deck.'),
       ('OP01-099', 'en', 'Kurozumi Semimaru',
        '{Kurozumi Clan} type Characters other than your [Kurozumi Semimaru] cannot be K.O.''d in battle.'),
       ('OP01-099', 'fr', 'Kurozumi Semimaru',
        '{Kurozumi Clan} type Characters other than your [Kurozumi Semimaru] cannot be K.O.''d in battle.'),
       ('OP01-100', 'en', 'Kurozumi Higurashi',
        '[Blocker] (After your opponent declares an attack, you may rest this card to make it the new target of the attack.)'),
       ('OP01-100', 'fr', 'Kurozumi Higurashi',
        '[Blocker] (After your opponent declares an attack, you may rest this card to make it the new target of the attack.)'),
       ('OP01-101', 'en', 'Sasaki',
        '[DON!! x1] [When Attacking] You may trash 1 card from your hand: Add up to 1 DON!! card from your DON!! deck and rest it.'),
       ('OP01-101', 'fr', 'Sasaki',
        '[DON!! x1] [When Attacking] You may trash 1 card from your hand: Add up to 1 DON!! card from your DON!! deck and rest it.'),
       ('OP01-102', 'en', 'Jack',
        '[When Attacking] DON!! −1 (You may return the specified number of DON!! cards from your field to your DON!! deck.): Your opponent trashes 1 card from their hand.'),
       ('OP01-102', 'fr', 'Jack',
        '[When Attacking] DON!! −1 (You may return the specified number of DON!! cards from your field to your DON!! deck.): Your opponent trashes 1 card from their hand.'),
       ('OP01-103', 'en', 'Scratchmen Apoo', NULL),
       ('OP01-103', 'fr', 'Scratchmen Apoo', NULL),
       ('OP01-104', 'en', 'Speed', '[Trigger] Play this card.'),
       ('OP01-104', 'fr', 'Speed', '[Trigger] Play this card.'),
       ('OP01-105', 'en', 'Bao Huang',
        '[On Play] Choose 2 cards from your opponent''s hand; your opponent reveals those cards.'),
       ('OP01-105', 'fr', 'Bao Huang',
        '[On Play] Choose 2 cards from your opponent''s hand; your opponent reveals those cards.'),
       ('OP01-106', 'en', 'Basil Hawkins',
        '[On Play] Add up to 1 DON!! card from your DON!! deck and rest it. \n [Trigger] Play this card.'),
       ('OP01-106', 'fr', 'Basil Hawkins',
        '[On Play] Add up to 1 DON!! card from your DON!! deck and rest it. \n [Trigger] Play this card.'),
       ('OP01-107', 'en', 'Babanuki', NULL),
       ('OP01-107', 'fr', 'Babanuki', NULL),
       ('OP01-108', 'en', 'Hitokiri Kamazo',
        '[On K.O.] DON!! −1 (You may return the specified number of DON!! cards from your field to your DON!! deck.): K.O. up to 1 of your opponent''s Characters with a cost of 5 or less.'),
       ('OP01-108', 'fr', 'Hitokiri Kamazo',
        '[On K.O.] DON!! −1 (You may return the specified number of DON!! cards from your field to your DON!! deck.): K.O. up to 1 of your opponent''s Characters with a cost of 5 or less.'),
       ('OP01-109', 'en', 'Who''s.Who',
        '[DON!! x1] [Your Turn] If you have 8 or more DON!! cards on your field, this Character gains +2000 power.'),
       ('OP01-109', 'fr', 'Who''s.Who',
        '[DON!! x1] [Your Turn] If you have 8 or more DON!! cards on your field, this Character gains +2000 power.'),
       ('OP01-110', 'en', 'Fukurokuju', NULL),
       ('OP01-110', 'fr', 'Fukurokuju', NULL),
       ('OP01-111', 'en', 'Black Maria',
        '[Blocker] (After your opponent declares an attack, you may rest this card to make it the new target of the attack.) \n [On Block] DON!! −1 (You may return the specified number of DON!! cards from your field to your DON!! deck.): This Character gains +1000 power during this turn.'),
       ('OP01-111', 'fr', 'Black Maria',
        '[Blocker] (After your opponent declares an attack, you may rest this card to make it the new target of the attack.) \n [On Block] DON!! −1 (You may return the specified number of DON!! cards from your field to your DON!! deck.): This Character gains +1000 power during this turn.'),
       ('OP01-112', 'en', 'Page One',
        '[Activate: Main] [Once Per Turn] DON!! −1 (You may return the specified number of DON!! cards from your field to your DON!! deck.): This Character can also attack your opponent''s active Characters during this turn.'),
       ('OP01-112', 'fr', 'Page One',
        '[Activate: Main] [Once Per Turn] DON!! −1 (You may return the specified number of DON!! cards from your field to your DON!! deck.): This Character can also attack your opponent''s active Characters during this turn.'),
       ('OP01-113', 'en', 'Holedem', '[On K.O.] Add up to 1 DON!! card from your DON!! deck and rest it.'),
       ('OP01-113', 'fr', 'Holedem', '[On K.O.] Add up to 1 DON!! card from your DON!! deck and rest it.'),
       ('OP01-114', 'en', 'X.Drake',
        '[On Play] DON!! −1 (You may return the specified number of DON!! cards from your field to your DON!! deck.): Your opponent trashes 1 card from their hand.'),
       ('OP01-114', 'fr', 'X.Drake',
        '[On Play] DON!! −1 (You may return the specified number of DON!! cards from your field to your DON!! deck.): Your opponent trashes 1 card from their hand.'),
       ('OP01-115', 'en', 'Elephant''s Marchoo',
        '[Main] K.O. up to 1 of your opponent''s Characters with a cost of 2 or less, then add up to 1 DON!! card from your DON!! deck and set it as active. \n [Trigger] Activate this card''s [Main] effect.'),
       ('OP01-115', 'fr', 'Elephant''s Marchoo',
        '[Main] K.O. up to 1 of your opponent''s Characters with a cost of 2 or less, then add up to 1 DON!! card from your DON!! deck and set it as active. \n [Trigger] Activate this card''s [Main] effect.'),
       ('OP01-116', 'en', 'Artificial Devil Fruit SMILE',
        '[Main] Look at 5 cards from the top of your deck; play up to 1 {SMILE} type Character card with a cost of 3 or less. Then, place the rest at the bottom of your deck in any order. \n [Trigger] Activate this card''s [Main] effect.'),
       ('OP01-116', 'fr', 'Artificial Devil Fruit SMILE',
        '[Main] Look at 5 cards from the top of your deck; play up to 1 {SMILE} type Character card with a cost of 3 or less. Then, place the rest at the bottom of your deck in any order. \n [Trigger] Activate this card''s [Main] effect.'),
       ('OP01-117', 'en', 'Sheep''s Horn',
        '[Main] DON!! −1 (You may return the specified number of DON!! cards from your field to your DON!! deck.): Rest up to 1 of your opponent''s Characters with a cost of 6 or less.'),
       ('OP01-117', 'fr', 'Sheep''s Horn',
        '[Main] DON!! −1 (You may return the specified number of DON!! cards from your field to your DON!! deck.): Rest up to 1 of your opponent''s Characters with a cost of 6 or less.'),
       ('OP01-118', 'en', 'Ulti-Mortar',
        '[Counter] DON!! −2 (You may return the specified number of DON!! cards from your field to your DON!! deck.): Up to 1 of your Leader or Character cards gains +2000 power during this battle. Then, draw 1 card. \n [Trigger] Add 1 DON!! card from your DON!! deck and set it as active.'),
       ('OP01-118', 'fr', 'Ulti-Mortar',
        '[Counter] DON!! −2 (You may return the specified number of DON!! cards from your field to your DON!! deck.): Up to 1 of your Leader or Character cards gains +2000 power during this battle. Then, draw 1 card. \n [Trigger] Add 1 DON!! card from your DON!! deck and set it as active.'),
       ('OP01-119', 'en', 'Thunder Bagua',
        '[Counter] Up to 1 of your Leader or Character cards gains +4000 power during this battle. Then, if you have 2 or less Life cards, add up to 1 DON!! card from your DON!! deck and rest it. \n [Trigger] Add 1 DON!! card from your DON!! deck and set it as active.'),
       ('OP01-119', 'fr', 'Thunder Bagua',
        '[Counter] Up to 1 of your Leader or Character cards gains +4000 power during this battle. Then, if you have 2 or less Life cards, add up to 1 DON!! card from your DON!! deck and rest it. \n [Trigger] Add 1 DON!! card from your DON!! deck and set it as active.'),
       ('OP01-120', 'en', 'Shanks',
        '[Rush] (This card can attack on the turn in which it is played.) \n [When Attacking] Your opponent cannot activate a [Blocker] Character that has 2000 or less power during this battle.'),
       ('OP01-120', 'fr', 'Shanks',
        '[Rush] (This card can attack on the turn in which it is played.) \n [When Attacking] Your opponent cannot activate a [Blocker] Character that has 2000 or less power during this battle.'),
       ('OP01-121', 'en', 'Yamato',
        'Also treat this card''s name as [Kouzuki Oden] according to the rules. \n [Double Attack] (This card deals 2 damage.) \n [Banish] (When this card deals damage, the target card is trashed without activating its Trigger.)'),
       ('OP01-121', 'fr', 'Yamato',
        'Also treat this card''s name as [Kouzuki Oden] according to the rules. \n [Double Attack] (This card deals 2 damage.) \n [Banish] (When this card deals damage, the target card is trashed without activating its Trigger.)')
ON CONFLICT DO NOTHING;
