INSERT INTO UT_PRODUCT(ID, RELEASE_DATE)
VALUES ('OP-06', '2024-03-15')
ON CONFLICT DO NOTHING;

INSERT INTO UT_PRODUCT_DESCRIPTION (PRODUCT_ID, LANGUAGE_CODE, NAME)
VALUES ('OP-06', 'en', '[OP-06] WINGS OF THE CAPTAIN'),
       ('OP-06', 'fr', '[OP-06] WINGS OF THE CAPTAIN')
ON CONFLICT DO NOTHING;

INSERT INTO UT_CARD (ID, TYPE_ID, ATTRIBUTE_ID, COST, POWER, LIFE, COUNTER)
VALUES ('OP06-001', 0, 2, NULL, 5000, 4, NULL),
       ('OP06-002', 1, 4, 4, 5000, NULL, 1000),
       ('OP06-003', 1, 2, 5, 6000, NULL, NULL),
       ('OP06-004', 1, 1, 2, 3000, NULL, 1000),
       ('OP06-005', 1, 2, 6, 8000, NULL, 1000),
       ('OP06-006', 1, 4, 4, 5000, NULL, 2000),
       ('OP06-007', 1, 4, 10, 12000, NULL, NULL),
       ('OP06-008', 1, 3, 3, 5000, NULL, 1000),
       ('OP06-009', 1, 0, 3, 4000, NULL, 1000),
       ('OP06-010', 1, 0, 6, 7000, NULL, 1000),
       ('OP06-011', 1, 2, 5, 6000, NULL, 1000),
       ('OP06-012', 1, 0, 5, 6000, NULL, 1000),
       ('OP06-013', 1, 0, 2, 3000, NULL, 1000),
       ('OP06-014', 1, 3, 1, NULL, NULL, 1000),
       ('OP06-015', 1, 2, 4, NULL, NULL, 1000),
       ('OP06-016', 1, 3, 1, 2000, NULL, NULL),
       ('OP06-017', 3, NULL, 2, NULL, NULL, NULL),
       ('OP06-018', 3, NULL, 2, NULL, NULL, NULL),
       ('OP06-019', 3, NULL, 3, NULL, NULL, NULL),
       ('OP06-020', 0, 0, NULL, 5000, 5, NULL),
       ('OP06-021', 0, 2, NULL, 5000, 4, NULL),
       ('OP06-022', 0, 0, NULL, 5000, 4, NULL),
       ('OP06-023', 1, 4, 4, 6000, NULL, NULL),
       ('OP06-024', 1, 4, 5, 6000, NULL, 1000),
       ('OP06-025', 1, 3, 1, 2000, NULL, 1000),
       ('OP06-026', 1, 4, 3, NULL, NULL, 1000),
       ('OP06-027', 1, 4, 1, 2000, NULL, 1000),
       ('OP06-028', 1, 3, 2, 3000, NULL, 2000),
       ('OP06-029', 1, 4, 3, 4000, NULL, 1000),
       ('OP06-030', 1, 0, 3, 4000, NULL, 1000),
       ('OP06-031', 1, 4, 4, 5000, NULL, 1000),
       ('OP06-032', 1, 1, 2, 2000, NULL, 1000),
       ('OP06-033', 1, 1, 2, 2000, NULL, 1000),
       ('OP06-034', 1, 4, 4, 6000, NULL, NULL),
       ('OP06-035', 1, 0, 7, 8000, NULL, NULL),
       ('OP06-036', 1, 4, 4, 6000, NULL, NULL),
       ('OP06-037', 1, 0, 6, 8000, NULL, 1000),
       ('OP06-038', 3, NULL, 1, NULL, NULL, NULL),
       ('OP06-039', 3, NULL, 4, NULL, NULL, NULL),
       ('OP06-040', 3, NULL, 2, NULL, NULL, NULL),
       ('OP06-041', 2, NULL, 6, NULL, NULL, NULL),
       ('OP06-042', 0, 2, NULL, 5000, 4, NULL),
       ('OP06-043', 1, 2, 8, 8000, NULL, NULL),
       ('OP06-044', 1, 4, 4, 5000, NULL, 2000),
       ('OP06-045', 1, 2, 3, 5000, NULL, NULL),
       ('OP06-046', 1, 2, 5, 6000, NULL, NULL),
       ('OP06-047', 1, 3, 4, 4000, NULL, 1000),
       ('OP06-048', 1, 0, 3, 3000, NULL, 1000),
       ('OP06-049', 1, 0, 5, 7000, NULL, 1000),
       ('OP06-050', 1, 4, 1, 2000, NULL, 1000),
       ('OP06-051', 1, 2, 5, 4000, NULL, 2000),
       ('OP06-052', 1, 0, 2, 3000, NULL, 1000),
       ('OP06-053', 1, 0, 2, 3000, NULL, 1000),
       ('OP06-054', 1, 2, 2, 4000, NULL, NULL),
       ('OP06-055', 1, 0, 5, 7000, NULL, NULL),
       ('OP06-056', 3, NULL, 2, NULL, NULL, NULL),
       ('OP06-057', 3, NULL, 1, NULL, NULL, NULL),
       ('OP06-058', 3, NULL, 7, NULL, NULL, NULL),
       ('OP06-059', 3, NULL, 2, NULL, NULL, NULL),
       ('OP06-060', 1, 0, 4, 4000, NULL, 1000),
       ('OP06-061', 1, 0, 7, 7000, NULL, NULL),
       ('OP06-062', 1, 4, 8, 8000, NULL, NULL),
       ('OP06-063', 1, 3, 1, NULL, NULL, 2000),
       ('OP06-064', 1, 2, 3, 3000, NULL, 1000),
       ('OP06-065', 1, 2, 5, 6000, NULL, 1000),
       ('OP06-066', 1, 0, 2, 2000, NULL, 1000),
       ('OP06-067', 1, 0, 4, 5000, NULL, 1000),
       ('OP06-068', 1, 2, 2, 2000, NULL, 1000),
       ('OP06-069', 1, 2, 4, 5000, NULL, 1000),
       ('OP06-070', 1, 2, 5, 7000, NULL, 1000),
       ('OP06-071', 1, 2, 5, 6000, NULL, 1000),
       ('OP06-072', 1, 3, 1, NULL, NULL, 1000),
       ('OP06-073', 1, 2, 2, 1000, NULL, 1000),
       ('OP06-074', 1, 0, 7, 7000, NULL, NULL),
       ('OP06-075', 1, 2, 2, 3000, NULL, 1000),
       ('OP06-076', 1, 4, 4, 5000, NULL, 2000),
       ('OP06-077', 3, NULL, 4, NULL, NULL, NULL),
       ('OP06-078', 3, NULL, 1, NULL, NULL, NULL),
       ('OP06-079', 2, NULL, 1, NULL, NULL, NULL),
       ('OP06-080', 0, 2, NULL, 5000, 5, NULL),
       ('OP06-081', 1, 1, 4, 5000, NULL, 1000),
       ('OP06-082', 1, 0, 2, 3000, NULL, 1000),
       ('OP06-083', 1, 0, 4, 7000, NULL, NULL),
       ('OP06-084', 1, 4, 2, 3000, NULL, 1000),
       ('OP06-085', 1, 0, 2, 3000, NULL, 1000),
       ('OP06-086', 1, 2, 8, 9000, NULL, NULL),
       ('OP06-087', 1, 0, 2, 2000, NULL, 1000),
       ('OP06-088', 1, 4, 3, 4000, NULL, 1000),
       ('OP06-089', 1, 2, 2, 3000, NULL, 1000),
       ('OP06-090', 1, 3, 4, 5000, NULL, 1000),
       ('OP06-091', 1, 4, 1, 2000, NULL, 2000),
       ('OP06-092', 1, 4, 6, 6000, NULL, NULL),
       ('OP06-093', 1, 2, 4, 5000, NULL, 2000),
       ('OP06-094', 1, 4, 4, 6000, NULL, 1000),
       ('OP06-095', 3, NULL, 2, NULL, NULL, NULL),
       ('OP06-096', 3, NULL, 3, NULL, NULL, NULL),
       ('OP06-097', 3, NULL, 2, NULL, NULL, NULL),
       ('OP06-098', 2, NULL, 1, NULL, NULL, NULL),
       ('OP06-099', 1, 3, 1, NULL, NULL, 2000),
       ('OP06-100', 1, 4, 4, 5000, NULL, 1000),
       ('OP06-101', 1, 2, 2, 3000, NULL, 1000),
       ('OP06-102', 1, 4, 3, 4000, NULL, 1000),
       ('OP06-103', 1, 4, 3, 5000, NULL, NULL),
       ('OP06-104', 1, 4, 4, 6000, NULL, NULL),
       ('OP06-105', 1, 1, 3, 5000, NULL, 1000),
       ('OP06-106', 1, 3, 2, NULL, NULL, 2000),
       ('OP06-107', 1, 3, 5, 6000, NULL, NULL),
       ('OP06-108', 1, 3, 1, 2000, NULL, 1000),
       ('OP06-109', 1, 4, 5, 6000, NULL, NULL),
       ('OP06-110', 1, 4, 4, 5000, NULL, 1000),
       ('OP06-111', 1, 1, 3, 4000, NULL, 1000),
       ('OP06-112', 1, 4, 3, 4000, NULL, 1000),
       ('OP06-113', 1, 1, 1, 1000, NULL, 1000),
       ('OP06-114', 1, 1, 5, 7000, NULL, NULL),
       ('OP06-115', 3, NULL, 0, NULL, NULL, NULL),
       ('OP06-116', 3, NULL, 4, NULL, NULL, NULL),
       ('OP06-117', 2, NULL, 1, NULL, NULL, NULL),
       ('OP06-118', 1, 4, 9, 9000, NULL, NULL),
       ('OP06-119', 1, 0, 9, 9000, NULL, NULL)
ON CONFLICT DO NOTHING;

INSERT INTO UT_CARD_IMAGE (CARD_ID, NAME, RARITY_ID, PRODUCT_ID)
VALUES ('OP03-008', 'OP03-008_p1.png', 6, 'OP-06'),
       ('OP03-114', 'OP03-114_p2.png', 6, 'OP-06'),
       ('OP04-024', 'OP04-024_p2.png', 6, 'OP-06'),
       ('OP04-064', 'OP04-064_p2.png', 6, 'OP-06'),
       ('OP05-051', 'OP05-051_p2.png', 6, 'OP-06'),
       ('OP05-091', 'OP05-091_p2.png', 6, 'OP-06'),
       ('OP06-001', 'OP06-001.png', 0, 'OP-06'),
       ('OP06-001', 'OP06-001_p1.png', 0, 'OP-06'),
       ('OP06-002', 'OP06-002.png', 1, 'OP-06'),
       ('OP06-003', 'OP06-003.png', 2, 'OP-06'),
       ('OP06-004', 'OP06-004.png', 1, 'OP-06'),
       ('OP06-005', 'OP06-005.png', 1, 'OP-06'),
       ('OP06-006', 'OP06-006.png', 2, 'OP-06'),
       ('OP06-007', 'OP06-007.png', 3, 'OP-06'),
       ('OP06-007', 'OP06-007_p1.png', 3, 'OP-06'),
       ('OP06-008', 'OP06-008.png', 1, 'OP-06'),
       ('OP06-009', 'OP06-009.png', 3, 'OP-06'),
       ('OP06-009', 'OP06-009_p1.png', 3, 'OP-06'),
       ('OP06-010', 'OP06-010.png', 5, 'OP-06'),
       ('OP06-011', 'OP06-011.png', 5, 'OP-06'),
       ('OP06-012', 'OP06-012.png', 2, 'OP-06'),
       ('OP06-013', 'OP06-013.png', 5, 'OP-06'),
       ('OP06-013', 'OP06-013_p1.png', 5, 'OP-06'),
       ('OP06-014', 'OP06-014.png', 1, 'OP-06'),
       ('OP06-015', 'OP06-015.png', 1, 'OP-06'),
       ('OP06-016', 'OP06-016.png', 2, 'OP-06'),
       ('OP06-017', 'OP06-017.png', 1, 'OP-06'),
       ('OP06-018', 'OP06-018.png', 5, 'OP-06'),
       ('OP06-019', 'OP06-019.png', 2, 'OP-06'),
       ('OP06-020', 'OP06-020.png', 0, 'OP-06'),
       ('OP06-020', 'OP06-020_p1.png', 0, 'OP-06'),
       ('OP06-021', 'OP06-021.png', 0, 'OP-06'),
       ('OP06-021', 'OP06-021_p1.png', 0, 'OP-06'),
       ('OP06-022', 'OP06-022.png', 0, 'OP-06'),
       ('OP06-022', 'OP06-022_p1.png', 0, 'OP-06'),
       ('OP06-023', 'OP06-023.png', 5, 'OP-06'),
       ('OP06-024', 'OP06-024.png', 2, 'OP-06'),
       ('OP06-025', 'OP06-025.png', 5, 'OP-06'),
       ('OP06-025', 'OP06-025_p1.png', 5, 'OP-06'),
       ('OP06-026', 'OP06-026.png', 1, 'OP-06'),
       ('OP06-027', 'OP06-027.png', 1, 'OP-06'),
       ('OP06-028', 'OP06-028.png', 1, 'OP-06'),
       ('OP06-029', 'OP06-029.png', 2, 'OP-06'),
       ('OP06-030', 'OP06-030.png', 1, 'OP-06'),
       ('OP06-031', 'OP06-031.png', 2, 'OP-06'),
       ('OP06-032', 'OP06-032.png', 1, 'OP-06'),
       ('OP06-033', 'OP06-033.png', 5, 'OP-06'),
       ('OP06-034', 'OP06-034.png', 2, 'OP-06'),
       ('OP06-035', 'OP06-035.png', 3, 'OP-06'),
       ('OP06-035', 'OP06-035_p1.png', 3, 'OP-06'),
       ('OP06-036', 'OP06-036.png', 5, 'OP-06'),
       ('OP06-037', 'OP06-037.png', 1, 'OP-06'),
       ('OP06-038', 'OP06-038.png', 2, 'OP-06'),
       ('OP06-039', 'OP06-039.png', 5, 'OP-06'),
       ('OP06-040', 'OP06-040.png', 1, 'OP-06'),
       ('OP06-041', 'OP06-041.png', 1, 'OP-06'),
       ('OP06-042', 'OP06-042.png', 0, 'OP-06'),
       ('OP06-042', 'OP06-042_p1.png', 0, 'OP-06'),
       ('OP06-043', 'OP06-043.png', 3, 'OP-06'),
       ('OP06-043', 'OP06-043_p1.png', 3, 'OP-06'),
       ('OP06-044', 'OP06-044.png', 2, 'OP-06'),
       ('OP06-045', 'OP06-045.png', 2, 'OP-06'),
       ('OP06-046', 'OP06-046.png', 2, 'OP-06'),
       ('OP06-047', 'OP06-047.png', 5, 'OP-06'),
       ('OP06-048', 'OP06-048.png', 1, 'OP-06'),
       ('OP06-049', 'OP06-049.png', 1, 'OP-06'),
       ('OP06-050', 'OP06-050.png', 5, 'OP-06'),
       ('OP06-050', 'OP06-050_p1.png', 5, 'OP-06'),
       ('OP06-051', 'OP06-051.png', 5, 'OP-06'),
       ('OP06-052', 'OP06-052.png', 1, 'OP-06'),
       ('OP06-053', 'OP06-053.png', 1, 'OP-06'),
       ('OP06-054', 'OP06-054.png', 2, 'OP-06'),
       ('OP06-055', 'OP06-055.png', 1, 'OP-06'),
       ('OP06-056', 'OP06-056.png', 2, 'OP-06'),
       ('OP06-057', 'OP06-057.png', 1, 'OP-06'),
       ('OP06-058', 'OP06-058.png', 5, 'OP-06'),
       ('OP06-059', 'OP06-059.png', 2, 'OP-06'),
       ('OP06-060', 'OP06-060.png', 1, 'OP-06'),
       ('OP06-061', 'OP06-061.png', 5, 'OP-06'),
       ('OP06-061', 'OP06-061_p1.png', 5, 'OP-06'),
       ('OP06-062', 'OP06-062.png', 3, 'OP-06'),
       ('OP06-062', 'OP06-062_p1.png', 3, 'OP-06'),
       ('OP06-063', 'OP06-063.png', 2, 'OP-06'),
       ('OP06-064', 'OP06-064.png', 1, 'OP-06'),
       ('OP06-065', 'OP06-065.png', 5, 'OP-06'),
       ('OP06-066', 'OP06-066.png', 1, 'OP-06'),
       ('OP06-067', 'OP06-067.png', 5, 'OP-06'),
       ('OP06-068', 'OP06-068.png', 1, 'OP-06'),
       ('OP06-069', 'OP06-069.png', 3, 'OP-06'),
       ('OP06-069', 'OP06-069_p1.png', 3, 'OP-06'),
       ('OP06-070', 'OP06-070.png', 1, 'OP-06'),
       ('OP06-071', 'OP06-071.png', 2, 'OP-06'),
       ('OP06-072', 'OP06-072.png', 1, 'OP-06'),
       ('OP06-073', 'OP06-073.png', 2, 'OP-06'),
       ('OP06-074', 'OP06-074.png', 5, 'OP-06'),
       ('OP06-075', 'OP06-075.png', 1, 'OP-06'),
       ('OP06-076', 'OP06-076.png', 2, 'OP-06'),
       ('OP06-077', 'OP06-077.png', 5, 'OP-06'),
       ('OP06-078', 'OP06-078.png', 2, 'OP-06'),
       ('OP06-079', 'OP06-079.png', 1, 'OP-06'),
       ('OP06-080', 'OP06-080.png', 0, 'OP-06'),
       ('OP06-080', 'OP06-080_p1.png', 0, 'OP-06'),
       ('OP06-081', 'OP06-081.png', 5, 'OP-06'),
       ('OP06-081', 'OP06-081_p1.png', 5, 'OP-06'),
       ('OP06-082', 'OP06-082.png', 1, 'OP-06'),
       ('OP06-083', 'OP06-083.png', 2, 'OP-06'),
       ('OP06-084', 'OP06-084.png', 1, 'OP-06'),
       ('OP06-085', 'OP06-085.png', 2, 'OP-06'),
       ('OP06-086', 'OP06-086.png', 3, 'OP-06'),
       ('OP06-086', 'OP06-086_p1.png', 3, 'OP-06'),
       ('OP06-087', 'OP06-087.png', 1, 'OP-06'),
       ('OP06-088', 'OP06-088.png', 2, 'OP-06'),
       ('OP06-089', 'OP06-089.png', 1, 'OP-06'),
       ('OP06-090', 'OP06-090.png', 5, 'OP-06'),
       ('OP06-091', 'OP06-091.png', 2, 'OP-06'),
       ('OP06-092', 'OP06-092.png', 5, 'OP-06'),
       ('OP06-093', 'OP06-093.png', 3, 'OP-06'),
       ('OP06-093', 'OP06-093_p1.png', 3, 'OP-06'),
       ('OP06-094', 'OP06-094.png', 1, 'OP-06'),
       ('OP06-095', 'OP06-095.png', 2, 'OP-06'),
       ('OP06-096', 'OP06-096.png', 1, 'OP-06'),
       ('OP06-097', 'OP06-097.png', 5, 'OP-06'),
       ('OP06-098', 'OP06-098.png', 1, 'OP-06'),
       ('OP06-099', 'OP06-099.png', 1, 'OP-06'),
       ('OP06-100', 'OP06-100.png', 2, 'OP-06'),
       ('OP06-101', 'OP06-101.png', 5, 'OP-06'),
       ('OP06-101', 'OP06-101_p1.png', 5, 'OP-06'),
       ('OP06-102', 'OP06-102.png', 1, 'OP-06'),
       ('OP06-103', 'OP06-103.png', 1, 'OP-06'),
       ('OP06-104', 'OP06-104.png', 5, 'OP-06'),
       ('OP06-105', 'OP06-105.png', 1, 'OP-06'),
       ('OP06-106', 'OP06-106.png', 3, 'OP-06'),
       ('OP06-106', 'OP06-106_p1.png', 3, 'OP-06'),
       ('OP06-107', 'OP06-107.png', 3, 'OP-06'),
       ('OP06-107', 'OP06-107_p1.png', 3, 'OP-06'),
       ('OP06-108', 'OP06-108.png', 1, 'OP-06'),
       ('OP06-109', 'OP06-109.png', 2, 'OP-06'),
       ('OP06-110', 'OP06-110.png', 2, 'OP-06'),
       ('OP06-111', 'OP06-111.png', 1, 'OP-06'),
       ('OP06-112', 'OP06-112.png', 1, 'OP-06'),
       ('OP06-113', 'OP06-113.png', 1, 'OP-06'),
       ('OP06-114', 'OP06-114.png', 2, 'OP-06'),
       ('OP06-115', 'OP06-115.png', 5, 'OP-06'),
       ('OP06-116', 'OP06-116.png', 5, 'OP-06'),
       ('OP06-117', 'OP06-117.png', 1, 'OP-06'),
       ('OP06-118', 'OP06-118.png', 4, 'OP-06'),
       ('OP06-118', 'OP06-118_p1.png', 4, 'OP-06'),
       ('OP06-118', 'OP06-118_p2.png', 4, 'OP-06'),
       ('OP06-119', 'OP06-119.png', 4, 'OP-06'),
       ('OP06-119', 'OP06-119_p1.png', 4, 'OP-06')
ON CONFLICT DO NOTHING;


INSERT INTO UT_CARD_COLOR (COLOR_ID, CARD_ID)
VALUES (0, 'OP06-001'),
       (3, 'OP06-001'),
       (0, 'OP06-002'),
       (0, 'OP06-003'),
       (0, 'OP06-004'),
       (0, 'OP06-005'),
       (0, 'OP06-006'),
       (0, 'OP06-007'),
       (0, 'OP06-008'),
       (0, 'OP06-009'),
       (0, 'OP06-010'),
       (0, 'OP06-011'),
       (0, 'OP06-012'),
       (0, 'OP06-013'),
       (0, 'OP06-014'),
       (0, 'OP06-015'),
       (0, 'OP06-016'),
       (0, 'OP06-017'),
       (0, 'OP06-018'),
       (0, 'OP06-019'),
       (1, 'OP06-020'),
       (1, 'OP06-021'),
       (4, 'OP06-021'),
       (1, 'OP06-022'),
       (5, 'OP06-022'),
       (1, 'OP06-023'),
       (1, 'OP06-024'),
       (1, 'OP06-025'),
       (1, 'OP06-026'),
       (1, 'OP06-027'),
       (1, 'OP06-028'),
       (1, 'OP06-029'),
       (1, 'OP06-030'),
       (1, 'OP06-031'),
       (1, 'OP06-032'),
       (1, 'OP06-033'),
       (1, 'OP06-034'),
       (1, 'OP06-035'),
       (1, 'OP06-036'),
       (1, 'OP06-037'),
       (1, 'OP06-038'),
       (1, 'OP06-039'),
       (1, 'OP06-040'),
       (1, 'OP06-041'),
       (2, 'OP06-042'),
       (3, 'OP06-042'),
       (2, 'OP06-043'),
       (2, 'OP06-044'),
       (2, 'OP06-045'),
       (2, 'OP06-046'),
       (2, 'OP06-047'),
       (2, 'OP06-048'),
       (2, 'OP06-049'),
       (2, 'OP06-050'),
       (2, 'OP06-051'),
       (2, 'OP06-052'),
       (2, 'OP06-053'),
       (2, 'OP06-054'),
       (2, 'OP06-055'),
       (2, 'OP06-056'),
       (2, 'OP06-057'),
       (2, 'OP06-058'),
       (2, 'OP06-059'),
       (3, 'OP06-060'),
       (3, 'OP06-061'),
       (3, 'OP06-062'),
       (3, 'OP06-063'),
       (3, 'OP06-064'),
       (3, 'OP06-065'),
       (3, 'OP06-066'),
       (3, 'OP06-067'),
       (3, 'OP06-068'),
       (3, 'OP06-069'),
       (3, 'OP06-070'),
       (3, 'OP06-071'),
       (3, 'OP06-072'),
       (3, 'OP06-073'),
       (3, 'OP06-074'),
       (3, 'OP06-075'),
       (3, 'OP06-076'),
       (3, 'OP06-077'),
       (3, 'OP06-078'),
       (3, 'OP06-079'),
       (4, 'OP06-080'),
       (4, 'OP06-081'),
       (4, 'OP06-082'),
       (4, 'OP06-083'),
       (4, 'OP06-084'),
       (4, 'OP06-085'),
       (4, 'OP06-086'),
       (4, 'OP06-087'),
       (4, 'OP06-088'),
       (4, 'OP06-089'),
       (4, 'OP06-090'),
       (4, 'OP06-091'),
       (4, 'OP06-092'),
       (4, 'OP06-093'),
       (4, 'OP06-094'),
       (4, 'OP06-095'),
       (4, 'OP06-096'),
       (4, 'OP06-097'),
       (4, 'OP06-098'),
       (5, 'OP06-099'),
       (5, 'OP06-100'),
       (5, 'OP06-101'),
       (5, 'OP06-102'),
       (5, 'OP06-103'),
       (5, 'OP06-104'),
       (5, 'OP06-105'),
       (5, 'OP06-106'),
       (5, 'OP06-107'),
       (5, 'OP06-108'),
       (5, 'OP06-109'),
       (5, 'OP06-110'),
       (5, 'OP06-111'),
       (5, 'OP06-112'),
       (5, 'OP06-113'),
       (5, 'OP06-114'),
       (5, 'OP06-115'),
       (5, 'OP06-116'),
       (5, 'OP06-117'),
       (1, 'OP06-118'),
       (2, 'OP06-119')
ON CONFLICT DO NOTHING;

INSERT INTO UT_CARD_TAG (TAG_ID, CARD_ID)
VALUES (28, 'OP06-001'),
       (20, 'OP06-002'),
       (20, 'OP06-003'),
       (28, 'OP06-004'),
       (92, 'OP06-004'),
       (28, 'OP06-005'),
       (59, 'OP06-005'),
       (98, 'OP06-005'),
       (28, 'OP06-006'),
       (96, 'OP06-006'),
       (28, 'OP06-007'),
       (25, 'OP06-007'),
       (34, 'OP06-007'),
       (28, 'OP06-008'),
       (109, 'OP06-008'),
       (28, 'OP06-009'),
       (94, 'OP06-009'),
       (28, 'OP06-010'),
       (30, 'OP06-010'),
       (28, 'OP06-011'),
       (28, 'OP06-012'),
       (104, 'OP06-012'),
       (28, 'OP06-013'),
       (0, 'OP06-013'),
       (28, 'OP06-014'),
       (100, 'OP06-014'),
       (28, 'OP06-015'),
       (92, 'OP06-015'),
       (28, 'OP06-016'),
       (20, 'OP06-016'),
       (28, 'OP06-017'),
       (0, 'OP06-017'),
       (28, 'OP06-018'),
       (0, 'OP06-018'),
       (28, 'OP06-019'),
       (0, 'OP06-019'),
       (4, 'OP06-020'),
       (99, 'OP06-020'),
       (17, 'OP06-021'),
       (35, 'OP06-022'),
       (4, 'OP06-023'),
       (76, 'OP06-023'),
       (45, 'OP06-023'),
       (4, 'OP06-024'),
       (99, 'OP06-024'),
       (70, 'OP06-025'),
       (103, 'OP06-026'),
       (102, 'OP06-027'),
       (4, 'OP06-028'),
       (99, 'OP06-028'),
       (4, 'OP06-029'),
       (99, 'OP06-029'),
       (4, 'OP06-030'),
       (99, 'OP06-030'),
       (4, 'OP06-031'),
       (95, 'OP06-031'),
       (4, 'OP06-032'),
       (99, 'OP06-032'),
       (4, 'OP06-033'),
       (101, 'OP06-033'),
       (4, 'OP06-034'),
       (4, 'OP06-035'),
       (99, 'OP06-035'),
       (35, 'OP06-036'),
       (17, 'OP06-036'),
       (4, 'OP06-037'),
       (101, 'OP06-037'),
       (49, 'OP06-038'),
       (0, 'OP06-038'),
       (0, 'OP06-039'),
       (4, 'OP06-040'),
       (99, 'OP06-040'),
       (110, 'OP06-041'),
       (75, 'OP06-042'),
       (108, 'OP06-042'),
       (8, 'OP06-043'),
       (8, 'OP06-044'),
       (8, 'OP06-045'),
       (8, 'OP06-046'),
       (72, 'OP06-047'),
       (76, 'OP06-048'),
       (8, 'OP06-049'),
       (8, 'OP06-050'),
       (8, 'OP06-051'),
       (8, 'OP06-052'),
       (39, 'OP06-053'),
       (8, 'OP06-053'),
       (8, 'OP06-054'),
       (8, 'OP06-055'),
       (8, 'OP06-056'),
       (49, 'OP06-057'),
       (0, 'OP06-057'),
       (8, 'OP06-058'),
       (8, 'OP06-059'),
       (75, 'OP06-060'),
       (108, 'OP06-060'),
       (75, 'OP06-061'),
       (108, 'OP06-061'),
       (75, 'OP06-062'),
       (108, 'OP06-062'),
       (75, 'OP06-063'),
       (97, 'OP06-063'),
       (75, 'OP06-064'),
       (108, 'OP06-064'),
       (75, 'OP06-065'),
       (108, 'OP06-065'),
       (75, 'OP06-066'),
       (108, 'OP06-066'),
       (75, 'OP06-067'),
       (108, 'OP06-067'),
       (75, 'OP06-068'),
       (108, 'OP06-068'),
       (75, 'OP06-069'),
       (108, 'OP06-069'),
       (28, 'OP06-070'),
       (93, 'OP06-070'),
       (28, 'OP06-071'),
       (31, 'OP06-071'),
       (97, 'OP06-072'),
       (28, 'OP06-073'),
       (32, 'OP06-073'),
       (28, 'OP06-074'),
       (8, 'OP06-074'),
       (28, 'OP06-075'),
       (106, 'OP06-075'),
       (1, 'OP06-076'),
       (5, 'OP06-076'),
       (27, 'OP06-076'),
       (75, 'OP06-077'),
       (108, 'OP06-077'),
       (75, 'OP06-078'),
       (108, 'OP06-078'),
       (97, 'OP06-079'),
       (15, 'OP06-080'),
       (17, 'OP06-080'),
       (17, 'OP06-081'),
       (17, 'OP06-082'),
       (39, 'OP06-083'),
       (17, 'OP06-083'),
       (17, 'OP06-084'),
       (17, 'OP06-085'),
       (15, 'OP06-086'),
       (17, 'OP06-086'),
       (17, 'OP06-087'),
       (49, 'OP06-088'),
       (38, 'OP06-088'),
       (17, 'OP06-089'),
       (17, 'OP06-090'),
       (17, 'OP06-091'),
       (105, 'OP06-092'),
       (17, 'OP06-093'),
       (17, 'OP06-094'),
       (15, 'OP06-095'),
       (17, 'OP06-095'),
       (0, 'OP06-096'),
       (17, 'OP06-097'),
       (17, 'OP06-098'),
       (88, 'OP06-099'),
       (13, 'OP06-100'),
       (35, 'OP06-100'),
       (44, 'OP06-100'),
       (0, 'OP06-101'),
       (88, 'OP06-102'),
       (107, 'OP06-102'),
       (4, 'OP06-103'),
       (35, 'OP06-103'),
       (44, 'OP06-103'),
       (35, 'OP06-104'),
       (44, 'OP06-104'),
       (88, 'OP06-105'),
       (107, 'OP06-105'),
       (35, 'OP06-106'),
       (43, 'OP06-106'),
       (35, 'OP06-107'),
       (43, 'OP06-107'),
       (35, 'OP06-108'),
       (43, 'OP06-108'),
       (35, 'OP06-109'),
       (44, 'OP06-109'),
       (13, 'OP06-110'),
       (35, 'OP06-110'),
       (44, 'OP06-110'),
       (88, 'OP06-111'),
       (107, 'OP06-111'),
       (35, 'OP06-112'),
       (44, 'OP06-112'),
       (88, 'OP06-113'),
       (107, 'OP06-113'),
       (88, 'OP06-114'),
       (107, 'OP06-114'),
       (88, 'OP06-115'),
       (88, 'OP06-116'),
       (107, 'OP06-116'),
       (88, 'OP06-117'),
       (0, 'OP06-118'),
       (0, 'OP06-119')
ON CONFLICT DO NOTHING;

INSERT INTO UT_CARD_DESCRIPTION (CARD_ID, LANGUAGE_CODE, NAME, EFFECT)
VALUES ('OP06-001', 'en', 'Uta',
        '[When Attacking] You may trash 1 {FILM} type card from your hand: Give up to 1 of your opponent''s Characters −2000 power during this turn. Then, add up to 1 DON!! card from your DON!! deck and rest it.'),
       ('OP06-001', 'fr', 'Uta',
        '[When Attacking] You may trash 1 {FILM} type card from your hand: Give up to 1 of your opponent''s Characters −2000 power during this turn. Then, add up to 1 DON!! card from your DON!! deck and rest it.'),
       ('OP06-002', 'en', 'Inazuma',
        'If this Character has 7000 power or more, this Character gains [Banish]. \n (When this card deals damage, the target card is trashed without activating its Trigger.)'),
       ('OP06-002', 'fr', 'Inazuma',
        'If this Character has 7000 power or more, this Character gains [Banish]. \n (When this card deals damage, the target card is trashed without activating its Trigger.)'),
       ('OP06-003', 'en', 'Emporio.Ivankov',
        '[On Play] Look at 3 cards from the top of your deck and play up to 1 {Revolutionary Army} type Character card with 5000 power or less. Then, place the rest at the bottom of your deck in any order.'),
       ('OP06-003', 'fr', 'Emporio.Ivankov',
        '[On Play] Look at 3 cards from the top of your deck and play up to 1 {Revolutionary Army} type Character card with 5000 power or less. Then, place the rest at the bottom of your deck in any order.'),
       ('OP06-004', 'en', 'Baron Omatsuri', '[On Play] Play up to 1 [Lily Carnation] from your hand.'),
       ('OP06-004', 'fr', 'Baron Omatsuri', '[On Play] Play up to 1 [Lily Carnation] from your hand.'),
       ('OP06-005', 'en', 'Gasparde', NULL),
       ('OP06-005', 'fr', 'Gasparde', NULL),
       ('OP06-006', 'en', 'Saga',
        '[DON!! x1] [When Attacking] This Character gains +1000 power until the start of your next turn. Then, trash 1 of your {FILM} type Characters at the end of this turn.'),
       ('OP06-006', 'fr', 'Saga',
        '[DON!! x1] [When Attacking] This Character gains +1000 power until the start of your next turn. Then, trash 1 of your {FILM} type Characters at the end of this turn.'),
       ('OP06-007', 'en', 'Shanks', '[On Play] K.O. up to 1 of your opponent''s Characters with 10000 power or less.'),
       ('OP06-007', 'fr', 'Shanks', '[On Play] K.O. up to 1 of your opponent''s Characters with 10000 power or less.'),
       ('OP06-008', 'en', 'Schneider', NULL),
       ('OP06-008', 'fr', 'Schneider', NULL),
       ('OP06-009', 'en', 'Shuraiya',
        '[Blocker] (After your opponent declares an attack, you may rest this card to make it the new target of the attack.) \n [When Attacking]/[On Block] [Once Per Turn] This Character becomes the same power as your opponent''s Leader until the start of your next turn.'),
       ('OP06-009', 'fr', 'Shuraiya',
        '[Blocker] (After your opponent declares an attack, you may rest this card to make it the new target of the attack.) \n [When Attacking]/[On Block] [Once Per Turn] This Character becomes the same power as your opponent''s Leader until the start of your next turn.'),
       ('OP06-010', 'en', 'Douglas Bullet',
        'If your Leader has the {FILM} type, this Character gains [Blocker]. \n (After your opponent declares an attack, you may rest this card to make it the new target of the attack.)'),
       ('OP06-010', 'fr', 'Douglas Bullet',
        'If your Leader has the {FILM} type, this Character gains [Blocker]. \n (After your opponent declares an attack, you may rest this card to make it the new target of the attack.)'),
       ('OP06-011', 'en', 'Tot Musica',
        '[Activate: Main] [Once Per Turn] You may rest 1 of your [Uta] cards: This Character gains +5000 power during this turn.'),
       ('OP06-011', 'fr', 'Tot Musica',
        '[Activate: Main] [Once Per Turn] You may rest 1 of your [Uta] cards: This Character gains +5000 power during this turn.'),
       ('OP06-012', 'en', 'Bear.King',
        'If your opponent has a Leader or Character with a base power of 6000 or more, this Character cannot be K.O.''d in battle.'),
       ('OP06-012', 'fr', 'Bear.King',
        'If your opponent has a Leader or Character with a base power of 6000 or more, this Character cannot be K.O.''d in battle.'),
       ('OP06-013', 'en', 'Monkey.D.Luffy',
        '[On Play] Look at 3 cards from the top of your deck; reveal up to 1 {FILM} type card and add it to your hand. Then, place the rest at the bottom of your deck in any order. \n [Trigger] Activate this card''s [On Play] effect.'),
       ('OP06-013', 'fr', 'Monkey.D.Luffy',
        '[On Play] Look at 3 cards from the top of your deck; reveal up to 1 {FILM} type card and add it to your hand. Then, place the rest at the bottom of your deck in any order. \n [Trigger] Activate this card''s [On Play] effect.'),
       ('OP06-014', 'en', 'Ratchet',
        '[On Your Opponent''s Attack] You may trash any number of {FILM} type cards from your hand. Your Leader or 1 of your Characters gains +1000 power during this battle for every card trashed.'),
       ('OP06-014', 'fr', 'Ratchet',
        '[On Your Opponent''s Attack] You may trash any number of {FILM} type cards from your hand. Your Leader or 1 of your Characters gains +1000 power during this battle for every card trashed.'),
       ('OP06-015', 'en', 'Lily Carnation',
        '[Activate: Main] [Once Per Turn] You may trash 1 of your Characters with 6000 power or more: Play up to 1 {FILM} type Character card with 2000 to 5000 power from your trash rested.'),
       ('OP06-015', 'fr', 'Lily Carnation',
        '[Activate: Main] [Once Per Turn] You may trash 1 of your Characters with 6000 power or more: Play up to 1 {FILM} type Character card with 2000 to 5000 power from your trash rested.'),
       ('OP06-016', 'en', 'Raise Max',
        '[Activate: Main] You may place this Character at the bottom of the owner''s deck: Give up to 1 of your opponent''s Characters −3000 power during this turn.'),
       ('OP06-016', 'fr', 'Raise Max',
        '[Activate: Main] You may place this Character at the bottom of the owner''s deck: Give up to 1 of your opponent''s Characters −3000 power during this turn.'),
       ('OP06-017', 'en', 'Meteor-Strike of Love',
        '[Main]/[Counter] You may add 1 card from the top of your Life cards to your hand: Up to 1 of your Leader or Character cards gains +3000 power during this turn.'),
       ('OP06-017', 'fr', 'Meteor-Strike of Love',
        '[Main]/[Counter] You may add 1 card from the top of your Life cards to your hand: Up to 1 of your Leader or Character cards gains +3000 power during this turn.'),
       ('OP06-018', 'en', 'Gum-Gum King Kong Gatling',
        '[Main] Up to 1 of your Leader or Character cards gains +3000 power during this turn. Then, if your opponent has a Character with 7000 power or more, up to 1 of your Leader or Character cards gains +1000 power during this turn. \n [Trigger] K.O. up to 1 of your opponent''s Characters with 5000 power or less.'),
       ('OP06-018', 'fr', 'Gum-Gum King Kong Gatling',
        '[Main] Up to 1 of your Leader or Character cards gains +3000 power during this turn. Then, if your opponent has a Character with 7000 power or more, up to 1 of your Leader or Character cards gains +1000 power during this turn. \n [Trigger] K.O. up to 1 of your opponent''s Characters with 5000 power or less.'),
       ('OP06-019', 'en', 'Blue Dragon Seal Water Stream',
        '[Main] K.O. up to 1 of your opponent''s Characters with 5000 power or less. \n [Trigger] K.O. up to 1 of your opponent''s Characters with 4000 power or less.'),
       ('OP06-019', 'fr', 'Blue Dragon Seal Water Stream',
        '[Main] K.O. up to 1 of your opponent''s Characters with 5000 power or less. \n [Trigger] K.O. up to 1 of your opponent''s Characters with 4000 power or less.'),
       ('OP06-020', 'en', 'Hody Jones',
        '[Activate: Main] You may rest this Leader: Rest up to 1 of your opponent''s DON!! cards or Characters with a cost of 3 or less. Then, you cannot add Life cards to your hand using your own effects during this turn.'),
       ('OP06-020', 'fr', 'Hody Jones',
        '[Activate: Main] You may rest this Leader: Rest up to 1 of your opponent''s DON!! cards or Characters with a cost of 3 or less. Then, you cannot add Life cards to your hand using your own effects during this turn.'),
       ('OP06-021', 'en', 'Perona',
        '[Activate: Main] [Once Per Turn] Choose one: \n • Rest up to 1 of your opponent''s Characters with a cost of 4 or less. \n • Give up to 1 of your opponent''s Characters −1 cost during this turn.'),
       ('OP06-021', 'fr', 'Perona',
        '[Activate: Main] [Once Per Turn] Choose one: \n • Rest up to 1 of your opponent''s Characters with a cost of 4 or less. \n • Give up to 1 of your opponent''s Characters −1 cost during this turn.'),
       ('OP06-022', 'en', 'Yamato',
        '[Double Attack] (This card deals 2 damage.) \n [Activate: Main] [Once Per Turn] If your opponent has 3 or less Life cards, give up to 2 rested DON!! cards to 1 of your Characters.'),
       ('OP06-022', 'fr', 'Yamato',
        '[Double Attack] (This card deals 2 damage.) \n [Activate: Main] [Once Per Turn] If your opponent has 3 or less Life cards, give up to 2 rested DON!! cards to 1 of your Characters.'),
       ('OP06-023', 'en', 'Arlong',
        '[On Play] You may trash 1 card from your hand: Up to 1 of your opponent''s rested Leader cannot attack until the end of your opponent''s next turn. \n [Trigger] Rest up to 1 of your opponent''s Characters with a cost of 4 or less.'),
       ('OP06-023', 'fr', 'Arlong',
        '[On Play] You may trash 1 card from your hand: Up to 1 of your opponent''s rested Leader cannot attack until the end of your opponent''s next turn. \n [Trigger] Rest up to 1 of your opponent''s Characters with a cost of 4 or less.'),
       ('OP06-024', 'en', 'Ikaros Much',
        '[On Play] If your Leader has the {New Fish-Man Pirates} type, play up to 1 {Fish-Man} type Character card with a cost of 4 or less from your hand. Then, add 1 card from the top of your Life cards to your hand.'),
       ('OP06-024', 'fr', 'Ikaros Much',
        '[On Play] If your Leader has the {New Fish-Man Pirates} type, play up to 1 {Fish-Man} type Character card with a cost of 4 or less from your hand. Then, add 1 card from the top of your Life cards to your hand.'),
       ('OP06-025', 'en', 'Camie',
        '[On Play] Look at 4 cards from the top of your deck; reveal up to 1 {Fish-Man} or {Merfolk} type card other than [Camie] and add it to your hand. Then, place the rest at the bottom of your deck in any order.'),
       ('OP06-025', 'fr', 'Camie',
        '[On Play] Look at 4 cards from the top of your deck; reveal up to 1 {Fish-Man} or {Merfolk} type card other than [Camie] and add it to your hand. Then, place the rest at the bottom of your deck in any order.'),
       ('OP06-026', 'en', 'Koushirou',
        '[On Play] Set up to 1 of your <Slash> attribute Characters with a cost of 4 or less as active. Then, you cannot attack a Leader during this turn.'),
       ('OP06-026', 'fr', 'Koushirou',
        '[On Play] Set up to 1 of your <Slash> attribute Characters with a cost of 4 or less as active. Then, you cannot attack a Leader during this turn.'),
       ('OP06-027', 'en', 'Gyro', '[On K.O.] Rest up to 1 of your opponent''s Characters with a cost of 3 or less.'),
       ('OP06-027', 'fr', 'Gyro', '[On K.O.] Rest up to 1 of your opponent''s Characters with a cost of 3 or less.'),
       ('OP06-028', 'en', 'Zeo',
        '[DON!! x1] [When Attacking] If your Leader has the {New Fish-Man Pirates} type, set up to 1 of your DON!! cards as active and this Character gains +1000 power during this turn. Then, add 1 card from the top of your Life cards to your hand.'),
       ('OP06-028', 'fr', 'Zeo',
        '[DON!! x1] [When Attacking] If your Leader has the {New Fish-Man Pirates} type, set up to 1 of your DON!! cards as active and this Character gains +1000 power during this turn. Then, add 1 card from the top of your Life cards to your hand.'),
       ('OP06-029', 'en', 'Daruma',
        '[DON!! x1] [When Attacking] [Once Per Turn] If your Leader has the {New Fish-Man Pirates} type, set this Character as active and this Character gains +1000 power during this turn. Then, add 1 card from the top of your Life cards to your hand.'),
       ('OP06-029', 'fr', 'Daruma',
        '[DON!! x1] [When Attacking] [Once Per Turn] If your Leader has the {New Fish-Man Pirates} type, set this Character as active and this Character gains +1000 power during this turn. Then, add 1 card from the top of your Life cards to your hand.'),
       ('OP06-030', 'en', 'Dosun',
        '[When Attacking] If your Leader has the {New Fish-Man Pirates} type, this Character cannot be K.O.''d in battle and gains +2000 power until the start of your next turn. Then, add 1 card from the top of your Life cards to your hand.'),
       ('OP06-030', 'fr', 'Dosun',
        '[When Attacking] If your Leader has the {New Fish-Man Pirates} type, this Character cannot be K.O.''d in battle and gains +2000 power until the start of your next turn. Then, add 1 card from the top of your Life cards to your hand.'),
       ('OP06-031', 'en', 'Hatchan',
        '[Trigger] Play up to 1 {Fish-Man} or {Merfolk} type Character card with a cost of 3 or less from your hand.'),
       ('OP06-031', 'fr', 'Hatchan',
        '[Trigger] Play up to 1 {Fish-Man} or {Merfolk} type Character card with a cost of 3 or less from your hand.'),
       ('OP06-032', 'en', 'Hammond',
        '[Blocker] (After your opponent declares an attack, you may rest this card to make it the new target of the attack.)'),
       ('OP06-032', 'fr', 'Hammond',
        '[Blocker] (After your opponent declares an attack, you may rest this card to make it the new target of the attack.)'),
       ('OP06-033', 'en', 'Vander Decken IX',
        '[On Play] You may trash 1 {Fish-Man} type card from your hand or 1 [The Ark Noah] from your hand or field: K.O. up to 1 of your opponent''s rested Characters.'),
       ('OP06-033', 'fr', 'Vander Decken IX',
        '[On Play] You may trash 1 {Fish-Man} type card from your hand or 1 [The Ark Noah] from your hand or field: K.O. up to 1 of your opponent''s rested Characters.'),
       ('OP06-034', 'en', 'Hyouzou',
        '[Activate: Main] [Once Per Turn] Rest up to 1 of your opponent''s Characters with a cost of 4 or less and this Character gains +1000 power during this turn. Then, add 1 card from the top of your Life cards to your hand.'),
       ('OP06-034', 'fr', 'Hyouzou',
        '[Activate: Main] [Once Per Turn] Rest up to 1 of your opponent''s Characters with a cost of 4 or less and this Character gains +1000 power during this turn. Then, add 1 card from the top of your Life cards to your hand.'),
       ('OP06-035', 'en', 'Hody Jones',
        '[Rush] (This card can attack on the turn in which it is played.) \n [On Play] Rest up to a total of 2 of your opponent''s Characters or DON!! cards. Then, add 1 card from the top of your Life cards to your hand.'),
       ('OP06-035', 'fr', 'Hody Jones',
        '[Rush] (This card can attack on the turn in which it is played.) \n [On Play] Rest up to a total of 2 of your opponent''s Characters or DON!! cards. Then, add 1 card from the top of your Life cards to your hand.'),
       ('OP06-036', 'en', 'Ryuma',
        '[On Play]/[On K.O.] K.O. up to 1 of your opponent''s rested Characters with a cost of 4 or less.'),
       ('OP06-036', 'fr', 'Ryuma',
        '[On Play]/[On K.O.] K.O. up to 1 of your opponent''s rested Characters with a cost of 4 or less.'),
       ('OP06-037', 'en', 'Wadatsumi', NULL),
       ('OP06-037', 'fr', 'Wadatsumi', NULL),
       ('OP06-038', 'en', 'The Billion-fold World Trichiliocosm',
        '[Counter] Up to 1 of your Leader or Character cards gains +2000 power during this battle. Then, if you have 8 or more rested cards, that card gains an additional +2000 power during this battle. \n [Trigger] K.O. up to 1 of your opponent''s rested Characters with a cost of 3 or less.'),
       ('OP06-038', 'fr', 'The Billion-fold World Trichiliocosm',
        '[Counter] Up to 1 of your Leader or Character cards gains +2000 power during this battle. Then, if you have 8 or more rested cards, that card gains an additional +2000 power during this battle. \n [Trigger] K.O. up to 1 of your opponent''s rested Characters with a cost of 3 or less.'),
       ('OP06-039', 'en', 'You Ain''t Even Worth Killing TIME!!',
        '[MAIN] Choose one: \n • Rest up TO 1 OF your opponent''s Characters WITH a COST OF 6 OR less. \n • K.O. up TO 1 OF your opponent''s rested Characters WITH a COST OF 6 OR less. \n [TRIGGER] Activate this card''s [MAIN] effect.'),
       ('OP06-039', 'fr', 'You Ain''t Even Worth Killing Time!!',
        '[Main] Choose one: \n • Rest up to 1 of your opponent''s Characters with a cost of 6 or less. \n • K.O. up to 1 of your opponent''s rested Characters with a cost of 6 or less. \n [Trigger] Activate this card''s [Main] effect.'),
       ('OP06-040', 'en', 'Shark Arrows',
        '[Main] K.O. up to 2 of your opponent''s rested Characters with a cost of 3 or less. \n [Trigger] Activate this card''s [Main] effect.'),
       ('OP06-040', 'fr', 'Shark Arrows',
        '[Main] K.O. up to 2 of your opponent''s rested Characters with a cost of 3 or less. \n [Trigger] Activate this card''s [Main] effect.'),
       ('OP06-041', 'en', 'The Ark Noah',
        '[On Play] Rest all of your opponent''s Characters. \n [Trigger] Play this card.'),
       ('OP06-041', 'fr', 'The Ark Noah',
        '[On Play] Rest all of your opponent''s Characters. \n [Trigger] Play this card.'),
       ('OP06-042', 'en', 'Vinsmoke Reiju',
        '[Your Turn] [Once Per Turn] When a DON!! card on your field is returned to your DON!! deck, draw 1 card.'),
       ('OP06-042', 'fr', 'Vinsmoke Reiju',
        '[Your Turn] [Once Per Turn] When a DON!! card on your field is returned to your DON!! deck, draw 1 card.'),
       ('OP06-043', 'en', 'Aramaki',
        '[Blocker] (After your opponent declares an attack, you may rest this card to make it the new target of the attack.) \n [Activate: Main] [Once Per Turn] You may trash 1 card from your hand and place 1 Character with a cost of 2 or less at the bottom of the owner''s deck: This Character gains +3000 power during this turn.'),
       ('OP06-043', 'fr', 'Aramaki',
        '[Blocker] (After your opponent declares an attack, you may rest this card to make it the new target of the attack.) \n [Activate: Main] [Once Per Turn] You may trash 1 card from your hand and place 1 Character with a cost of 2 or less at the bottom of the owner''s deck: This Character gains +3000 power during this turn.'),
       ('OP06-044', 'en', 'Gion',
        '[Your Turn] [Once Per Turn] When your opponent activates an Event, your opponent must place 1 card from their hand at the bottom of their deck.'),
       ('OP06-044', 'fr', 'Gion',
        '[Your Turn] [Once Per Turn] When your opponent activates an Event, your opponent must place 1 card from their hand at the bottom of their deck.'),
       ('OP06-045', 'en', 'Kuzan',
        '[On Play] Draw 2 cards and place 2 cards from your hand at the bottom of your deck in any order.'),
       ('OP06-045', 'fr', 'Kuzan',
        '[On Play] Draw 2 cards and place 2 cards from your hand at the bottom of your deck in any order.'),
       ('OP06-046', 'en', 'Sakazuki',
        '[On Play] Place up to 1 Character with a cost of 2 or less at the bottom of the owner''s deck.'),
       ('OP06-046', 'fr', 'Sakazuki',
        '[On Play] Place up to 1 Character with a cost of 2 or less at the bottom of the owner''s deck.'),
       ('OP06-047', 'en', 'Charlotte Pudding',
        '[On Play] Your opponent returns all cards in their hand to their deck and shuffles their deck. Then, your opponent draws 5 cards.'),
       ('OP06-047', 'fr', 'Charlotte Pudding',
        '[On Play] Your opponent returns all cards in their hand to their deck and shuffles their deck. Then, your opponent draws 5 cards.'),
       ('OP06-048', 'en', 'Zeff',
        '[Your Turn] When your opponent activates [Blocker] or an Event, if your Leader has the {East Blue} type, you may trash 4 cards from the top of your deck.'),
       ('OP06-048', 'fr', 'Zeff',
        '[Your Turn] When your opponent activates [Blocker] or an Event, if your Leader has the {East Blue} type, you may trash 4 cards from the top of your deck.'),
       ('OP06-049', 'en', 'Sengoku', NULL),
       ('OP06-049', 'fr', 'Sengoku', NULL),
       ('OP06-050', 'en', 'Tashigi',
        '[On Play] Look at 5 cards from the top of your deck; reveal up to 1 {Navy} type card other than [Tashigi] and add it to your hand. Then, place the rest at the bottom of your deck in any order.'),
       ('OP06-050', 'fr', 'Tashigi',
        '[On Play] Look at 5 cards from the top of your deck; reveal up to 1 {Navy} type card other than [Tashigi] and add it to your hand. Then, place the rest at the bottom of your deck in any order.'),
       ('OP06-051', 'en', 'Tsuru',
        '[On Play] You may trash 2 cards from your hand: Your opponent returns 1 of their Characters to the owner''s hand.'),
       ('OP06-051', 'fr', 'Tsuru',
        '[On Play] You may trash 2 cards from your hand: Your opponent returns 1 of their Characters to the owner''s hand.'),
       ('OP06-052', 'en', 'Tokikake',
        '[DON!! x1] If you have 4 or less cards in your hand, this Character cannot be K.O.''d in battle.'),
       ('OP06-052', 'fr', 'Tokikake',
        '[DON!! x1] If you have 4 or less cards in your hand, this Character cannot be K.O.''d in battle.'),
       ('OP06-053', 'en', 'Jaguar.D.Saul',
        '[On K.O.] Place up to 1 Character with a cost of 2 or less at the bottom of the owner''s deck.'),
       ('OP06-053', 'fr', 'Jaguar.D.Saul',
        '[On K.O.] Place up to 1 Character with a cost of 2 or less at the bottom of the owner''s deck.'),
       ('OP06-054', 'en', 'Borsalino',
        'If you have 5 or less cards in your hand, this Character gains [Blocker]. \n (After your opponent declares an attack, you may rest this card to make it the new target of the attack.)'),
       ('OP06-054', 'fr', 'Borsalino',
        'If you have 5 or less cards in your hand, this Character gains [Blocker]. \n (After your opponent declares an attack, you may rest this card to make it the new target of the attack.)'),
       ('OP06-055', 'en', 'Monkey.D.Garp',
        '[DON!! x2] [When Attacking] If you have 4 or less cards in your hand, your opponent cannot activate [Blocker] during this battle.'),
       ('OP06-055', 'fr', 'Monkey.D.Garp',
        '[DON!! x2] [When Attacking] If you have 4 or less cards in your hand, your opponent cannot activate [Blocker] during this battle.'),
       ('OP06-056', 'en', 'Ama no Murakumo Sword',
        '[Main] Place up to 1 of your opponent''s Characters with a cost of 2 or less and up to 1 of your opponent''s Characters with a cost of 1 or less at the bottom of the owner''s deck in any order. \n [Trigger] Activate this card''s [Main] effect.'),
       ('OP06-056', 'fr', 'Ama no Murakumo Sword',
        '[Main] Place up to 1 of your opponent''s Characters with a cost of 2 or less and up to 1 of your opponent''s Characters with a cost of 1 or less at the bottom of the owner''s deck in any order. \n [Trigger] Activate this card''s [Main] effect.'),
       ('OP06-057', 'en', 'But I Will Never Doubt a Woman''s Tears!!!!',
        '[Main] Up to 1 of your Leader or Character cards gains +1000 power during this turn. Then, reveal 1 card from the top of your deck, play up to 1 Character card with a cost of 2, and place the rest at the top or bottom of your deck. \n [Trigger] Play up to 1 Character card with a cost of 2 from your hand.'),
       ('OP06-057', 'fr', 'But I Will Never Doubt a Woman''s Tears!!!!',
        '[Main] Up to 1 of your Leader or Character cards gains +1000 power during this turn. Then, reveal 1 card from the top of your deck, play up to 1 Character card with a cost of 2, and place the rest at the top or bottom of your deck. \n [Trigger] Play up to 1 Character card with a cost of 2 from your hand.'),
       ('OP06-058', 'en', 'Gravity Blade Raging Tiger',
        '[Main] Place up to 2 Characters with a cost of 6 or less at the bottom of the owner''s deck in any order. \n [Trigger] Place up to 1 Character with a cost of 5 or less at the bottom of the owner''s deck.'),
       ('OP06-058', 'fr', 'Gravity Blade Raging Tiger',
        '[Main] Place up to 2 Characters with a cost of 6 or less at the bottom of the owner''s deck in any order. \n [Trigger] Place up to 1 Character with a cost of 5 or less at the bottom of the owner''s deck.'),
       ('OP06-059', 'en', 'White Snake',
        '[Counter] Up to 1 of your Leader or Character cards gains +1000 power during this turn, and draw 1 card. \n [Trigger] Look at 5 cards from the top of your deck and place them at the top or bottom of your deck in any order.'),
       ('OP06-059', 'fr', 'White Snake',
        '[Counter] Up to 1 of your Leader or Character cards gains +1000 power during this turn, and draw 1 card. \n [Trigger] Look at 5 cards from the top of your deck and place them at the top or bottom of your deck in any order.'),
       ('OP06-060', 'en', 'Vinsmoke Ichiji',
        '[Activate: Main] DON!! −1 (You may return the specified number of DON!! cards from your field to your DON!! deck.) You may trash this Character: If your Leader has the {GERMA 66} type, play up to 1 [Vinsmoke Ichiji] with a cost of 7 from your hand or trash.'),
       ('OP06-060', 'fr', 'Vinsmoke Ichiji',
        '[Activate: Main] DON!! −1 (You may return the specified number of DON!! cards from your field to your DON!! deck.) You may trash this Character: If your Leader has the {GERMA 66} type, play up to 1 [Vinsmoke Ichiji] with a cost of 7 from your hand or trash.'),
       ('OP06-061', 'en', 'Vinsmoke Ichiji',
        '[On Play] If the number of DON!! cards on your field is equal to or less than the number on your opponent''s field, give up to 1 of your opponent''s Characters −2000 power during this turn and this Character gains [Rush]. \n (This card can attack on the turn in which it is played.)'),
       ('OP06-061', 'fr', 'Vinsmoke Ichiji',
        '[On Play] If the number of DON!! cards on your field is equal to or less than the number on your opponent''s field, give up to 1 of your opponent''s Characters −2000 power during this turn and this Character gains [Rush]. \n (This card can attack on the turn in which it is played.)'),
       ('OP06-062', 'en', 'Vinsmoke Judge',
        '[On Play] DON!! −1 (You may return the specified number of DON!! cards from your field to your DON!! deck.) You may trash 2 cards from your hand: Play up to 4 {GERMA 66} type Character cards with different card names and 4000 power or less from your trash. \n [Activate: Main] [Once Per Turn] DON!! −1: Rest up to 1 of your opponent''s DON!! cards.'),
       ('OP06-062', 'fr', 'Vinsmoke Judge',
        '[On Play] DON!! −1 (You may return the specified number of DON!! cards from your field to your DON!! deck.) You may trash 2 cards from your hand: Play up to 4 {GERMA 66} type Character cards with different card names and 4000 power or less from your trash. \n [Activate: Main] [Once Per Turn] DON!! −1: Rest up to 1 of your opponent''s DON!! cards.'),
       ('OP06-063', 'en', 'Vinsmoke Sora',
        '[On Play] You may trash 1 card from your hand: If the number of DON!! cards on your field is equal to or less than the number on your opponent''s field, add up to 1 {The Vinsmoke Family} type Character card with 4000 power or less from your trash to your hand.'),
       ('OP06-063', 'fr', 'Vinsmoke Sora',
        '[On Play] You may trash 1 card from your hand: If the number of DON!! cards on your field is equal to or less than the number on your opponent''s field, add up to 1 {The Vinsmoke Family} type Character card with 4000 power or less from your trash to your hand.'),
       ('OP06-064', 'en', 'Vinsmoke Niji',
        '[Activate: Main] DON!! −1 (You may return the specified number of DON!! cards from your field to your DON!! deck.) You may trash this Character: If your Leader has the {GERMA 66} type, play up to 1 [Vinsmoke Niji] with a cost of 5 from your hand or trash.'),
       ('OP06-064', 'fr', 'Vinsmoke Niji',
        '[Activate: Main] DON!! −1 (You may return the specified number of DON!! cards from your field to your DON!! deck.) You may trash this Character: If your Leader has the {GERMA 66} type, play up to 1 [Vinsmoke Niji] with a cost of 5 from your hand or trash.'),
       ('OP06-065', 'en', 'Vinsmoke Niji',
        '[On Play] If the number of DON!! cards on your field is equal to or less than the number on your opponent''s field, choose one: \n • K.O. up to 1 of your opponent''s Characters with a cost of 2 or less. \n • Return up to 1 of your opponent''s Characters with a cost of 4 or less to the owner''s hand.'),
       ('OP06-065', 'fr', 'Vinsmoke Niji',
        '[On Play] If the number of DON!! cards on your field is equal to or less than the number on your opponent''s field, choose one: \n • K.O. up to 1 of your opponent''s Characters with a cost of 2 or less. \n • Return up to 1 of your opponent''s Characters with a cost of 4 or less to the owner''s hand.'),
       ('OP06-066', 'en', 'Vinsmoke Yonji',
        '[Activate: Main] DON!! −1 (You may return the specified number of DON!! cards from your field to your DON!! deck.) You may trash this Character: If your Leader has the {GERMA 66} type, play up to 1 [Vinsmoke Yonji] with a cost of 4 from your hand or trash.'),
       ('OP06-066', 'fr', 'Vinsmoke Yonji',
        '[Activate: Main] DON!! −1 (You may return the specified number of DON!! cards from your field to your DON!! deck.) You may trash this Character: If your Leader has the {GERMA 66} type, play up to 1 [Vinsmoke Yonji] with a cost of 4 from your hand or trash.'),
       ('OP06-067', 'en', 'Vinsmoke Yonji',
        'If the number of DON!! cards on your field is equal to or less than the number on your opponent''s field, this Character gains +1000 power. \n [Blocker] (After your opponent declares an attack, you may rest this card to make it the new target of the attack.)'),
       ('OP06-067', 'fr', 'Vinsmoke Yonji',
        'If the number of DON!! cards on your field is equal to or less than the number on your opponent''s field, this Character gains +1000 power. \n [Blocker] (After your opponent declares an attack, you may rest this card to make it the new target of the attack.)'),
       ('OP06-068', 'en', 'Vinsmoke Reiju',
        '[Activate: Main] DON!! −1 (You may return the specified number of DON!! cards from your field to your DON!! deck.) You may trash this Character: If your Leader has the {GERMA 66} type, play up to 1 [Vinsmoke Reiju] with a cost of 4 from your hand or trash.'),
       ('OP06-068', 'fr', 'Vinsmoke Reiju',
        '[Activate: Main] DON!! −1 (You may return the specified number of DON!! cards from your field to your DON!! deck.) You may trash this Character: If your Leader has the {GERMA 66} type, play up to 1 [Vinsmoke Reiju] with a cost of 4 from your hand or trash.'),
       ('OP06-069', 'en', 'Vinsmoke Reiju',
        '[On Play] If the number of DON!! cards on your field is equal to or less than the number on your opponent''s field and you have 5 or less cards in your hand, draw 2 cards.'),
       ('OP06-069', 'fr', 'Vinsmoke Reiju',
        '[On Play] If the number of DON!! cards on your field is equal to or less than the number on your opponent''s field and you have 5 or less cards in your hand, draw 2 cards.'),
       ('OP06-070', 'en', 'Eldoraggo', NULL),
       ('OP06-070', 'fr', 'Eldoraggo', NULL),
       ('OP06-071', 'en', 'Gild Tesoro',
        '[On Play] DON!! −1 (You may return the specified number of DON!! cards from your field to your DON!! deck.): If your Leader has the {FILM} type, add up to 2 {FILM} type Character cards with a cost of 4 or less from your trash to your hand.'),
       ('OP06-071', 'fr', 'Gild Tesoro',
        '[On Play] DON!! −1 (You may return the specified number of DON!! cards from your field to your DON!! deck.): If your Leader has the {FILM} type, add up to 2 {FILM} type Character cards with a cost of 4 or less from your trash to your hand.'),
       ('OP06-072', 'en', 'Cosette',
        'If your Leader has the {GERMA 66} type and the number of DON!! cards on your field is at least 2 less than the number on your opponent''s field, this Character gains [Blocker]. \n (After your opponent declares an attack, you may rest this card to make it the new target of the attack.)'),
       ('OP06-072', 'fr', 'Cosette',
        'If your Leader has the {GERMA 66} type and the number of DON!! cards on your field is at least 2 less than the number on your opponent''s field, this Character gains [Blocker]. \n (After your opponent declares an attack, you may rest this card to make it the new target of the attack.)'),
       ('OP06-073', 'en', 'Shiki',
        '[Blocker] (After your opponent declares an attack, you may rest this card to make it the new target of the attack.) \n [On Play] If you have 8 or more DON!! cards on your field, draw 1 card and trash 1 card from your hand.'),
       ('OP06-073', 'fr', 'Shiki',
        '[Blocker] (After your opponent declares an attack, you may rest this card to make it the new target of the attack.) \n [On Play] If you have 8 or more DON!! cards on your field, draw 1 card and trash 1 card from your hand.'),
       ('OP06-074', 'en', 'Zephyr (Navy)',
        '[On Play] DON!! −1 (You may return the specified number of DON!! cards from your field to your DON!! deck.): Negate the effect of up to 1 of your opponent''s Characters during this turn. Then, if that Character has 5000 power or less, K.O. it.'),
       ('OP06-074', 'fr', 'Zephyr (Navy)',
        '[On Play] DON!! −1 (You may return the specified number of DON!! cards from your field to your DON!! deck.): Negate the effect of up to 1 of your opponent''s Characters during this turn. Then, if that Character has 5000 power or less, K.O. it.'),
       ('OP06-075', 'en', 'Count Battler',
        '[On Play] DON!! −1 (You may return the specified number of DON!! cards from your field to your DON!! deck.): Rest up to 2 of your opponent''s Characters with a cost of 2 or less.'),
       ('OP06-075', 'fr', 'Count Battler',
        '[On Play] DON!! −1 (You may return the specified number of DON!! cards from your field to your DON!! deck.): Rest up to 2 of your opponent''s Characters with a cost of 2 or less.'),
       ('OP06-076', 'en', 'Hitokiri Kamazo',
        '[Your Turn] [Once Per Turn] When a DON!! card on your field is returned to your DON!! deck, K.O. up to 1 of your opponent''s Characters with a cost of 2 or less.'),
       ('OP06-076', 'fr', 'Hitokiri Kamazo',
        '[Your Turn] [Once Per Turn] When a DON!! card on your field is returned to your DON!! deck, K.O. up to 1 of your opponent''s Characters with a cost of 2 or less.'),
       ('OP06-077', 'en', 'Black Bug',
        '[Main] If the number of DON!! cards on your field is equal to or less than the number on your opponent''s field,  place up to 1 of your opponent''s Characters with a cost of 5 or less at the bottom of the owner''s deck. \n [Trigger] Place up to 1 of your opponent''s Characters with a cost of 4 or less at the bottom of the owner''s deck.'),
       ('OP06-077', 'fr', 'Black Bug',
        '[Main] If the number of DON!! cards on your field is equal to or less than the number on your opponent''s field,  place up to 1 of your opponent''s Characters with a cost of 5 or less at the bottom of the owner''s deck. \n [Trigger] Place up to 1 of your opponent''s Characters with a cost of 4 or less at the bottom of the owner''s deck.'),
       ('OP06-078', 'en', 'GERMA 66',
        '[Main] Look at 5 cards from the top of your deck; reveal up to 1 card with a type including "GERMA" other than [GERMA 66] and add it to your hand. Then, place the rest at the bottom of your deck in any order. \n [Trigger] Draw 1 card.'),
       ('OP06-078', 'fr', 'GERMA 66',
        '[Main] Look at 5 cards from the top of your deck; reveal up to 1 card with a type including "GERMA" other than [GERMA 66] and add it to your hand. Then, place the rest at the bottom of your deck in any order. \n [Trigger] Draw 1 card.'),
       ('OP06-079', 'en', 'Kingdom of GERMA',
        '[Activate: Main] You may trash 1 card from your hand and rest this Stage: Look at 3 cards from the top of your deck; reveal up to 1 card with a type including "GERMA" and add it to your hand. Then, place the rest at the bottom of your deck in any order.'),
       ('OP06-079', 'fr', 'Kingdom of GERMA',
        '[Activate: Main] You may trash 1 card from your hand and rest this Stage: Look at 3 cards from the top of your deck; reveal up to 1 card with a type including "GERMA" and add it to your hand. Then, place the rest at the bottom of your deck in any order.'),
       ('OP06-080', 'en', 'Gecko Moria',
        '[DON!! x1] [When Attacking] ➁ (You may rest the specified number of DON!! cards in your cost area.) You may trash 1 card from your hand: Trash 2 cards from the top of your deck and play up to 1 {Thriller Bark Pirates} type Character card with a cost of 4 or less from your trash.'),
       ('OP06-080', 'fr', 'Gecko Moria',
        '[DON!! x1] [When Attacking] ➁ (You may rest the specified number of DON!! cards in your cost area.) You may trash 1 card from your hand: Trash 2 cards from the top of your deck and play up to 1 {Thriller Bark Pirates} type Character card with a cost of 4 or less from your trash.'),
       ('OP06-081', 'en', 'Absalom',
        '[On Play] You may return 2 cards from your trash to the bottom of your deck in any order: K.O. up to 1 Character with a cost of 2 or less.'),
       ('OP06-081', 'fr', 'Absalom',
        '[On Play] You may return 2 cards from your trash to the bottom of your deck in any order: K.O. up to 1 Character with a cost of 2 or less.'),
       ('OP06-082', 'en', 'Inuppe',
        '[On Play]/[On K.O.] If your Leader has the {Thriller Bark Pirates} type, draw 2 cards and trash 2 cards from your hand.'),
       ('OP06-082', 'fr', 'Inuppe',
        '[On Play]/[On K.O.] If your Leader has the {Thriller Bark Pirates} type, draw 2 cards and trash 2 cards from your hand.'),
       ('OP06-083', 'en', 'Oars',
        'This Character cannot attack. \n [Activate: Main] You may K.O. 1 of your {Thriller Bark Pirates} type Characters: This Character''s effect is negated during this turn.'),
       ('OP06-083', 'fr', 'Oars',
        'This Character cannot attack. \n [Activate: Main] You may K.O. 1 of your {Thriller Bark Pirates} type Characters: This Character''s effect is negated during this turn.'),
       ('OP06-084', 'en', 'Jigoro of the Wind',
        '[On K.O.] Up to 1 of your Leader or Character cards gains +1000 power during this turn.'),
       ('OP06-084', 'fr', 'Jigoro of the Wind',
        '[On K.O.] Up to 1 of your Leader or Character cards gains +1000 power during this turn.'),
       ('OP06-085', 'en', 'Kumacy',
        '[DON!! x2] [Your Turn] This Character gains +1000 power for every 5 cards in your trash.'),
       ('OP06-085', 'fr', 'Kumacy',
        '[DON!! x2] [Your Turn] This Character gains +1000 power for every 5 cards in your trash.'),
       ('OP06-086', 'en', 'Gecko Moria',
        '[On Play] Choose up to 1 Character card with a cost of 4 or less and up to 1 Character card with a cost of 2 or less from your trash. Play 1 card and play the other card rested.'),
       ('OP06-086', 'fr', 'Gecko Moria',
        '[On Play] Choose up to 1 Character card with a cost of 4 or less and up to 1 Character card with a cost of 2 or less from your trash. Play 1 card and play the other card rested.'),
       ('OP06-087', 'en', 'Cerberus',
        '[Blocker] (After your opponent declares an attack, you may rest this card to make it the new target of the attack.)'),
       ('OP06-087', 'fr', 'Cerberus',
        '[Blocker] (After your opponent declares an attack, you may rest this card to make it the new target of the attack.)'),
       ('OP06-088', 'en', 'Sai',
        'If your Leader has the {Dressrosa} type and is active, this Character gains +2000 power.'),
       ('OP06-088', 'fr', 'Sai',
        'If your Leader has the {Dressrosa} type and is active, this Character gains +2000 power.'),
       ('OP06-089', 'en', 'Taralan', '[On Play]/[On K.O.] Trash 3 cards from the top of your deck.'),
       ('OP06-089', 'fr', 'Taralan', '[On Play]/[On K.O.] Trash 3 cards from the top of your deck.'),
       ('OP06-090', 'en', 'Dr. Hogback',
        '[On Play] You may return 2 cards from your trash to the bottom of your deck in any order: Add up to 1 {Thriller Bark Pirates} type card other than [Dr. Hogback] from your trash to your hand.'),
       ('OP06-090', 'fr', 'Dr. Hogback',
        '[On Play] You may return 2 cards from your trash to the bottom of your deck in any order: Add up to 1 {Thriller Bark Pirates} type card other than [Dr. Hogback] from your trash to your hand.'),
       ('OP06-091', 'en', 'Victoria Cindry',
        '[On Play] If your Leader has the {Thriller Bark Pirates} type, trash 5 cards from the top of your deck.'),
       ('OP06-091', 'fr', 'Victoria Cindry',
        '[On Play] If your Leader has the {Thriller Bark Pirates} type, trash 5 cards from the top of your deck.'),
       ('OP06-092', 'en', 'Brook',
        '[On Play] Choose one: \n • Trash up to 1 of your opponent''s Characters with a cost of 4 or less. \n • Your opponent places 3 cards from their trash at the bottom of their deck in any order.'),
       ('OP06-092', 'fr', 'Brook',
        '[On Play] Choose one: \n • Trash up to 1 of your opponent''s Characters with a cost of 4 or less. \n • Your opponent places 3 cards from their trash at the bottom of their deck in any order.'),
       ('OP06-093', 'en', 'Perona',
        '[On Play] If your opponent has 5 or more cards in their hand, choose one: \n • Your opponent trashes 1 card from their hand. \n • Give up to 1 of your opponent''s Characters −3 cost during this turn.'),
       ('OP06-093', 'fr', 'Perona',
        '[On Play] If your opponent has 5 or more cards in their hand, choose one: \n • Your opponent trashes 1 card from their hand. \n • Give up to 1 of your opponent''s Characters −3 cost during this turn.'),
       ('OP06-094', 'en', 'Lola', NULL),
       ('OP06-094', 'fr', 'Lola', NULL),
       ('OP06-095', 'en', 'Shadows Asgard',
        '[Main]/[Counter] Your Leader gains +1000 power during this turn. Then, you may K.O. any number of your {Thriller Bark Pirates} type Characters with a cost of 2 or less. Your Leader gains an additional +1000 power during this turn for every Character K.O.''d. \n [Trigger] Draw 2 cards and trash 1 card from your hand.'),
       ('OP06-095', 'fr', 'Shadows Asgard',
        '[Main]/[Counter] Your Leader gains +1000 power during this turn. Then, you may K.O. any number of your {Thriller Bark Pirates} type Characters with a cost of 2 or less. Your Leader gains an additional +1000 power during this turn for every Character K.O.''d. \n [Trigger] Draw 2 cards and trash 1 card from your hand.'),
       ('OP06-096', 'en', '...Nothing...at All!!!',
        '[Counter] You may add 1 card from the top of your Life cards to your hand: Your Characters with a cost of 7 or less cannot be K.O.''d in battle during this turn. \n [Trigger] Activate this card''s [Counter] effect.'),
       ('OP06-096', 'fr', '...Nothing...at All!!!',
        '[Counter] You may add 1 card from the top of your Life cards to your hand: Your Characters with a cost of 7 or less cannot be K.O.''d in battle during this turn. \n [Trigger] Activate this card''s [Counter] effect.'),
       ('OP06-097', 'en', 'Negative Hollow',
        '[Main] Trash 1 card from your opponent''s hand. \n [Trigger] Activate this card''s [Main] effect.'),
       ('OP06-097', 'fr', 'Negative Hollow',
        '[Main] Trash 1 card from your opponent''s hand. \n [Trigger] Activate this card''s [Main] effect.'),
       ('OP06-098', 'en', 'Thriller Bark',
        '[Activate: Main] ➀ (You may rest the specified number of DON!! cards in your cost area.) You may rest this Stage: If your Leader has the {Thriller Bark Pirates} type, play up to 1 {Thriller Bark Pirates} type Character card with a cost of 2 or less from your trash rested.'),
       ('OP06-098', 'fr', 'Thriller Bark',
        '[Activate: Main] ➀ (You may rest the specified number of DON!! cards in your cost area.) You may rest this Stage: If your Leader has the {Thriller Bark Pirates} type, play up to 1 {Thriller Bark Pirates} type Character card with a cost of 2 or less from your trash rested.'),
       ('OP06-099', 'en', 'Aisa',
        '[On Play] Look at up to 1 card from the top of your or your opponent''s Life cards and place it at the top or bottom of the Life cards.'),
       ('OP06-099', 'fr', 'Aisa',
        '[On Play] Look at up to 1 card from the top of your or your opponent''s Life cards and place it at the top or bottom of the Life cards.'),
       ('OP06-100', 'en', 'Inuarashi',
        '[DON!! x2] [When Attacking] You may trash 1 card from your hand: K.O. up to 1 of your opponent''s Characters with a cost equal to or less than the number of your opponent''s Life cards. \n [Trigger] If your opponent has 3 or less Life cards, play this card.'),
       ('OP06-100', 'fr', 'Inuarashi',
        '[DON!! x2] [When Attacking] You may trash 1 card from your hand: K.O. up to 1 of your opponent''s Characters with a cost equal to or less than the number of your opponent''s Life cards. \n [Trigger] If your opponent has 3 or less Life cards, play this card.'),
       ('OP06-101', 'en', 'O-Nami',
        '[On Play] Up to 1 of your Leader or Character cards gains [Banish] during this turn. \n (When this card deals damage, the target card is trashed without activating its Trigger.) \n [Trigger] K.O. up to 1 of your opponent''s Characters with a cost of 5 or less.'),
       ('OP06-101', 'fr', 'O-Nami',
        '[On Play] Up to 1 of your Leader or Character cards gains [Banish] during this turn. \n (When this card deals damage, the target card is trashed without activating its Trigger.) \n [Trigger] K.O. up to 1 of your opponent''s Characters with a cost of 5 or less.'),
       ('OP06-102', 'en', 'Kamakiri',
        '[Activate: Main] [Once Per Turn] You may place 1 Stage with a cost of 1 at the bottom of the owner''s deck: K.O. up to 1 of your opponent''s Characters with a cost of 2 or less. \n [Trigger] If you have 2 or less Life cards, play this card.'),
       ('OP06-102', 'fr', 'Kamakiri',
        '[Activate: Main] [Once Per Turn] You may place 1 Stage with a cost of 1 at the bottom of the owner''s deck: K.O. up to 1 of your opponent''s Characters with a cost of 2 or less. \n [Trigger] If you have 2 or less Life cards, play this card.'),
       ('OP06-103', 'en', 'Kawamatsu',
        '[When Attacking] You may trash 2 cards from your hand: Add up to 1 of your Characters with 0 power to the top or bottom of the owner''s Life cards face-up. \n [Trigger] If your opponent has 3 or less Life cards, play this card.'),
       ('OP06-103', 'fr', 'Kawamatsu',
        '[When Attacking] You may trash 2 cards from your hand: Add up to 1 of your Characters with 0 power to the top or bottom of the owner''s Life cards face-up. \n [Trigger] If your opponent has 3 or less Life cards, play this card.'),
       ('OP06-104', 'en', 'Kikunojo',
        '[On K.O.] If your opponent has 3 or less Life cards, add up to 1 card from the top of your deck to the top of your Life cards. \n [Trigger] If your opponent has 3 or less Life cards, play this card.'),
       ('OP06-104', 'fr', 'Kikunojo',
        '[On K.O.] If your opponent has 3 or less Life cards, add up to 1 card from the top of your deck to the top of your Life cards. \n [Trigger] If your opponent has 3 or less Life cards, play this card.'),
       ('OP06-105', 'en', 'Genbo', NULL),
       ('OP06-105', 'fr', 'Genbo', NULL),
       ('OP06-106', 'en', 'Kouzuki Hiyori',
        '[On Play] You may add 1 card from the top or bottom of your Life cards to your hand: Add up to 1 card from your hand to the top of your Life cards.'),
       ('OP06-106', 'fr', 'Kouzuki Hiyori',
        '[On Play] You may add 1 card from the top or bottom of your Life cards to your hand: Add up to 1 card from your hand to the top of your Life cards.'),
       ('OP06-107', 'en', 'Kouzuki Momonosuke',
        '[Blocker] (After your opponent declares an attack, you may rest this card to make it the new target of the attack.) \n [On Play] Add up to 1 of your {Land of Wano} type Characters other than [Kouzuki Momonosuke] to the top or bottom of the owner''s Life cards face-up.'),
       ('OP06-107', 'fr', 'Kouzuki Momonosuke',
        '[Blocker] (After your opponent declares an attack, you may rest this card to make it the new target of the attack.) \n [On Play] Add up to 1 of your {Land of Wano} type Characters other than [Kouzuki Momonosuke] to the top or bottom of the owner''s Life cards face-up.'),
       ('OP06-108', 'en', 'Tenguyama Hitetsu',
        '[Trigger] Up to 1 of your {Land of Wano} type Leader or Character cards gains +2000 power during this turn.'),
       ('OP06-108', 'fr', 'Tenguyama Hitetsu',
        '[Trigger] Up to 1 of your {Land of Wano} type Leader or Character cards gains +2000 power during this turn.'),
       ('OP06-109', 'en', 'Denjiro',
        '[DON!! x2] If your opponent has 3 or less Life cards, this Character cannot be K.O.''d by effects. \n [Trigger] If your opponent has 3 or less Life cards, play this card.'),
       ('OP06-109', 'fr', 'Denjiro',
        '[DON!! x2] If your opponent has 3 or less Life cards, this Character cannot be K.O.''d by effects. \n [Trigger] If your opponent has 3 or less Life cards, play this card.'),
       ('OP06-110', 'en', 'Nekomamushi',
        '[DON!! x2] This Character can also attack your opponent''s active Characters. \n [Trigger] If your opponent has 3 or less Life cards, play this card.'),
       ('OP06-110', 'fr', 'Nekomamushi',
        '[DON!! x2] This Character can also attack your opponent''s active Characters. \n [Trigger] If your opponent has 3 or less Life cards, play this card.'),
       ('OP06-111', 'en', 'Braham',
        '[Activate: Main] [Once Per Turn] You may place 1 Stage with a cost of 1 at the bottom of the owner''s deck: Rest up to 1 of your opponent''s Characters with a cost of 4 or less. \n [Trigger] If you have 2 or less Life cards, play this card.'),
       ('OP06-111', 'fr', 'Braham',
        '[Activate: Main] [Once Per Turn] You may place 1 Stage with a cost of 1 at the bottom of the owner''s deck: Rest up to 1 of your opponent''s Characters with a cost of 4 or less. \n [Trigger] If you have 2 or less Life cards, play this card.'),
       ('OP06-112', 'en', 'Raizo',
        '[When Attacking] You may trash 1 card from your hand: Rest up to 1 of your opponent''s DON!! cards. \n [Trigger] If your opponent has 3 or less Life cards, play this card.'),
       ('OP06-112', 'fr', 'Raizo',
        '[When Attacking] You may trash 1 card from your hand: Rest up to 1 of your opponent''s DON!! cards. \n [Trigger] If your opponent has 3 or less Life cards, play this card.'),
       ('OP06-113', 'en', 'Raki',
        'If you have a {Shandian Warrior} type Character other than [Raki], this Character gains [Blocker]. \n (After your opponent declares an attack, you may rest this card to make it the new target of the attack.)'),
       ('OP06-113', 'fr', 'Raki',
        'If you have a {Shandian Warrior} type Character other than [Raki], this Character gains [Blocker]. \n (After your opponent declares an attack, you may rest this card to make it the new target of the attack.)'),
       ('OP06-114', 'en', 'Wyper',
        '[On Play] You may place 1 Stage with a cost of 1 at the bottom of the owner''s deck: Look at 5 cards from the top of your deck; reveal up to 1 [Upper Yard] or {Shandian Warrior} type card and add it to your hand. Then, place the rest at the bottom of your deck in any order.'),
       ('OP06-114', 'fr', 'Wyper',
        '[On Play] You may place 1 Stage with a cost of 1 at the bottom of the owner''s deck: Look at 5 cards from the top of your deck; reveal up to 1 [Upper Yard] or {Shandian Warrior} type card and add it to your hand. Then, place the rest at the bottom of your deck in any order.'),
       ('OP06-115', 'en', 'You''re the One Who Should Disappear.',
        '[Counter] You may trash 1 card from your hand: Up to 1 of your Leader or Character cards gains +3000 power during this battle. \n [Trigger] If you have 0 Life cards, you may add up to 1 card from the top of your deck to the top of your Life cards. Then, trash 1 card from your hand.'),
       ('OP06-115', 'fr', 'You''re the One Who Should Disappear.',
        '[Counter] You may trash 1 card from your hand: Up to 1 of your Leader or Character cards gains +3000 power during this battle. \n [Trigger] If you have 0 Life cards, you may add up to 1 card from the top of your deck to the top of your Life cards. Then, trash 1 card from your hand.'),
       ('OP06-116', 'en', 'Reject',
        '[Main] Choose one: \n • K.O. up to 1 of your opponent''s Characters with a cost of 5 or less. \n • If your opponent has 1 Life card, deal 1 damage to your opponent. Then, add 1 card from the top of your Life cards to your hand. \n [Trigger] Draw 1 card.'),
       ('OP06-116', 'fr', 'Reject',
        '[Main] Choose one: \n • K.O. up to 1 of your opponent''s Characters with a cost of 5 or less. \n • If your opponent has 1 Life card, deal 1 damage to your opponent. Then, add 1 card from the top of your Life cards to your hand. \n [Trigger] Draw 1 card.'),
       ('OP06-117', 'en', 'The Ark Maxim',
        '[Activate: Main] [Once Per Turn] You may rest this card and 1 of your [Enel] cards: K.O. all of your opponent''s Characters with a cost of 2 or less.'),
       ('OP06-117', 'fr', 'The Ark Maxim',
        '[Activate: Main] [Once Per Turn] You may rest this card and 1 of your [Enel] cards: K.O. all of your opponent''s Characters with a cost of 2 or less.'),
       ('OP06-118', 'en', 'Roronoa Zoro',
        '[When Attacking] [Once Per Turn] ➀ (You may rest the specified number of DON!! cards in your cost area.): Set this Character as active. \n [Activate: Main] [Once Per Turn] ➁ (You may rest the specified number of DON!! cards in your cost area.): Set this Character as active.'),
       ('OP06-118', 'fr', 'Roronoa Zoro',
        '[When Attacking] [Once Per Turn] ➀ (You may rest the specified number of DON!! cards in your cost area.): Set this Character as active. \n [Activate: Main] [Once Per Turn] ➁ (You may rest the specified number of DON!! cards in your cost area.): Set this Character as active.'),
       ('OP06-119', 'en', 'Sanji',
        '[On Play] Reveal 1 card from the top of your deck and play up to 1 Character with a cost of 9 or less other than [Sanji]. Then, place the rest at the bottom of your deck.'),
       ('OP06-119', 'fr', 'Sanji',
        '[On Play] Reveal 1 card from the top of your deck and play up to 1 Character with a cost of 9 or less other than [Sanji]. Then, place the rest at the bottom of your deck.')
ON CONFLICT DO NOTHING;
