INSERT INTO UT_PRODUCT(ID, RELEASE_DATE)
VALUES ('OP-04', '2023-09-30')
ON CONFLICT DO NOTHING;

INSERT INTO UT_PRODUCT_DESCRIPTION (PRODUCT_ID, LANGUAGE_CODE, NAME)
VALUES ('OP-04', 'en', 'KINGDOMS OF INTRIGUE [OP-04]'),
       ('OP-04', 'fr', 'KINGDOMS OF INTRIGUE [OP-04]')
ON CONFLICT DO NOTHING;

INSERT INTO UT_CARD (ID, TYPE_ID, ATTRIBUTE_ID, COST, POWER, LIFE, COUNTER)
VALUES ('OP04-001', 0, 4, NULL, 5000, 5, NULL),
       ('OP04-002', 1, 1, 2, 3000, NULL, 1000),
       ('OP04-003', 1, 3, 4, 5000, NULL, 1000),
       ('OP04-004', 1, 0, 1, 2000, NULL, 1000),
       ('OP04-005', 1, 0, 1, 1000, NULL, 1000),
       ('OP04-006', 1, 4, 3, 3000, NULL, 2000),
       ('OP04-007', 1, 0, 1, 3000, NULL, 1000),
       ('OP04-008', 1, 4, 3, 5000, NULL, NULL),
       ('OP04-009', 1, 0, 2, 3000, NULL, 2000),
       ('OP04-010', 1, 0, 3, 4000, NULL, 1000),
       ('OP04-011', 1, 3, 2, 3000, NULL, 1000),
       ('OP04-012', 1, 3, 2, NULL, NULL, 1000),
       ('OP04-013', 1, 4, 5, 6000, NULL, NULL),
       ('OP04-014', 1, 0, 8, 9000, NULL, NULL),
       ('OP04-015', 1, 4, 5, 6000, NULL, 1000),
       ('OP04-016', 3, NULL, 0, NULL, NULL, NULL),
       ('OP04-017', 3, NULL, 1, NULL, NULL, NULL),
       ('OP04-018', 3, NULL, 3, NULL, NULL, NULL),
       ('OP04-019', 0, 2, NULL, 5000, 4, NULL),
       ('OP04-020', 0, 2, NULL, 5000, 4, NULL),
       ('OP04-021', 1, 2, 3, 3000, NULL, 2000),
       ('OP04-022', 1, 4, 1, 2000, NULL, 1000),
       ('OP04-023', 1, 4, 6, 8000, NULL, 1000),
       ('OP04-024', 1, 2, 2, NULL, NULL, 1000),
       ('OP04-025', 1, 2, 4, 4000, NULL, 1000),
       ('OP04-026', 1, 2, 3, 5000, NULL, NULL),
       ('OP04-027', 1, 1, 4, 5000, NULL, NULL),
       ('OP04-028', 1, 4, 5, 6000, NULL, 1000),
       ('OP04-029', 1, 0, 3, 4000, NULL, 1000),
       ('OP04-030', 1, 2, 6, 6000, NULL, NULL),
       ('OP04-031', 1, 2, 10, 10000, NULL, NULL),
       ('OP04-032', 1, 2, 1, 1000, NULL, 2000),
       ('OP04-033', 1, 0, 4, 5000, NULL, 1000),
       ('OP04-034', 1, 0, 4, 5000, NULL, 1000),
       ('OP04-035', 3, NULL, 2, NULL, NULL, NULL),
       ('OP04-036', 3, NULL, 1, NULL, NULL, NULL),
       ('OP04-037', 3, NULL, 2, NULL, NULL, NULL),
       ('OP04-038', 3, NULL, 5, NULL, NULL, NULL),
       ('OP04-039', 0, 4, NULL, 5000, 5, NULL),
       ('OP04-040', 0, 1, NULL, 5000, 4, NULL),
       ('OP04-041', 1, 3, 1, NULL, NULL, 2000),
       ('OP04-042', 1, 3, 2, 1000, NULL, 1000),
       ('OP04-043', 1, 0, 3, 4000, NULL, 1000),
       ('OP04-044', 1, 0, 10, 12000, NULL, NULL),
       ('OP04-045', 1, 4, 7, 8000, NULL, 1000),
       ('OP04-046', 1, 0, 4, 5000, NULL, 1000),
       ('OP04-047', 1, 2, 8, NULL, NULL, 1000),
       ('OP04-048', 1, 0, 3, 4000, NULL, 2000),
       ('OP04-049', 1, 0, 2, 3000, NULL, 1000),
       ('OP04-050', 1, 3, 2, NULL, NULL, 1000),
       ('OP04-051', 1, 4, 1, 2000, NULL, 1000),
       ('OP04-052', 1, 2, 3, 3000, NULL, 1000),
       ('OP04-053', 1, 0, 4, 6000, NULL, NULL),
       ('OP04-054', 1, 0, 5, 7000, NULL, 1000),
       ('OP04-055', 3, NULL, 2, NULL, NULL, NULL),
       ('OP04-056', 3, NULL, 6, NULL, NULL, NULL),
       ('OP04-057', 3, NULL, 2, NULL, NULL, NULL),
       ('OP04-058', 0, 2, NULL, 5000, 4, NULL),
       ('OP04-059', 1, 3, 1, NULL, NULL, 1000),
       ('OP04-060', 1, 2, 8, 9000, NULL, NULL),
       ('OP04-061', 1, 3, 3, 4000, NULL, 1000),
       ('OP04-062', 1, 0, 5, 7000, NULL, 1000),
       ('OP04-063', 1, 3, 1, 1000, NULL, 2000),
       ('OP04-064', 1, 3, 5, 5000, NULL, NULL),
       ('OP04-065', 1, 3, 2, 3000, NULL, 1000),
       ('OP04-066', 1, 0, 2, 2000, NULL, 1000),
       ('OP04-067', 1, 4, 4, 4000, NULL, NULL),
       ('OP04-068', 1, 0, 3, 3000, NULL, 1000),
       ('OP04-069', 1, 0, 3, 4000, NULL, 1000),
       ('OP04-070', 1, 2, 3, 4000, NULL, 1000),
       ('OP04-071', 1, 0, 5, 6000, NULL, 1000),
       ('OP04-072', 1, 2, 7, 8000, NULL, NULL),
       ('OP04-073', 1, 3, 3, 1000, NULL, 2000),
       ('OP04-074', 3, NULL, 1, NULL, NULL, NULL),
       ('OP04-075', 3, NULL, 3, NULL, NULL, NULL),
       ('OP04-076', 3, NULL, 1, NULL, NULL, NULL),
       ('OP04-077', 1, 0, 2, 2000, NULL, 1000),
       ('OP04-078', 1, 0, 6, 8000, NULL, 1000),
       ('OP04-079', 1, 0, 4, 5000, NULL, 1000),
       ('OP04-080', 1, 3, 1, 1000, NULL, 2000),
       ('OP04-081', 1, 4, 5, 6000, NULL, NULL),
       ('OP04-082', 1, 4, 3, 5000, NULL, NULL),
       ('OP04-083', 1, 2, 5, 6000, NULL, 1000),
       ('OP04-084', 1, 2, 2, 3000, NULL, NULL),
       ('OP04-085', 1, 4, 3, 4000, NULL, 1000),
       ('OP04-086', 1, 0, 5, 6000, NULL, 1000),
       ('OP04-087', 1, 4, 5, 7000, NULL, 1000),
       ('OP04-088', 1, 0, 6, 7000, NULL, 1000),
       ('OP04-089', 1, 2, 3, 3000, NULL, 2000),
       ('OP04-090', 1, 0, 7, 7000, NULL, NULL),
       ('OP04-091', 1, 0, 1, 2000, NULL, 1000),
       ('OP04-092', 1, 4, 1, 2000, NULL, 1000),
       ('OP04-093', 3, NULL, 3, NULL, NULL, NULL),
       ('OP04-094', 3, NULL, 4, NULL, NULL, NULL),
       ('OP04-095', 3, NULL, 1, NULL, NULL, NULL),
       ('OP04-096', 2, NULL, 1, NULL, NULL, NULL),
       ('OP04-097', 1, 3, 1, NULL, NULL, 1000),
       ('OP04-098', 1, 3, 2, NULL, NULL, 1000),
       ('OP04-099', 1, 2, 7, 7000, NULL, NULL),
       ('OP04-100', 1, 1, 3, 3000, NULL, 2000),
       ('OP04-101', 1, 3, 2, 1000, NULL, 1000),
       ('OP04-102', 1, 4, 6, 6000, NULL, NULL),
       ('OP04-103', 1, 3, 2, NULL, NULL, 2000),
       ('OP04-104', 1, 0, 4, 5000, NULL, 1000),
       ('OP04-105', 1, 4, 3, 3000, NULL, 2000),
       ('OP04-106', 1, 0, 3, 4000, NULL, 1000),
       ('OP04-107', 1, 2, 6, 8000, NULL, 1000),
       ('OP04-108', 1, 4, 3, 4000, NULL, 1000),
       ('OP04-109', 1, 3, 2, 2000, NULL, 1000),
       ('OP04-110', 1, 3, 3, 3000, NULL, 1000),
       ('OP04-111', 1, 2, 5, 3000, NULL, 1000),
       ('OP04-112', 1, 0, 9, 9000, NULL, NULL),
       ('OP04-113', 1, 2, 2, 3000, NULL, 1000),
       ('OP04-114', 1, 4, 5, 7000, NULL, 1000),
       ('OP04-115', 3, NULL, 1, NULL, NULL, NULL),
       ('OP04-116', 3, NULL, 3, NULL, NULL, NULL),
       ('OP04-117', 3, NULL, 1, NULL, NULL, NULL),
       ('OP04-118', 1, 3, 7, 4000, NULL, 1000),
       ('OP04-119', 1, 2, 8, 8000, NULL, NULL)
ON CONFLICT DO NOTHING;

INSERT INTO UT_CARD_IMAGE (CARD_ID, NAME, RARITY_ID, PRODUCT_ID)
VALUES ('OP01-047', 'OP01-047_p2.png', 6, 'OP-04'),
       ('OP01-078', 'OP01-078_p2.png', 6, 'OP-04'),
       ('OP02-004', 'OP02-004_p2.png', 6, 'OP-04'),
       ('OP02-085', 'OP02-085_p2.png', 6, 'OP-04'),
       ('OP02-099', 'OP02-099_p2.png', 6, 'OP-04'),
       ('OP04-001', 'OP04-001.png', 0, 'OP-04'),
       ('OP04-001', 'OP04-001_p1.png', 0, 'OP-04'),
       ('OP04-002', 'OP04-002.png', 5, 'OP-04'),
       ('OP04-003', 'OP04-003.png', 2, 'OP-04'),
       ('OP04-004', 'OP04-004.png', 1, 'OP-04'),
       ('OP04-005', 'OP04-005.png', 1, 'OP-04'),
       ('OP04-006', 'OP04-006.png', 2, 'OP-04'),
       ('OP04-007', 'OP04-007.png', 1, 'OP-04'),
       ('OP04-008', 'OP04-008.png', 5, 'OP-04'),
       ('OP04-009', 'OP04-009.png', 2, 'OP-04'),
       ('OP04-010', 'OP04-010.png', 1, 'OP-04'),
       ('OP04-011', 'OP04-011.png', 1, 'OP-04'),
       ('OP04-012', 'OP04-012.png', 1, 'OP-04'),
       ('OP04-013', 'OP04-013.png', 3, 'OP-04'),
       ('OP04-013', 'OP04-013_p1.png', 3, 'OP-04'),
       ('OP04-014', 'OP04-014.png', 2, 'OP-04'),
       ('OP04-015', 'OP04-015.png', 5, 'OP-04'),
       ('OP04-016', 'OP04-016.png', 5, 'OP-04'),
       ('OP04-017', 'OP04-017.png', 1, 'OP-04'),
       ('OP04-018', 'OP04-018.png', 2, 'OP-04'),
       ('OP04-019', 'OP04-019.png', 0, 'OP-04'),
       ('OP04-019', 'OP04-019_p1.png', 0, 'OP-04'),
       ('OP04-020', 'OP04-020.png', 0, 'OP-04'),
       ('OP04-020', 'OP04-020_p1.png', 0, 'OP-04'),
       ('OP04-021', 'OP04-021.png', 1, 'OP-04'),
       ('OP04-022', 'OP04-022.png', 2, 'OP-04'),
       ('OP04-023', 'OP04-023.png', 1, 'OP-04'),
       ('OP04-024', 'OP04-024.png', 3, 'OP-04'),
       ('OP04-024', 'OP04-024_p1.png', 3, 'OP-04'),
       ('OP04-025', 'OP04-025.png', 1, 'OP-04'),
       ('OP04-026', 'OP04-026.png', 5, 'OP-04'),
       ('OP04-027', 'OP04-027.png', 1, 'OP-04'),
       ('OP04-028', 'OP04-028.png', 5, 'OP-04'),
       ('OP04-028', 'OP04-028_p1.png', 5, 'OP-04'),
       ('OP04-029', 'OP04-029.png', 1, 'OP-04'),
       ('OP04-030', 'OP04-030.png', 5, 'OP-04'),
       ('OP04-030', 'OP04-030_p1.png', 5, 'OP-04'),
       ('OP04-031', 'OP04-031.png', 3, 'OP-04'),
       ('OP04-031', 'OP04-031_p1.png', 3, 'OP-04'),
       ('OP04-032', 'OP04-032.png', 2, 'OP-04'),
       ('OP04-033', 'OP04-033.png', 2, 'OP-04'),
       ('OP04-034', 'OP04-034.png', 2, 'OP-04'),
       ('OP04-035', 'OP04-035.png', 5, 'OP-04'),
       ('OP04-036', 'OP04-036.png', 1, 'OP-04'),
       ('OP04-037', 'OP04-037.png', 2, 'OP-04'),
       ('OP04-038', 'OP04-038.png', 1, 'OP-04'),
       ('OP04-039', 'OP04-039.png', 0, 'OP-04'),
       ('OP04-039', 'OP04-039_p1.png', 0, 'OP-04'),
       ('OP04-040', 'OP04-040.png', 0, 'OP-04'),
       ('OP04-040', 'OP04-040_p1.png', 0, 'OP-04'),
       ('OP04-041', 'OP04-041.png', 1, 'OP-04'),
       ('OP04-042', 'OP04-042.png', 1, 'OP-04'),
       ('OP04-043', 'OP04-043.png', 5, 'OP-04'),
       ('OP04-044', 'OP04-044.png', 3, 'OP-04'),
       ('OP04-044', 'OP04-044_p1.png', 3, 'OP-04'),
       ('OP04-045', 'OP04-045.png', 5, 'OP-04'),
       ('OP04-046', 'OP04-046.png', 2, 'OP-04'),
       ('OP04-047', 'OP04-047.png', 1, 'OP-04'),
       ('OP04-048', 'OP04-048.png', 2, 'OP-04'),
       ('OP04-049', 'OP04-049.png', 2, 'OP-04'),
       ('OP04-050', 'OP04-050.png', 1, 'OP-04'),
       ('OP04-051', 'OP04-051.png', 5, 'OP-04'),
       ('OP04-051', 'OP04-051_p1.png', 5, 'OP-04'),
       ('OP04-052', 'OP04-052.png', 1, 'OP-04'),
       ('OP04-053', 'OP04-053.png', 2, 'OP-04'),
       ('OP04-054', 'OP04-054.png', 1, 'OP-04'),
       ('OP04-055', 'OP04-055.png', 1, 'OP-04'),
       ('OP04-056', 'OP04-056.png', 5, 'OP-04'),
       ('OP04-057', 'OP04-057.png', 2, 'OP-04'),
       ('OP04-058', 'OP04-058.png', 0, 'OP-04'),
       ('OP04-058', 'OP04-058_p1.png', 0, 'OP-04'),
       ('OP04-059', 'OP04-059.png', 2, 'OP-04'),
       ('OP04-060', 'OP04-060.png', 3, 'OP-04'),
       ('OP04-060', 'OP04-060_p1.png', 3, 'OP-04'),
       ('OP04-061', 'OP04-061.png', 1, 'OP-04'),
       ('OP04-062', 'OP04-062.png', 1, 'OP-04'),
       ('OP04-063', 'OP04-063.png', 5, 'OP-04'),
       ('OP04-064', 'OP04-064.png', 3, 'OP-04'),
       ('OP04-064', 'OP04-064_p1.png', 3, 'OP-04'),
       ('OP04-065', 'OP04-065.png', 1, 'OP-04'),
       ('OP04-066', 'OP04-066.png', 5, 'OP-04'),
       ('OP04-067', 'OP04-067.png', 1, 'OP-04'),
       ('OP04-068', 'OP04-068.png', 1, 'OP-04'),
       ('OP04-069', 'OP04-069.png', 2, 'OP-04'),
       ('OP04-070', 'OP04-070.png', 2, 'OP-04'),
       ('OP04-071', 'OP04-071.png', 2, 'OP-04'),
       ('OP04-072', 'OP04-072.png', 5, 'OP-04'),
       ('OP04-072', 'OP04-072_p1.png', 5, 'OP-04'),
       ('OP04-073', 'OP04-073.png', 1, 'OP-04'),
       ('OP04-074', 'OP04-074.png', 5, 'OP-04'),
       ('OP04-075', 'OP04-075.png', 2, 'OP-04'),
       ('OP04-076', 'OP04-076.png', 1, 'OP-04'),
       ('OP04-077', 'OP04-077.png', 1, 'OP-04'),
       ('OP04-078', 'OP04-078.png', 1, 'OP-04'),
       ('OP04-079', 'OP04-079.png', 1, 'OP-04'),
       ('OP04-080', 'OP04-080.png', 2, 'OP-04'),
       ('OP04-081', 'OP04-081.png', 5, 'OP-04'),
       ('OP04-082', 'OP04-082.png', 5, 'OP-04'),
       ('OP04-082', 'OP04-082_p1.png', 5, 'OP-04'),
       ('OP04-083', 'OP04-083.png', 3, 'OP-04'),
       ('OP04-083', 'OP04-083_p1.png', 3, 'OP-04'),
       ('OP04-083', 'OP04-083_p2.png', 3, 'OP-04'),
       ('OP04-084', 'OP04-084.png', 1, 'OP-04'),
       ('OP04-085', 'OP04-085.png', 2, 'OP-04'),
       ('OP04-086', 'OP04-086.png', 1, 'OP-04'),
       ('OP04-087', 'OP04-087.png', 1, 'OP-04'),
       ('OP04-088', 'OP04-088.png', 2, 'OP-04'),
       ('OP04-089', 'OP04-089.png', 5, 'OP-04'),
       ('OP04-090', 'OP04-090.png', 3, 'OP-04'),
       ('OP04-090', 'OP04-090_p1.png', 3, 'OP-04'),
       ('OP04-091', 'OP04-091.png', 2, 'OP-04'),
       ('OP04-092', 'OP04-092.png', 5, 'OP-04'),
       ('OP04-093', 'OP04-093.png', 2, 'OP-04'),
       ('OP04-094', 'OP04-094.png', 5, 'OP-04'),
       ('OP04-095', 'OP04-095.png', 1, 'OP-04'),
       ('OP04-096', 'OP04-096.png', 1, 'OP-04'),
       ('OP04-097', 'OP04-097.png', 1, 'OP-04'),
       ('OP04-098', 'OP04-098.png', 2, 'OP-04'),
       ('OP04-099', 'OP04-099.png', 5, 'OP-04'),
       ('OP04-100', 'OP04-100.png', 5, 'OP-04'),
       ('OP04-100', 'OP04-100_p1.png', 5, 'OP-04'),
       ('OP04-101', 'OP04-101.png', 1, 'OP-04'),
       ('OP04-102', 'OP04-102.png', 5, 'OP-04'),
       ('OP04-103', 'OP04-103.png', 2, 'OP-04'),
       ('OP04-104', 'OP04-104.png', 3, 'OP-04'),
       ('OP04-104', 'OP04-104_p1.png', 3, 'OP-04'),
       ('OP04-105', 'OP04-105.png', 5, 'OP-04'),
       ('OP04-106', 'OP04-106.png', 1, 'OP-04'),
       ('OP04-107', 'OP04-107.png', 1, 'OP-04'),
       ('OP04-108', 'OP04-108.png', 2, 'OP-04'),
       ('OP04-109', 'OP04-109.png', 1, 'OP-04'),
       ('OP04-110', 'OP04-110.png', 1, 'OP-04'),
       ('OP04-111', 'OP04-111.png', 2, 'OP-04'),
       ('OP04-112', 'OP04-112.png', 3, 'OP-04'),
       ('OP04-112', 'OP04-112_p1.png', 3, 'OP-04'),
       ('OP04-113', 'OP04-113.png', 1, 'OP-04'),
       ('OP04-114', 'OP04-114.png', 1, 'OP-04'),
       ('OP04-115', 'OP04-115.png', 1, 'OP-04'),
       ('OP04-116', 'OP04-116.png', 2, 'OP-04'),
       ('OP04-117', 'OP04-117.png', 5, 'OP-04'),
       ('OP04-118', 'OP04-118.png', 4, 'OP-04'),
       ('OP04-118', 'OP04-118_p1.png', 4, 'OP-04'),
       ('OP04-119', 'OP04-119.png', 4, 'OP-04'),
       ('OP04-119', 'OP04-119_p1.png', 4, 'OP-04')
ON CONFLICT DO NOTHING;

INSERT INTO UT_CARD_COLOR (COLOR_ID, CARD_ID)
VALUES (0, 'OP04-001'),
       (2, 'OP04-001'),
       (0, 'OP04-002'),
       (0, 'OP04-003'),
       (0, 'OP04-004'),
       (0, 'OP04-005'),
       (0, 'OP04-006'),
       (0, 'OP04-007'),
       (0, 'OP04-008'),
       (0, 'OP04-009'),
       (0, 'OP04-010'),
       (0, 'OP04-011'),
       (0, 'OP04-012'),
       (0, 'OP04-013'),
       (0, 'OP04-014'),
       (0, 'OP04-015'),
       (0, 'OP04-016'),
       (0, 'OP04-017'),
       (0, 'OP04-018'),
       (1, 'OP04-019'),
       (3, 'OP04-019'),
       (1, 'OP04-020'),
       (4, 'OP04-020'),
       (1, 'OP04-021'),
       (1, 'OP04-022'),
       (1, 'OP04-023'),
       (1, 'OP04-024'),
       (1, 'OP04-025'),
       (1, 'OP04-026'),
       (1, 'OP04-027'),
       (1, 'OP04-028'),
       (1, 'OP04-029'),
       (1, 'OP04-030'),
       (1, 'OP04-031'),
       (1, 'OP04-032'),
       (1, 'OP04-033'),
       (1, 'OP04-034'),
       (1, 'OP04-035'),
       (1, 'OP04-036'),
       (1, 'OP04-037'),
       (1, 'OP04-038'),
       (2, 'OP04-039'),
       (4, 'OP04-039'),
       (2, 'OP04-040'),
       (5, 'OP04-040'),
       (2, 'OP04-041'),
       (2, 'OP04-042'),
       (2, 'OP04-043'),
       (2, 'OP04-044'),
       (2, 'OP04-045'),
       (2, 'OP04-046'),
       (2, 'OP04-047'),
       (2, 'OP04-048'),
       (2, 'OP04-049'),
       (2, 'OP04-050'),
       (2, 'OP04-051'),
       (2, 'OP04-052'),
       (2, 'OP04-053'),
       (2, 'OP04-054'),
       (2, 'OP04-055'),
       (2, 'OP04-056'),
       (2, 'OP04-057'),
       (3, 'OP04-058'),
       (5, 'OP04-058'),
       (3, 'OP04-059'),
       (3, 'OP04-060'),
       (3, 'OP04-061'),
       (3, 'OP04-062'),
       (3, 'OP04-063'),
       (3, 'OP04-064'),
       (3, 'OP04-065'),
       (3, 'OP04-066'),
       (3, 'OP04-067'),
       (3, 'OP04-068'),
       (3, 'OP04-069'),
       (3, 'OP04-070'),
       (3, 'OP04-071'),
       (3, 'OP04-072'),
       (3, 'OP04-073'),
       (3, 'OP04-074'),
       (3, 'OP04-075'),
       (3, 'OP04-076'),
       (4, 'OP04-077'),
       (4, 'OP04-078'),
       (4, 'OP04-079'),
       (4, 'OP04-080'),
       (4, 'OP04-081'),
       (4, 'OP04-082'),
       (4, 'OP04-083'),
       (4, 'OP04-084'),
       (4, 'OP04-085'),
       (4, 'OP04-086'),
       (4, 'OP04-087'),
       (4, 'OP04-088'),
       (4, 'OP04-089'),
       (4, 'OP04-090'),
       (4, 'OP04-091'),
       (4, 'OP04-092'),
       (4, 'OP04-093'),
       (4, 'OP04-094'),
       (4, 'OP04-095'),
       (4, 'OP04-096'),
       (5, 'OP04-097'),
       (5, 'OP04-098'),
       (5, 'OP04-099'),
       (5, 'OP04-100'),
       (5, 'OP04-101'),
       (5, 'OP04-102'),
       (5, 'OP04-103'),
       (5, 'OP04-104'),
       (5, 'OP04-105'),
       (5, 'OP04-106'),
       (5, 'OP04-107'),
       (5, 'OP04-108'),
       (5, 'OP04-109'),
       (5, 'OP04-110'),
       (5, 'OP04-111'),
       (5, 'OP04-112'),
       (5, 'OP04-113'),
       (5, 'OP04-114'),
       (5, 'OP04-115'),
       (5, 'OP04-116'),
       (5, 'OP04-117'),
       (0, 'OP04-118'),
       (1, 'OP04-119')
ON CONFLICT DO NOTHING;

INSERT INTO UT_CARD_TAG (TAG_ID, CARD_ID)
VALUES (3, 'OP04-001'),
       (3, 'OP04-002'),
       (3, 'OP04-003'),
       (0, 'OP04-003'),
       (2, 'OP04-004'),
       (3, 'OP04-004'),
       (2, 'OP04-005'),
       (3, 'OP04-005'),
       (3, 'OP04-006'),
       (3, 'OP04-007'),
       (0, 'OP04-007'),
       (3, 'OP04-008'),
       (2, 'OP04-009'),
       (3, 'OP04-009'),
       (2, 'OP04-010'),
       (3, 'OP04-010'),
       (0, 'OP04-010'),
       (3, 'OP04-011'),
       (0, 'OP04-011'),
       (3, 'OP04-012'),
       (3, 'OP04-013'),
       (3, 'OP04-014'),
       (0, 'OP04-014'),
       (3, 'OP04-015'),
       (0, 'OP04-015'),
       (3, 'OP04-016'),
       (0, 'OP04-016'),
       (3, 'OP04-017'),
       (0, 'OP04-017'),
       (3, 'OP04-018'),
       (15, 'OP04-019'),
       (19, 'OP04-019'),
       (8, 'OP04-020'),
       (19, 'OP04-021'),
       (76, 'OP04-022'),
       (76, 'OP04-023'),
       (71, 'OP04-023'),
       (19, 'OP04-024'),
       (19, 'OP04-025'),
       (19, 'OP04-026'),
       (76, 'OP04-027'),
       (59, 'OP04-027'),
       (19, 'OP04-028'),
       (19, 'OP04-029'),
       (19, 'OP04-030'),
       (15, 'OP04-031'),
       (19, 'OP04-031'),
       (19, 'OP04-032'),
       (19, 'OP04-033'),
       (19, 'OP04-034'),
       (15, 'OP04-035'),
       (19, 'OP04-035'),
       (19, 'OP04-036'),
       (15, 'OP04-037'),
       (19, 'OP04-037'),
       (15, 'OP04-038'),
       (19, 'OP04-038'),
       (49, 'OP04-039'),
       (26, 'OP04-040'),
       (76, 'OP04-041'),
       (76, 'OP04-042'),
       (26, 'OP04-043'),
       (25, 'OP04-044'),
       (26, 'OP04-044'),
       (26, 'OP04-045'),
       (26, 'OP04-046'),
       (81, 'OP04-047'),
       (26, 'OP04-047'),
       (26, 'OP04-048'),
       (26, 'OP04-049'),
       (76, 'OP04-050'),
       (26, 'OP04-051'),
       (26, 'OP04-052'),
       (26, 'OP04-053'),
       (39, 'OP04-054'),
       (26, 'OP04-054'),
       (26, 'OP04-055'),
       (0, 'OP04-056'),
       (25, 'OP04-057'),
       (26, 'OP04-057'),
       (15, 'OP04-058'),
       (16, 'OP04-058'),
       (64, 'OP04-059'),
       (63, 'OP04-059'),
       (15, 'OP04-060'),
       (16, 'OP04-060'),
       (4, 'OP04-061'),
       (64, 'OP04-061'),
       (2, 'OP04-062'),
       (64, 'OP04-063'),
       (69, 'OP04-063'),
       (16, 'OP04-064'),
       (16, 'OP04-065'),
       (16, 'OP04-066'),
       (16, 'OP04-067'),
       (2, 'OP04-068'),
       (64, 'OP04-068'),
       (16, 'OP04-069'),
       (16, 'OP04-070'),
       (16, 'OP04-071'),
       (16, 'OP04-072'),
       (2, 'OP04-073'),
       (16, 'OP04-073'),
       (16, 'OP04-074'),
       (16, 'OP04-075'),
       (15, 'OP04-076'),
       (16, 'OP04-076'),
       (49, 'OP04-077'),
       (39, 'OP04-078'),
       (74, 'OP04-078'),
       (49, 'OP04-079'),
       (79, 'OP04-079'),
       (49, 'OP04-080'),
       (49, 'OP04-081'),
       (37, 'OP04-081'),
       (49, 'OP04-082'),
       (49, 'OP04-083'),
       (20, 'OP04-083'),
       (77, 'OP04-084'),
       (49, 'OP04-085'),
       (49, 'OP04-086'),
       (38, 'OP04-086'),
       (49, 'OP04-087'),
       (11, 'OP04-087'),
       (39, 'OP04-088'),
       (49, 'OP04-088'),
       (40, 'OP04-088'),
       (49, 'OP04-089'),
       (41, 'OP04-089'),
       (49, 'OP04-090'),
       (0, 'OP04-090'),
       (80, 'OP04-091'),
       (49, 'OP04-091'),
       (49, 'OP04-092'),
       (49, 'OP04-093'),
       (0, 'OP04-093'),
       (49, 'OP04-094'),
       (49, 'OP04-095'),
       (41, 'OP04-095'),
       (49, 'OP04-096'),
       (35, 'OP04-097'),
       (35, 'OP04-098'),
       (35, 'OP04-099'),
       (25, 'OP04-099'),
       (72, 'OP04-099'),
       (6, 'OP04-100'),
       (82, 'OP04-101'),
       (35, 'OP04-102'),
       (35, 'OP04-103'),
       (43, 'OP04-103'),
       (75, 'OP04-104'),
       (72, 'OP04-105'),
       (72, 'OP04-106'),
       (72, 'OP04-107'),
       (72, 'OP04-108'),
       (35, 'OP04-109'),
       (78, 'OP04-110'),
       (72, 'OP04-111'),
       (68, 'OP04-111'),
       (35, 'OP04-112'),
       (72, 'OP04-113'),
       (68, 'OP04-113'),
       (72, 'OP04-114'),
       (68, 'OP04-114'),
       (35, 'OP04-115'),
       (43, 'OP04-115'),
       (75, 'OP04-116'),
       (25, 'OP04-117'),
       (72, 'OP04-117'),
       (3, 'OP04-118'),
       (8, 'OP04-119'),
       (19, 'OP04-119')
ON CONFLICT DO NOTHING;

INSERT INTO UT_CARD_DESCRIPTION (CARD_ID, LANGUAGE_CODE, NAME, EFFECT)
VALUES ('OP04-001', 'en', 'Nefeltari Vivi',
        'This Leader cannot attack. \n [Activate: Main] [Once Per Turn] ➁ (You may rest the specified number of DON!! cards in your cost area.): Draw 1 card and up to 1 of your Characters gains [Rush] during this turn. \n (This card can attack on the turn in which it is played.)'),
       ('OP04-001', 'fr', 'Nefeltari Vivi',
        'This Leader cannot attack. \n [Activate: Main] [Once Per Turn] ➁ (You may rest the specified number of DON!! cards in your cost area.): Draw 1 card and up to 1 of your Characters gains [Rush] during this turn. \n (This card can attack on the turn in which it is played.)'),
       ('OP04-002', 'en', 'Igaram',
        '[Activate: Main] You may rest this Character and give your 1 active Leader −5000 power during this turn: Look at 5 cards from the top of your deck; reveal up to 1 {Alabasta} type card and add it to your hand. Then, place the rest at the bottom of your deck in any order.'),
       ('OP04-002', 'fr', 'Igaram',
        '[Activate: Main] You may rest this Character and give your 1 active Leader −5000 power during this turn: Look at 5 cards from the top of your deck; reveal up to 1 {Alabasta} type card and add it to your hand. Then, place the rest at the bottom of your deck in any order.'),
       ('OP04-003', 'en', 'Usopp',
        '[On K.O.] K.O. up to 1 of your opponent''s Characters with 5000 base power or less.'),
       ('OP04-003', 'fr', 'Usopp',
        '[On K.O.] K.O. up to 1 of your opponent''s Characters with 5000 base power or less.'),
       ('OP04-004', 'en', 'Karoo',
        '[Activate: Main] You may rest this Character: Give up to 1 rested DON!! card to each of your {Alabasta} type Characters.'),
       ('OP04-004', 'fr', 'Karoo',
        '[Activate: Main] You may rest this Character: Give up to 1 rested DON!! card to each of your {Alabasta} type Characters.'),
       ('OP04-005', 'en', 'Kung Fu Jugon',
        'If you have a [Kung Fu Jugon] other than this Character, this Character gains [Blocker]. \n (After your opponent declares an attack, you may rest this card to make it the new target of the attack.)'),
       ('OP04-005', 'fr', 'Kung Fu Jugon',
        'If you have a [Kung Fu Jugon] other than this Character, this Character gains [Blocker]. \n (After your opponent declares an attack, you may rest this card to make it the new target of the attack.)'),
       ('OP04-006', 'en', 'Koza',
        '[When Attacking] You may give your 1 active Leader −5000 power during this turn: This Character gains +2000 power until the start of your next turn.'),
       ('OP04-006', 'fr', 'Koza',
        '[When Attacking] You may give your 1 active Leader −5000 power during this turn: This Character gains +2000 power until the start of your next turn.'),
       ('OP04-007', 'en', 'Sanji', NULL),
       ('OP04-007', 'fr', 'Sanji', NULL),
       ('OP04-008', 'en', 'Chaka',
        '[DON!! x1] [When Attacking] If your Leader is [Nefeltari Vivi], give up to 1 of your opponent''s Characters −3000 power during this turn. Then, K.O. up to 1 of your opponent''s Characters with 0 power or less.'),
       ('OP04-008', 'fr', 'Chaka',
        '[DON!! x1] [When Attacking] If your Leader is [Nefeltari Vivi], give up to 1 of your opponent''s Characters −3000 power during this turn. Then, K.O. up to 1 of your opponent''s Characters with 0 power or less.'),
       ('OP04-009', 'en', 'Super Spot-Billed Duck Troops',
        '[When Attacking] You may give your 1 active Leader −5000 power during this turn: Return this Character to the owner''s hand at the end of this turn.'),
       ('OP04-009', 'fr', 'Super Spot-Billed Duck Troops',
        '[When Attacking] You may give your 1 active Leader −5000 power during this turn: Return this Character to the owner''s hand at the end of this turn.'),
       ('OP04-010', 'en', 'Tony Tony.Chopper',
        '[On Play] Play up to 1 {Animal} type Character card with 3000 power or less from your hand.'),
       ('OP04-010', 'fr', 'Tony Tony.Chopper',
        '[On Play] Play up to 1 {Animal} type Character card with 3000 power or less from your hand.'),
       ('OP04-011', 'en', 'Nami',
        '[When Attacking] Reveal 1 card from the top of your deck. If the revealed card is a Character card with 6000 power or more, this Character gains +3000 power during this turn. Then, place the revealed card at the bottom of your deck.'),
       ('OP04-011', 'fr', 'Nami',
        '[When Attacking] Reveal 1 card from the top of your deck. If the revealed card is a Character card with 6000 power or more, this Character gains +3000 power during this turn. Then, place the revealed card at the bottom of your deck.'),
       ('OP04-012', 'en', 'Nefeltari Cobra',
        '[Your Turn] All of your {Alabasta} type Characters other than this Character gain +1000 power.'),
       ('OP04-012', 'fr', 'Nefeltari Cobra',
        '[Your Turn] All of your {Alabasta} type Characters other than this Character gain +1000 power.'),
       ('OP04-013', 'en', 'Pell',
        '[DON!! x1] [When Attacking] K.O. up to 1 of your opponent''s Characters with 4000 power or less.'),
       ('OP04-013', 'fr', 'Pell',
        '[DON!! x1] [When Attacking] K.O. up to 1 of your opponent''s Characters with 4000 power or less.'),
       ('OP04-014', 'en', 'Monkey.D.Luffy',
        '[Banish] (When this card deals damage, the target card is trashed without activating its Trigger.)'),
       ('OP04-014', 'fr', 'Monkey.D.Luffy',
        '[Banish] (When this card deals damage, the target card is trashed without activating its Trigger.)'),
       ('OP04-015', 'en', 'Roronoa Zoro',
        '[On Play] Give up to 1 of your opponent''s Characters −2000 power during this turn.'),
       ('OP04-015', 'fr', 'Roronoa Zoro',
        '[On Play] Give up to 1 of your opponent''s Characters −2000 power during this turn.'),
       ('OP04-016', 'en', 'Bad Manners Kick Course',
        '[Counter] You may trash 1 card from your hand: Up to 1 of your Leader or Character cards gains +3000 power during this battle. \n [Trigger] Give up to 1 of your opponent''s Leader or Character cards −3000 power during this turn.'),
       ('OP04-016', 'fr', 'Bad Manners Kick Course',
        '[Counter] You may trash 1 card from your hand: Up to 1 of your Leader or Character cards gains +3000 power during this battle. \n [Trigger] Give up to 1 of your opponent''s Leader or Character cards −3000 power during this turn.'),
       ('OP04-017', 'en', 'Happiness Punch',
        '[Counter] Give up to 1 of your opponent''s Leader or Character cards −2000 power during this turn. Then, if your Leader is active, give up to 1 of your opponent''s Leader or Character cards −1000 power during this turn.'),
       ('OP04-017', 'fr', 'Happiness Punch',
        '[Counter] Give up to 1 of your opponent''s Leader or Character cards −2000 power during this turn. Then, if your Leader is active, give up to 1 of your opponent''s Leader or Character cards −1000 power during this turn.'),
       ('OP04-018', 'en', 'Enchanting Vertigo Dance',
        '[Main] If your Leader has the {Alabasta} type, give up to 2 of your opponent''s Characters −2000 power during this turn. \n [Trigger] Activate this card''s [Main] effect.'),
       ('OP04-018', 'fr', 'Enchanting Vertigo Dance',
        '[Main] If your Leader has the {Alabasta} type, give up to 2 of your opponent''s Characters −2000 power during this turn. \n [Trigger] Activate this card''s [Main] effect.'),
       ('OP04-019', 'en', 'Donquixote Doflamingo', '[End of Your Turn] Set up to 2 of your DON!! cards as active.'),
       ('OP04-019', 'fr', 'Donquixote Doflamingo', '[End of Your Turn] Set up to 2 of your DON!! cards as active.'),
       ('OP04-020', 'en', 'Issho',
        '[DON!! x1] [Your Turn] Give all of your opponent''s Characters −1 cost. \n [End of Your Turn] ➀ (You may rest the specified number of DON!! cards in your cost area.): Set up to 1 of your Characters with a cost of 5 or less as active.'),
       ('OP04-020', 'fr', 'Issho',
        '[DON!! x1] [Your Turn] Give all of your opponent''s Characters −1 cost. \n [End of Your Turn] ➀ (You may rest the specified number of DON!! cards in your cost area.): Set up to 1 of your Characters with a cost of 5 or less as active.'),
       ('OP04-021', 'en', 'Viola',
        '[On Your Opponent''s Attack] ➁ (You may rest the specified number of DON!! cards in your cost area.): Rest up to 1 of your opponent''s DON!! cards.'),
       ('OP04-021', 'fr', 'Viola',
        '[On Your Opponent''s Attack] ➁ (You may rest the specified number of DON!! cards in your cost area.): Rest up to 1 of your opponent''s DON!! cards.'),
       ('OP04-022', 'en', 'Eric',
        '[Activate: Main] You may rest this Character: Rest up to 1 of your opponent''s Characters with a cost of 1 or less.'),
       ('OP04-022', 'fr', 'Eric',
        '[Activate: Main] You may rest this Character: Rest up to 1 of your opponent''s Characters with a cost of 1 or less.'),
       ('OP04-023', 'en', 'Kuro', NULL),
       ('OP04-023', 'fr', 'Kuro', NULL),
       ('OP04-024', 'en', 'Sugar',
        '[Opponent''s Turn] [Once Per Turn] When your opponent plays a Character, if your Leader has the {Donquixote Pirates} type, rest up to 1 of your opponent''s Characters. Then, rest this Character. \n [On Play] Rest up to 1 of your opponent''s Characters with a cost of 4 or less.'),
       ('OP04-024', 'fr', 'Sugar',
        '[Opponent''s Turn] [Once Per Turn] When your opponent plays a Character, if your Leader has the {Donquixote Pirates} type, rest up to 1 of your opponent''s Characters. Then, rest this Character. \n [On Play] Rest up to 1 of your opponent''s Characters with a cost of 4 or less.'),
       ('OP04-025', 'en', 'Giolla',
        '[On Your Opponent''s Attack] ➁ (You may rest the specified number of DON!! cards in your cost area.): Rest up to 1 of your opponent''s Characters with a cost of 4 or less.'),
       ('OP04-025', 'fr', 'Giolla',
        '[On Your Opponent''s Attack] ➁ (You may rest the specified number of DON!! cards in your cost area.): Rest up to 1 of your opponent''s Characters with a cost of 4 or less.'),
       ('OP04-026', 'en', 'Senor Pink',
        '[When Attacking] ➀ (You may rest the specified number of DON!! cards in your cost area.): If your Leader has the {Donquixote Pirates} type, rest up to 1 of your opponent''s Characters with a cost of 4 or less. Then, set up to 1 of your DON!! cards as active at the end of this turn.'),
       ('OP04-026', 'fr', 'Senor Pink',
        '[When Attacking] ➀ (You may rest the specified number of DON!! cards in your cost area.): If your Leader has the {Donquixote Pirates} type, rest up to 1 of your opponent''s Characters with a cost of 4 or less. Then, set up to 1 of your DON!! cards as active at the end of this turn.'),
       ('OP04-027', 'en', 'Daddy Masterson', '[DON!! x1] [End of Your Turn] Set this Character as active.'),
       ('OP04-027', 'fr', 'Daddy Masterson', '[DON!! x1] [End of Your Turn] Set this Character as active.'),
       ('OP04-028', 'en', 'Diamante',
        '[Blocker] (After your opponent declares an attack, you may rest this card to make it the new target of the attack.) \n [DON!! x1] [End of Your Turn] If you have 2 or more active DON!! cards, set this Character as active.'),
       ('OP04-028', 'fr', 'Diamante',
        '[Blocker] (After your opponent declares an attack, you may rest this card to make it the new target of the attack.) \n [DON!! x1] [End of Your Turn] If you have 2 or more active DON!! cards, set this Character as active.'),
       ('OP04-029', 'en', 'Dellinger', '[End of Your Turn] Set up to 1 of your DON!! cards as active.'),
       ('OP04-029', 'fr', 'Dellinger', '[End of Your Turn] Set up to 1 of your DON!! cards as active.'),
       ('OP04-030', 'en', 'Trebol',
        '[On Play] K.O. up to 1 of your opponent''s rested Characters with a cost of 5 or less. \n [On Your Opponent''s Attack] ➁ (You may rest the specified number of DON!! cards in your cost area.): Rest up to 1 of your opponent''s Characters with a cost of 4 or less.'),
       ('OP04-030', 'fr', 'Trebol',
        '[On Play] K.O. up to 1 of your opponent''s rested Characters with a cost of 5 or less. \n [On Your Opponent''s Attack] ➁ (You may rest the specified number of DON!! cards in your cost area.): Rest up to 1 of your opponent''s Characters with a cost of 4 or less.'),
       ('OP04-031', 'en', 'Donquixote Doflamingo',
        '[On Play] Up to a total of 3 of your opponent''s rested Leader and Character cards will not become active in your opponent''s next Refresh Phase.'),
       ('OP04-031', 'fr', 'Donquixote Doflamingo',
        '[On Play] Up to a total of 3 of your opponent''s rested Leader and Character cards will not become active in your opponent''s next Refresh Phase.'),
       ('OP04-032', 'en', 'Baby 5',
        '[End of Your Turn] You may trash this Character: Set up to 2 of your DON!! cards as active.'),
       ('OP04-032', 'fr', 'Baby 5',
        '[End of Your Turn] You may trash this Character: Set up to 2 of your DON!! cards as active.'),
       ('OP04-033', 'en', 'Machvise',
        '[On Play] If your Leader has the {Donquixote Pirates} type, rest up to 1 of your opponent''s Characters with a cost of 5 or less. Then, set up to 1 of your DON!! cards as active at the end of this turn.'),
       ('OP04-033', 'fr', 'Machvise',
        '[On Play] If your Leader has the {Donquixote Pirates} type, rest up to 1 of your opponent''s Characters with a cost of 5 or less. Then, set up to 1 of your DON!! cards as active at the end of this turn.'),
       ('OP04-034', 'en', 'Lao.G',
        '[End of Your Turn] If you have 3 or more active DON!! cards, K.O. up to 1 of your opponent''s rested Characters with a cost of 3 or less.'),
       ('OP04-034', 'fr', 'Lao.G',
        '[End of Your Turn] If you have 3 or more active DON!! cards, K.O. up to 1 of your opponent''s rested Characters with a cost of 3 or less.'),
       ('OP04-035', 'en', 'Spiderweb',
        '[Counter] Up to 1 of your Leader or Character cards gains +4000 power during this battle. Then, set up to 1 of your Characters as active. \n [Trigger] Up to 1 of your Leader gains +2000 power during this turn.'),
       ('OP04-035', 'fr', 'Spiderweb',
        '[Counter] Up to 1 of your Leader or Character cards gains +4000 power during this battle. Then, set up to 1 of your Characters as active. \n [Trigger] Up to 1 of your Leader gains +2000 power during this turn.'),
       ('OP04-036', 'en', 'Donquixote Family',
        '[Counter] Look at 5 cards from the top of your deck; reveal up to 1 {Donquixote Pirates} type card and add it to your hand. Then, place the rest at the bottom of your deck in any order. \n [Trigger] Activate this card''s [Counter] effect.'),
       ('OP04-036', 'fr', 'Donquixote Family',
        '[Counter] Look at 5 cards from the top of your deck; reveal up to 1 {Donquixote Pirates} type card and add it to your hand. Then, place the rest at the bottom of your deck in any order. \n [Trigger] Activate this card''s [Counter] effect.'),
       ('OP04-037', 'en', 'Flapping Thread',
        '[Counter] If your Leader has the {Donquixote Pirates} type, up to 1 of your Leader or Character cards gains +2000 power during this turn. \n [Trigger] K.O. up to 1 of your opponent''s rested Characters with a cost of 4 or less.'),
       ('OP04-037', 'fr', 'Flapping Thread',
        '[Counter] If your Leader has the {Donquixote Pirates} type, up to 1 of your Leader or Character cards gains +2000 power during this turn. \n [Trigger] K.O. up to 1 of your opponent''s rested Characters with a cost of 4 or less.'),
       ('OP04-038', 'en', 'The Weak Do Not Have the Right to Choose How They Die!!!',
        '[Main]/[Counter] Rest up to 1 of your opponent''s Leader or Character cards. Then, K.O. up to 1 of your opponent''s rested Characters with a cost of 6 or less. \n [Trigger] Set up to 5 of your DON!! cards as active.'),
       ('OP04-038', 'fr', 'The Weak Do Not Have the Right to Choose How They Die!!!',
        '[Main]/[Counter] Rest up to 1 of your opponent''s Leader or Character cards. Then, K.O. up to 1 of your opponent''s rested Characters with a cost of 6 or less. \n [Trigger] Set up to 5 of your DON!! cards as active.'),
       ('OP04-039', 'en', 'Rebecca',
        'This Leader cannot attack. \n [Activate: Main] [Once Per Turn] ➀ (You may rest the specified number of DON!! cards in your cost area.): If you have 6 or less cards in your hand, look at 2 cards from the top of your deck; reveal up to 1 {Dressrosa} type card and add it to your hand. Then, trash the rest.'),
       ('OP04-039', 'fr', 'Rebecca',
        'This Leader cannot attack. \n [Activate: Main] [Once Per Turn] ➀ (You may rest the specified number of DON!! cards in your cost area.): If you have 6 or less cards in your hand, look at 2 cards from the top of your deck; reveal up to 1 {Dressrosa} type card and add it to your hand. Then, trash the rest.'),
       ('OP04-040', 'en', 'Queen',
        '[DON!! x1] [When Attacking] If you have a total of 4 or less cards in your Life area and hand, draw 1 card. If you have a Character with a cost of 8 or more, you may add up to 1 card from the top of your deck to the top of your Life cards instead of drawing 1 card.'),
       ('OP04-040', 'fr', 'Queen',
        '[DON!! x1] [When Attacking] If you have a total of 4 or less cards in your Life area and hand, draw 1 card. If you have a Character with a cost of 8 or more, you may add up to 1 card from the top of your deck to the top of your Life cards instead of drawing 1 card.'),
       ('OP04-041', 'en', 'Apis',
        '[On Play] You may trash 2 cards from your hand: Look at 5 cards from the top of your deck; reveal up to 1 {East Blue} type card and add it to your hand. Then, place the rest at the bottom of your deck in any order.'),
       ('OP04-041', 'fr', 'Apis',
        '[On Play] You may trash 2 cards from your hand: Look at 5 cards from the top of your deck; reveal up to 1 {East Blue} type card and add it to your hand. Then, place the rest at the bottom of your deck in any order.'),
       ('OP04-042', 'en', 'Ipponmatsu',
        '[On Play] Up to 1 of your <Slash> attribute Characters gains +3000 power during this turn. Then, trash 1 card from the top of your deck.'),
       ('OP04-042', 'fr', 'Ipponmatsu',
        '[On Play] Up to 1 of your <Slash> attribute Characters gains +3000 power during this turn. Then, trash 1 card from the top of your deck.'),
       ('OP04-043', 'en', 'Ulti',
        '[DON!! x1] [When Attacking] Return up to 1 Character with a cost of 2 or less to the owner''s hand or the bottom of their deck.'),
       ('OP04-043', 'fr', 'Ulti',
        '[DON!! x1] [When Attacking] Return up to 1 Character with a cost of 2 or less to the owner''s hand or the bottom of their deck.'),
       ('OP04-044', 'en', 'Kaido',
        '[On Play] Return up to 1 Character with a cost of 8 or less and up to 1 Character with a cost of 3 or less to the owner''s hand.'),
       ('OP04-044', 'fr', 'Kaido',
        '[On Play] Return up to 1 Character with a cost of 8 or less and up to 1 Character with a cost of 3 or less to the owner''s hand.'),
       ('OP04-045', 'en', 'King', '[On Play] Draw 1 card.'),
       ('OP04-045', 'fr', 'King', '[On Play] Draw 1 card.'),
       ('OP04-046', 'en', 'Queen',
        '[On Play] If your Leader has the {Animal Kingdom Pirates} type, look at 7 cards from the top of your deck; reveal a total of up to 2 [Plague Rounds] or [Ice Oni] cards and add them to your hand. Then, place the rest at the bottom of your deck in any order.'),
       ('OP04-046', 'fr', 'Queen',
        '[On Play] If your Leader has the {Animal Kingdom Pirates} type, look at 7 cards from the top of your deck; reveal a total of up to 2 [Plague Rounds] or [Ice Oni] cards and add them to your hand. Then, place the rest at the bottom of your deck in any order.'),
       ('OP04-047', 'en', 'Ice Oni',
        '[Your Turn] At the end of a battle in which this Character battles your opponent''s Character with a cost of 5 or less, place the opponent''s Character you battled with at the bottom of the owner''s deck.'),
       ('OP04-047', 'fr', 'Ice Oni',
        '[Your Turn] At the end of a battle in which this Character battles your opponent''s Character with a cost of 5 or less, place the opponent''s Character you battled with at the bottom of the owner''s deck.'),
       ('OP04-048', 'en', 'Sasaki',
        '[On Play] Return all cards in your hand to your deck and shuffle your deck. Then, draw cards equal to the number you returned to your deck.'),
       ('OP04-048', 'fr', 'Sasaki',
        '[On Play] Return all cards in your hand to your deck and shuffle your deck. Then, draw cards equal to the number you returned to your deck.'),
       ('OP04-049', 'en', 'Jack', '[On K.O.] Draw 1 card.'),
       ('OP04-049', 'fr', 'Jack', '[On K.O.] Draw 1 card.'),
       ('OP04-050', 'en', 'Hanger',
        '[Activate: Main] You may trash 1 card from your hand and rest this Character: Draw 1 card.'),
       ('OP04-050', 'fr', 'Hanger',
        '[Activate: Main] You may trash 1 card from your hand and rest this Character: Draw 1 card.'),
       ('OP04-051', 'en', 'Who''S.Who',
        '[On Play] Look at 5 cards from the top of your deck; reveal up to 1 {Animal Kingdom Pirates} type card other than [Who''s.Who] and add it to your hand. Then, place the rest at the bottom of your deck in any order.'),
       ('OP04-051', 'fr', 'Who''s.Who',
        '[On Play] Look at 5 cards from the top of your deck; reveal up to 1 {Animal Kingdom Pirates} type card other than [Who''s.Who] and add it to your hand. Then, place the rest at the bottom of your deck in any order.'),
       ('OP04-052', 'en', 'Black Maria',
        '[Activate: Main] ➁ (You may rest the specified number of DON!! cards in your cost area.) You may rest this Character: Draw 1 card. \n [Trigger] Play this card.'),
       ('OP04-052', 'fr', 'Black Maria',
        '[Activate: Main] ➁ (You may rest the specified number of DON!! cards in your cost area.) You may rest this Character: Draw 1 card. \n [Trigger] Play this card.'),
       ('OP04-053', 'en', 'Page One',
        '[DON!! x1] [Once Per Turn] When you activate an Event, draw 1 card. Then, place 1 card from your hand at the bottom of your deck.'),
       ('OP04-053', 'fr', 'Page One',
        '[DON!! x1] [Once Per Turn] When you activate an Event, draw 1 card. Then, place 1 card from your hand at the bottom of your deck.'),
       ('OP04-054', 'en', 'Rokki', NULL),
       ('OP04-054', 'fr', 'Rokki', NULL),
       ('OP04-055', 'en', 'Plague Rounds',
        '[Main] You may trash 1 [Ice Oni] from your hand and place 1 Character with a cost of 4 or less at the bottom of the owner''s deck: Play 1 [Ice Oni] from your trash. \n [Trigger] Activate this card''s [Main] effect.'),
       ('OP04-055', 'fr', 'Plague Rounds',
        '[Main] You may trash 1 [Ice Oni] from your hand and place 1 Character with a cost of 4 or less at the bottom of the owner''s deck: Play 1 [Ice Oni] from your trash. \n [Trigger] Activate this card''s [Main] effect.'),
       ('OP04-056', 'en', 'Gum-Gum Red Roc',
        '[Main] Place up to 1 Character at the bottom of the owner''s deck. \n [Trigger] Place up to 1 Character with a cost of 4 or less at the bottom of the owner''s deck.'),
       ('OP04-056', 'fr', 'Gum-Gum Red Roc',
        '[Main] Place up to 1 Character at the bottom of the owner''s deck. \n [Trigger] Place up to 1 Character with a cost of 4 or less at the bottom of the owner''s deck.'),
       ('OP04-057', 'en', 'Dragon Twister Demolition Breath',
        '[Counter] Up to 1 of your Leader or Character cards gains +4000 power during this battle. Then, place up to 1 Character with a cost of 1 or less at the bottom of the owner''s deck. \n [Trigger] Return up to 1 Character with a cost of 6 or less to the owner''s hand.'),
       ('OP04-057', 'fr', 'Dragon Twister Demolition Breath',
        '[Counter] Up to 1 of your Leader or Character cards gains +4000 power during this battle. Then, place up to 1 Character with a cost of 1 or less at the bottom of the owner''s deck. \n [Trigger] Return up to 1 Character with a cost of 6 or less to the owner''s hand.'),
       ('OP04-058', 'en', 'Crocodile',
        '[Opponent''s Turn] [Once Per Turn] When a DON!! card on your field is returned to your DON!! deck by your effect, add up to 1 DON!! card from your DON!! deck and set it as active.'),
       ('OP04-058', 'fr', 'Crocodile',
        '[Opponent''s Turn] [Once Per Turn] When a DON!! card on your field is returned to your DON!! deck by your effect, add up to 1 DON!! card from your DON!! deck and set it as active.'),
       ('OP04-059', 'en', 'Iceburg',
        '[On Your Opponent''s Attack] DON!! −1 (You may return the specified number of DON!! cards from your field to your DON!! deck.): If your Leader has the {Water Seven} type, this Character gains [Blocker] during this turn. \n (After your opponent declares an attack, you may rest this card to make it the new target of the attack.)'),
       ('OP04-059', 'fr', 'Iceburg',
        '[On Your Opponent''s Attack] DON!! −1 (You may return the specified number of DON!! cards from your field to your DON!! deck.): If your Leader has the {Water Seven} type, this Character gains [Blocker] during this turn. \n (After your opponent declares an attack, you may rest this card to make it the new target of the attack.)'),
       ('OP04-060', 'en', 'Crocodile',
        '[On Play] DON!! −2 (You may return the specified number of DON!! cards from your field to your DON!! deck.): If your Leader''s type includes "Baroque Works", add up to 1 card from the top of your deck to the top of your Life cards. \n [On Your Opponent''s Attack] [Once Per Turn] DON!! −1: Draw 1 card and trash 1 card from your hand.'),
       ('OP04-060', 'fr', 'Crocodile',
        '[On Play] DON!! −2 (You may return the specified number of DON!! cards from your field to your DON!! deck.): If your Leader''s type includes "Baroque Works", add up to 1 card from the top of your deck to the top of your Life cards. \n [On Your Opponent''s Attack] [Once Per Turn] DON!! −1: Draw 1 card and trash 1 card from your hand.'),
       ('OP04-061', 'en', 'Tom',
        '[Activate: Main] You may trash this Character: If your Leader has the {Water Seven} type, add up to 1 DON!! card from your DON!! deck and rest it.'),
       ('OP04-061', 'fr', 'Tom',
        '[Activate: Main] You may trash this Character: If your Leader has the {Water Seven} type, add up to 1 DON!! card from your DON!! deck and rest it.'),
       ('OP04-062', 'en', 'Bananagator', NULL),
       ('OP04-062', 'fr', 'Bananagator', NULL),
       ('OP04-063', 'en', 'Franky',
        '[On Your Opponent''s Attack] [Once Per Turn] DON!! −1 (You may return the specified number of DON!! cards from your field to your DON!! deck.): If your Leader has the {Water Seven} type, up to 1 of your Leader or Character cards gains +1000 power during this battle.'),
       ('OP04-063', 'fr', 'Franky',
        '[On Your Opponent''s Attack] [Once Per Turn] DON!! −1 (You may return the specified number of DON!! cards from your field to your DON!! deck.): If your Leader has the {Water Seven} type, up to 1 of your Leader or Character cards gains +1000 power during this battle.'),
       ('OP04-064', 'en', 'Ms. All Sunday',
        '[On Play] Add up to 1 DON!! card from your DON!! deck and rest it. Then, if you have 6 or more DON!! cards on your field, draw 1 card. \n [Trigger] DON!! −2 (You may return the specified number of DON!! cards from your field to your DON!! deck.): Play this card.'),
       ('OP04-064', 'fr', 'Ms. All Sunday',
        '[On Play] Add up to 1 DON!! card from your DON!! deck and rest it. Then, if you have 6 or more DON!! cards on your field, draw 1 card. \n [Trigger] DON!! −2 (You may return the specified number of DON!! cards from your field to your DON!! deck.): Play this card.'),
       ('OP04-065', 'en', 'Miss.Goldenweek(Marianne)',
        '[On Play] If your Leader''s type includes "Baroque Works", up to 1 of your opponent''s Characters with a cost of 5 or less cannot attack until the start of your next turn. \n [Trigger] DON!! −1 (You may return the specified number of DON!! cards from your field to your DON!! deck.): Play this card.'),
       ('OP04-065', 'fr', 'Miss.Goldenweek(Marianne)',
        '[On Play] If your Leader''s type includes "Baroque Works", up to 1 of your opponent''s Characters with a cost of 5 or less cannot attack until the start of your next turn. \n [Trigger] DON!! −1 (You may return the specified number of DON!! cards from your field to your DON!! deck.): Play this card.'),
       ('OP04-066', 'en', 'Miss.Valentine(Mikita)',
        '[On Play] Look at 5 cards from the top of your deck; reveal up to 1 card with a type including "Baroque Works" and add it to your hand. Then, place the rest at the bottom of your deck in any order. \n [Trigger] DON!! −1 (You may return the specified number of DON!! cards from your field to your DON!! deck.): Play this card.'),
       ('OP04-066', 'fr', 'Miss.Valentine(Mikita)',
        '[On Play] Look at 5 cards from the top of your deck; reveal up to 1 card with a type including "Baroque Works" and add it to your hand. Then, place the rest at the bottom of your deck in any order. \n [Trigger] DON!! −1 (You may return the specified number of DON!! cards from your field to your DON!! deck.): Play this card.'),
       ('OP04-067', 'en', 'Miss.MerryChristmas(Drophy)',
        '[Blocker] (After your opponent declares an attack, you may rest this card to make it the new target of the attack.) \n [Trigger] DON!! −1 (You may return the specified number of DON!! cards from your field to your DON!! deck.): Play this card.'),
       ('OP04-067', 'fr', 'Miss.MerryChristmas(Drophy)',
        '[Blocker] (After your opponent declares an attack, you may rest this card to make it the new target of the attack.) \n [Trigger] DON!! −1 (You may return the specified number of DON!! cards from your field to your DON!! deck.): Play this card.'),
       ('OP04-068', 'en', 'Yokozuna',
        '[Blocker] (After your opponent declares an attack, you may rest this card to make it the new target of the attack.) \n [On Your Opponent''s Attack] DON!! −1 (You may return the specified number of DON!! cards from your field to your DON!! deck.): Return up to 1 of your opponent''s Characters with a cost of 2 or less to the owner''s hand.'),
       ('OP04-068', 'fr', 'Yokozuna',
        '[Blocker] (After your opponent declares an attack, you may rest this card to make it the new target of the attack.) \n [On Your Opponent''s Attack] DON!! −1 (You may return the specified number of DON!! cards from your field to your DON!! deck.): Return up to 1 of your opponent''s Characters with a cost of 2 or less to the owner''s hand.'),
       ('OP04-069', 'en', 'Mr.2.Bon.Kurei(Bentham)',
        '[On Your Opponent''s Attack] DON!! −1 (You may return the specified number of DON!! cards from your field to your DON!! deck.): This Character''s base power becomes the same as the power of your opponent''s attacking Leader or Character during this turn. \n [Trigger] DON!! −1: Play this card.'),
       ('OP04-069', 'fr', 'Mr.2.Bon.Kurei(Bentham)',
        '[On Your Opponent''s Attack] DON!! −1 (You may return the specified number of DON!! cards from your field to your DON!! deck.): This Character''s base power becomes the same as the power of your opponent''s attacking Leader or Character during this turn. \n [Trigger] DON!! −1: Play this card.'),
       ('OP04-070', 'en', 'Mr.3(Galdino)',
        '[On Your Opponent''s Attack] [Once Per Turn] DON!! −1 (You may return the specified number of DON!! cards from your field to your DON!! deck.): Give up to 1 of your opponent''s Characters −1000 power during this turn.'),
       ('OP04-070', 'fr', 'Mr.3(Galdino)',
        '[On Your Opponent''s Attack] [Once Per Turn] DON!! −1 (You may return the specified number of DON!! cards from your field to your DON!! deck.): Give up to 1 of your opponent''s Characters −1000 power during this turn.'),
       ('OP04-071', 'en', 'Mr.4(Babe)',
        '[On Your Opponent''s Attack] DON!! −1 (You may return the specified number of DON!! cards from your field to your DON!! deck.): This Character gains [Blocker] and +1000 power during this battle. \n (After your opponent declares an attack, you may rest this card to make it the new target of the attack.)'),
       ('OP04-071', 'fr', 'Mr.4(Babe)',
        '[On Your Opponent''s Attack] DON!! −1 (You may return the specified number of DON!! cards from your field to your DON!! deck.): This Character gains [Blocker] and +1000 power during this battle. \n (After your opponent declares an attack, you may rest this card to make it the new target of the attack.)'),
       ('OP04-072', 'en', 'Mr.5(Gem)',
        '[On Your Opponent''s Attack] [Once Per Turn] DON!! −2 (You may return the specified number of DON!! cards from your field to your DON!! deck.) You may rest this Character: K.O. up to 1 of your opponent''s Characters with a cost of 4 or less.'),
       ('OP04-072', 'fr', 'Mr.5(Gem)',
        '[On Your Opponent''s Attack] [Once Per Turn] DON!! −2 (You may return the specified number of DON!! cards from your field to your DON!! deck.) You may rest this Character: K.O. up to 1 of your opponent''s Characters with a cost of 4 or less.'),
       ('OP04-073', 'en', 'Mr.13 & Ms.Friday',
        '[Activate: Main] You may trash this Character and 1 of your Characters with a type including "Baroque Works": Add up to 1 DON!! card from your DON!! deck and set it as active. \n [Trigger] Play this card.'),
       ('OP04-073', 'fr', 'Mr.13 & Ms.Friday',
        '[Activate: Main] You may trash this Character and 1 of your Characters with a type including "Baroque Works": Add up to 1 DON!! card from your DON!! deck and set it as active. \n [Trigger] Play this card.'),
       ('OP04-074', 'en', 'Colors Trap',
        '[Counter] DON!! −1 (You may return the specified number of DON!! cards from your field to your DON!! deck.): Up to 1 of your Leader or Character cards gains +1000 power during this battle. Then, rest up to 1 of your opponent''s Characters with a cost of 4 or less. \n [Trigger] Add up to 1 DON!! card from your DON!! deck and set it as active.'),
       ('OP04-074', 'fr', 'Colors Trap',
        '[Counter] DON!! −1 (You may return the specified number of DON!! cards from your field to your DON!! deck.): Up to 1 of your Leader or Character cards gains +1000 power during this battle. Then, rest up to 1 of your opponent''s Characters with a cost of 4 or less. \n [Trigger] Add up to 1 DON!! card from your DON!! deck and set it as active.'),
       ('OP04-075', 'en', 'Nez-Palm Cannon',
        '[Counter] Up to 1 of your Leader or Character cards gains +6000 power during this battle. Then, if you have 2 or less Life cards, add up to 1 DON!! card from your DON!! deck and rest it. \n [Trigger] Add up to 1 DON!! card from your DON!! deck and set it as active.'),
       ('OP04-075', 'fr', 'Nez-Palm Cannon',
        '[Counter] Up to 1 of your Leader or Character cards gains +6000 power during this battle. Then, if you have 2 or less Life cards, add up to 1 DON!! card from your DON!! deck and rest it. \n [Trigger] Add up to 1 DON!! card from your DON!! deck and set it as active.'),
       ('OP04-076', 'en', 'Weakness...Is an Unforgivable Sin.',
        '[Counter] DON!! −1 (You may return the specified number of DON!! cards from your field to your DON!! deck.): Up to 1 of your Leader or Character cards gains +1000 power during this turn. \n [Trigger] Add up to 1 DON!! card from your DON!! deck and set it as active.'),
       ('OP04-076', 'fr', 'Weakness...Is an Unforgivable Sin.',
        '[Counter] DON!! −1 (You may return the specified number of DON!! cards from your field to your DON!! deck.): Up to 1 of your Leader or Character cards gains +1000 power during this turn. \n [Trigger] Add up to 1 DON!! card from your DON!! deck and set it as active.'),
       ('OP04-077', 'en', 'Ideo',
        '[Blocker] (After your opponent declares an attack, you may rest this card to make it the new target of the attack.)'),
       ('OP04-077', 'fr', 'Ideo',
        '[Blocker] (After your opponent declares an attack, you may rest this card to make it the new target of the attack.)'),
       ('OP04-078', 'en', 'Oimo & Kashii', NULL),
       ('OP04-078', 'fr', 'Oimo & Kashii', NULL),
       ('OP04-079', 'en', 'Orlumbus',
        '[Activate: Main] [Once Per Turn] Give up to 1 of your opponent''s Characters −4 cost during this turn and trash 2 cards from the top of your deck. Then, K.O. 1 of your {Dressrosa} type Characters.'),
       ('OP04-079', 'fr', 'Orlumbus',
        '[Activate: Main] [Once Per Turn] Give up to 1 of your opponent''s Characters −4 cost during this turn and trash 2 cards from the top of your deck. Then, K.O. 1 of your {Dressrosa} type Characters.'),
       ('OP04-080', 'en', 'Gyats',
        '[On Play] Up to 1 of your {Dressrosa} type Characters can also attack active Characters during this turn.'),
       ('OP04-080', 'fr', 'Gyats',
        '[On Play] Up to 1 of your {Dressrosa} type Characters can also attack active Characters during this turn.'),
       ('OP04-081', 'en', 'Cavendish',
        '[DON!! x1] This Character can also attack active Characters. \n [When Attacking] You may rest your Leader: K.O. up to 1 of your opponent''s Characters with a cost of 1 or less. Then, trash 2 cards from the top of your deck.'),
       ('OP04-081', 'fr', 'Cavendish',
        '[DON!! x1] This Character can also attack active Characters. \n [When Attacking] You may rest your Leader: K.O. up to 1 of your opponent''s Characters with a cost of 1 or less. Then, trash 2 cards from the top of your deck.'),
       ('OP04-082', 'en', 'Kyros',
        'If this Character would be K.O.''d, you may rest your Leader or 1 [Corrida Coliseum] instead. \n [On Play] If your Leader is [Rebecca], K.O. up to 1 of your opponent''s Characters with a cost of 1 or less. Then, trash 1 card from the top of your deck.'),
       ('OP04-082', 'fr', 'Kyros',
        'If this Character would be K.O.''d, you may rest your Leader or 1 [Corrida Coliseum] instead. \n [On Play] If your Leader is [Rebecca], K.O. up to 1 of your opponent''s Characters with a cost of 1 or less. Then, trash 1 card from the top of your deck.'),
       ('OP04-083', 'en', 'Sabo',
        '[Blocker] (After your opponent declares an attack, you may rest this card to make it the new target of the attack.) \n [On Play] None of your Characters can be K.O.''d by effects until the start of your next turn. Then, draw 2 cards and trash 2 cards from your hand.'),
       ('OP04-083', 'fr', 'Sabo',
        '[Blocker] (After your opponent declares an attack, you may rest this card to make it the new target of the attack.) \n [On Play] None of your Characters can be K.O.''d by effects until the start of your next turn. Then, draw 2 cards and trash 2 cards from your hand.'),
       ('OP04-084', 'en', 'Stussy',
        '[On Play] Look at 3 cards from the top of your deck and play up to 1 Character card with a type including "CP" other than [Stussy] and a cost of 2 or less. Then, trash the rest.'),
       ('OP04-084', 'fr', 'Stussy',
        '[On Play] Look at 3 cards from the top of your deck and play up to 1 Character card with a type including "CP" other than [Stussy] and a cost of 2 or less. Then, trash the rest.'),
       ('OP04-085', 'en', 'Suleiman',
        '[On Play]/[When Attacking] If your Leader has the {Dressrosa} type, give up to 1 of your opponent''s Characters −2 cost during this turn. Then, trash 1 card from the top of your deck.'),
       ('OP04-085', 'fr', 'Suleiman',
        '[On Play]/[When Attacking] If your Leader has the {Dressrosa} type, give up to 1 of your opponent''s Characters −2 cost during this turn. Then, trash 1 card from the top of your deck.'),
       ('OP04-086', 'en', 'Chinjao',
        '[DON!! x1] When this Character battles and K.O.''s your opponent''s Character, draw 2 cards and trash 2 cards from your hand.'),
       ('OP04-086', 'fr', 'Chinjao',
        '[DON!! x1] When this Character battles and K.O.''s your opponent''s Character, draw 2 cards and trash 2 cards from your hand.'),
       ('OP04-087', 'en', 'Trafalgar Law', NULL),
       ('OP04-087', 'fr', 'Trafalgar Law', NULL),
       ('OP04-088', 'en', 'Hajrudin',
        '[Activate: Main] You may rest your 1 Leader: Give up to 1 of your opponent''s Characters −4 cost during this turn.'),
       ('OP04-088', 'fr', 'Hajrudin',
        '[Activate: Main] You may rest your 1 Leader: Give up to 1 of your opponent''s Characters −4 cost during this turn.'),
       ('OP04-089', 'en', 'Bartolomeo',
        '[Blocker] (After your opponent declares an attack, you may rest this card to make it the new target of the attack.)'),
       ('OP04-089', 'fr', 'Bartolomeo',
        '[Blocker] (After your opponent declares an attack, you may rest this card to make it the new target of the attack.)'),
       ('OP04-090', 'en', 'Monkey.D.Luffy',
        'This Character can also attack active Characters. \n [Activate: Main] [Once Per Turn] You may return 7 cards from your trash to the bottom of your deck in any order: Set this Character as active. Then, this Character will not become active in your next Refresh Phase.'),
       ('OP04-090', 'fr', 'Monkey.D.Luffy',
        'This Character can also attack active Characters. \n [Activate: Main] [Once Per Turn] You may return 7 cards from your trash to the bottom of your deck in any order: Set this Character as active. Then, this Character will not become active in your next Refresh Phase.'),
       ('OP04-091', 'en', 'Leo',
        '[On Play] You may rest your 1 Leader: If your Leader has the {Dressrosa} type, K.O. up to 1 of your opponent''s Characters with a cost of 1 or less. Then, trash 2 cards from the top of your deck.'),
       ('OP04-091', 'fr', 'Leo',
        '[On Play] You may rest your 1 Leader: If your Leader has the {Dressrosa} type, K.O. up to 1 of your opponent''s Characters with a cost of 1 or less. Then, trash 2 cards from the top of your deck.'),
       ('OP04-092', 'en', 'Rebecca',
        '[On Play] Look at 3 cards from the top of your deck; reveal up to 1 {Dressrosa} type card other than [Rebecca] and add it to your hand. Then, trash the rest.'),
       ('OP04-092', 'fr', 'Rebecca',
        '[On Play] Look at 3 cards from the top of your deck; reveal up to 1 {Dressrosa} type card other than [Rebecca] and add it to your hand. Then, trash the rest.'),
       ('OP04-093', 'en', 'Gum-Gum King Kong Gun',
        '[Main] Up to 1 of your {Dressrosa} type Characters gains +6000 power during this turn. Then, if you have 15 or more cards in your trash, that card gains [Double Attack] during this turn. \n (This card deals 2 damage.) \n [Trigger] Draw 3 cards and trash 2 cards from your hand.'),
       ('OP04-093', 'fr', 'Gum-Gum King Kong Gun',
        '[Main] Up to 1 of your {Dressrosa} type Characters gains +6000 power during this turn. Then, if you have 15 or more cards in your trash, that card gains [Double Attack] during this turn. \n (This card deals 2 damage.) \n [Trigger] Draw 3 cards and trash 2 cards from your hand.'),
       ('OP04-094', 'en', 'Trueno Bastardo',
        '[Main] Choose up to 1 of your opponent''s Characters with a cost of 4 or less and K.O. it. If you have 15 or more cards in your trash, choose up to 1 of your opponent''s Characters with a cost of 6 or less instead of a Character with a cost of 4 or less. \n [Trigger] You may rest your Leader: K.O. up to 1 of your opponent''s Characters with a cost of 5 or less.'),
       ('OP04-094', 'fr', 'Trueno Bastardo',
        '[Main] Choose up to 1 of your opponent''s Characters with a cost of 4 or less and K.O. it. If you have 15 or more cards in your trash, choose up to 1 of your opponent''s Characters with a cost of 6 or less instead of a Character with a cost of 4 or less. \n [Trigger] You may rest your Leader: K.O. up to 1 of your opponent''s Characters with a cost of 5 or less.'),
       ('OP04-095', 'en', 'Barrier!!',
        '[Counter] Up to 1 of your Leader or Character cards gains +2000 power during this battle. Then, if you have 15 or more cards in your trash, that card gains an additional +2000 power during this battle. \n [Trigger] Draw 2 cards and trash 1 card from your hand.'),
       ('OP04-095', 'fr', 'Barrier!!',
        '[Counter] Up to 1 of your Leader or Character cards gains +2000 power during this battle. Then, if you have 15 or more cards in your trash, that card gains an additional +2000 power during this battle. \n [Trigger] Draw 2 cards and trash 1 card from your hand.'),
       ('OP04-096', 'en', 'Corrida Coliseum',
        'If your Leader has the {Dressrosa} type, your {Dressrosa} type Characters can attack Characters on the turn in which they are played.'),
       ('OP04-096', 'fr', 'Corrida Coliseum',
        'If your Leader has the {Dressrosa} type, your {Dressrosa} type Characters can attack Characters on the turn in which they are played.'),
       ('OP04-097', 'en', 'Otama',
        '[On Play] Add up to 1 of your opponent''s {Animal} or {SMILE} type Characters with a cost of 3 or less to the top of your opponent''s Life cards face-up.'),
       ('OP04-097', 'fr', 'Otama',
        '[On Play] Add up to 1 of your opponent''s {Animal} or {SMILE} type Characters with a cost of 3 or less to the top of your opponent''s Life cards face-up.'),
       ('OP04-098', 'en', 'Toko',
        '[On Play] You may trash 2 {Land of Wano} type cards from your hand: If you have 1 or less Life cards, add 1 card from the top of your deck to the top of your Life cards.'),
       ('OP04-098', 'fr', 'Toko',
        '[On Play] You may trash 2 {Land of Wano} type cards from your hand: If you have 1 or less Life cards, add 1 card from the top of your deck to the top of your Life cards.'),
       ('OP04-099', 'en', 'Olin',
        'Also treat this card''s name as [Charlotte Linlin] according to the rules. \n [Trigger] If you have 1 or less Life cards, play this card.'),
       ('OP04-099', 'fr', 'Olin',
        'Also treat this card''s name as [Charlotte Linlin] according to the rules. \n [Trigger] If you have 1 or less Life cards, play this card.'),
       ('OP04-100', 'en', 'Capone"Gang"Bege',
        '[Trigger] Up to 1 of your opponent''s Leader or Character cards cannot attack during this turn.'),
       ('OP04-100', 'fr', 'Capone"Gang"Bege',
        '[Trigger] Up to 1 of your opponent''s Leader or Character cards cannot attack during this turn.'),
       ('OP04-101', 'en', 'Carmel',
        '[Your Turn] [On Play] Draw 1 card. \n [Trigger] Play this card. Then, K.O. up to 1 of your opponent''s Characters with a cost of 2 or less.'),
       ('OP04-101', 'fr', 'Carmel',
        '[Your Turn] [On Play] Draw 1 card. \n [Trigger] Play this card. Then, K.O. up to 1 of your opponent''s Characters with a cost of 2 or less.'),
       ('OP04-102', 'en', 'Kin''emon',
        '[Activate: Main] [Once Per Turn] ➀ (You may rest the specified number of DON!! cards in your cost area.) You may add 1 card from the top or bottom of your Life cards to your hand: Set this Character as active.'),
       ('OP04-102', 'fr', 'Kin''emon',
        '[Activate: Main] [Once Per Turn] ➀ (You may rest the specified number of DON!! cards in your cost area.) You may add 1 card from the top or bottom of your Life cards to your hand: Set this Character as active.'),
       ('OP04-103', 'en', 'Kouzuki Hiyori',
        '[On Play] Up to 1 of your {Land of Wano} type Leader or Character cards gains +1000 power during this turn. \n [Trigger] Play this card.'),
       ('OP04-103', 'fr', 'Kouzuki Hiyori',
        '[On Play] Up to 1 of your {Land of Wano} type Leader or Character cards gains +1000 power during this turn. \n [Trigger] Play this card.'),
       ('OP04-104', 'en', 'Sanji',
        '[Blocker] (After your opponent declares an attack, you may rest this card to make it the new target of the attack.) \n [Trigger] You may trash 1 card from your hand: Play this card.'),
       ('OP04-104', 'fr', 'Sanji',
        '[Blocker] (After your opponent declares an attack, you may rest this card to make it the new target of the attack.) \n [Trigger] You may trash 1 card from your hand: Play this card.'),
       ('OP04-105', 'en', 'Charlotte Amande',
        '[Activate: Main] [Once Per Turn] You may trash 1 card with a [Trigger] from your hand: Rest up to 1 of your opponent''s Characters with a cost of 2 or less.'),
       ('OP04-105', 'fr', 'Charlotte Amande',
        '[Activate: Main] [Once Per Turn] You may trash 1 card with a [Trigger] from your hand: Rest up to 1 of your opponent''s Characters with a cost of 2 or less.'),
       ('OP04-106', 'en', 'Charlotte Bavarois',
        '[DON!! x1] If you have less Life cards than your opponent, this Character gains +1000 power. \n [Trigger] You may trash 1 card from your hand: Play this card.'),
       ('OP04-106', 'fr', 'Charlotte Bavarois',
        '[DON!! x1] If you have less Life cards than your opponent, this Character gains +1000 power. \n [Trigger] You may trash 1 card from your hand: Play this card.'),
       ('OP04-107', 'en', 'Charlotte Perospero', NULL),
       ('OP04-107', 'fr', 'Charlotte Perospero', NULL),
       ('OP04-108', 'en', 'Charlotte Moscato',
        '[DON!! x1] This Character gains [Banish]. \n (When this card deals damage, the target card is trashed without activating its Trigger.) \n [Trigger] You may trash 1 card from your hand: Play this card.'),
       ('OP04-108', 'fr', 'Charlotte Moscato',
        '[DON!! x1] This Character gains [Banish]. \n (When this card deals damage, the target card is trashed without activating its Trigger.) \n [Trigger] You may trash 1 card from your hand: Play this card.'),
       ('OP04-109', 'en', 'Tonoyasu',
        '[Activate: Main] You may trash this Character: Up to 1 of your {Land of Wano} type Leader or Character cards gains +3000 power during this turn.'),
       ('OP04-109', 'fr', 'Tonoyasu',
        '[Activate: Main] You may trash this Character: Up to 1 of your {Land of Wano} type Leader or Character cards gains +3000 power during this turn.'),
       ('OP04-110', 'en', 'Pound',
        '[Blocker] (After your opponent declares an attack, you may rest this card to make it the new target of the attack.) \n [On K.O.] Add up to 1 of your opponent''s Characters with a cost of 3 or less to the top or bottom of your opponent''s Life cards face-up.'),
       ('OP04-110', 'fr', 'Pound',
        '[Blocker] (After your opponent declares an attack, you may rest this card to make it the new target of the attack.) \n [On K.O.] Add up to 1 of your opponent''s Characters with a cost of 3 or less to the top or bottom of your opponent''s Life cards face-up.'),
       ('OP04-111', 'en', 'Hera',
        '[Activate: Main] You may trash 1 of your {Homies} type Characters other than this Character and rest this Character: Set up to 1 of your [Charlotte Linlin] Characters as active. \n [Trigger] Play this card.'),
       ('OP04-111', 'fr', 'Hera',
        '[Activate: Main] You may trash 1 of your {Homies} type Characters other than this Character and rest this Character: Set up to 1 of your [Charlotte Linlin] Characters as active. \n [Trigger] Play this card.'),
       ('OP04-112', 'en', 'Yamato',
        '[On Play] K.O. up to 1 of your opponent''s Characters with a cost equal to or less than the total of your and your opponent''s Life cards. Then, if you have 1 or less Life cards, add up to 1 card from the top of your deck to the top of your Life cards.'),
       ('OP04-112', 'fr', 'Yamato',
        '[On Play] K.O. up to 1 of your opponent''s Characters with a cost equal to or less than the total of your and your opponent''s Life cards. Then, if you have 1 or less Life cards, add up to 1 card from the top of your deck to the top of your Life cards.'),
       ('OP04-113', 'en', 'Rabiyan', '[Trigger] Play this card.'),
       ('OP04-113', 'fr', 'Rabiyan', '[Trigger] Play this card.'),
       ('OP04-114', 'en', 'Randolph', NULL),
       ('OP04-114', 'fr', 'Randolph', NULL),
       ('OP04-115', 'en', 'Gun Modoki',
        '[Main] You may add 1 card from the top or bottom of your Life cards to your hand: Up to 1 of your {Land of Wano} type Characters gains [Double Attack] during this turn. \n (This card deals 2 damage.) \n [Trigger] Up to 1 of your Leader or Character cards gains +1000 power during this turn.'),
       ('OP04-115', 'fr', 'Gun Modoki',
        '[Main] You may add 1 card from the top or bottom of your Life cards to your hand: Up to 1 of your {Land of Wano} type Characters gains [Double Attack] during this turn. \n (This card deals 2 damage.) \n [Trigger] Up to 1 of your Leader or Character cards gains +1000 power during this turn.'),
       ('OP04-116', 'en', 'Diable Jambe Joue Shot',
        '[Counter] Up to 1 of your Leader or Character cards gains +6000 power during this battle. Then, if you and your opponent have a total of 4 or less Life cards, K.O. up to 1 of your opponent''s Characters with a cost of 2 or less. \n [Trigger] Draw 1 card.'),
       ('OP04-116', 'fr', 'Diable Jambe Joue Shot',
        '[Counter] Up to 1 of your Leader or Character cards gains +6000 power during this battle. Then, if you and your opponent have a total of 4 or less Life cards, K.O. up to 1 of your opponent''s Characters with a cost of 2 or less. \n [Trigger] Draw 1 card.'),
       ('OP04-117', 'en', 'Heavenly Fire',
        '[Main] Add up to 1 of your opponent''s Characters with a cost of 3 or less to the top or bottom of your opponent''s Life cards face-up. \n [Trigger] You may add 1 card from the top or bottom of your Life cards to your hand: Add up to 1 card from your hand to the top of your Life cards.'),
       ('OP04-117', 'fr', 'Heavenly Fire',
        '[Main] Add up to 1 of your opponent''s Characters with a cost of 3 or less to the top or bottom of your opponent''s Life cards face-up. \n [Trigger] You may add 1 card from the top or bottom of your Life cards to your hand: Add up to 1 card from your hand to the top of your Life cards.'),
       ('OP04-118', 'en', 'Nefeltari Vivi',
        'All of your red Characters with a cost of 3 or more other than this Character gain [Rush]. \n (This card can attack on the turn in which it is played.)'),
       ('OP04-118', 'fr', 'Nefeltari Vivi',
        'All of your red Characters with a cost of 3 or more other than this Character gain [Rush]. \n (This card can attack on the turn in which it is played.)'),
       ('OP04-119', 'en', 'Donquixote Rosinante',
        '[Opponent''s Turn] If this Character is rested, your active Characters with a base cost of 5 cannot be K.O.''d by effects. \n [On Play] You may rest this Character: Play up to 1 green Character card with a cost of 5 from your hand.'),
       ('OP04-119', 'fr', 'Donquixote Rosinante',
        '[Opponent''s Turn] If this Character is rested, your active Characters with a base cost of 5 cannot be K.O.''d by effects. \n [On Play] You may rest this Character: Play up to 1 green Character card with a cost of 5 from your hand.')
ON CONFLICT
    DO NOTHING;







