INSERT INTO UT_PRODUCT(ID, RELEASE_DATE)
VALUES ('OP-07', '2024-06-28')
ON CONFLICT DO NOTHING;

INSERT INTO UT_PRODUCT_DESCRIPTION (PRODUCT_ID, LANGUAGE_CODE, NAME)
VALUES ('OP-07', 'en', '[OP-07] 500 YEARS IN THE FUTURE'),
       ('OP-07', 'fr', '[OP-07] 500 YEARS IN THE FUTURE')
ON CONFLICT DO NOTHING;

INSERT INTO UT_CARD (ID, TYPE_ID, ATTRIBUTE_ID, COST, POWER, LIFE, COUNTER)
VALUES ('OP07-001', 0, 2, NULL, 5000, 5, NULL),
       ('OP07-002', 1, 2, 7, 6000, NULL, NULL),
       ('OP07-003', 1, 3, 2, NULL, NULL, 1000),
       ('OP07-004', 1, 4, 2, 3000, NULL, 1000),
       ('OP07-005', 1, 3, 3, NULL, NULL, 1000),
       ('OP07-006', 1, 3, 1, 1000, NULL, 1000),
       ('OP07-007', 1, 0, 4, 6000, NULL, 1000),
       ('OP07-008', 1, 2, 3, 3000, NULL, NULL),
       ('OP07-009', 1, 4, 2, 3000, NULL, 1000),
       ('OP07-010', 1, 2, 3, 4000, NULL, 1000),
       ('OP07-011', 1, 1, 4, 5000, NULL, 1000),
       ('OP07-012', 1, 4, 2, 3000, NULL, 1000),
       ('OP07-013', 1, 3, 1, 2000, NULL, 1000),
       ('OP07-014', 1, 3, 1, NULL, NULL, 2000),
       ('OP07-015', 1, 2, 8, 9000, NULL, NULL),
       ('OP07-016', 3, NULL, 1, NULL, NULL, NULL),
       ('OP07-017', 3, NULL, 2, NULL, NULL, NULL),
       ('OP07-018', 3, NULL, 1, NULL, NULL, NULL),
       ('OP07-019', 0, 2, NULL, 5000, 5, NULL),
       ('OP07-020', 1, 4, 5, 6000, NULL, NULL),
       ('OP07-021', 1, 0, 4, 5000, NULL, 1000),
       ('OP07-022', 1, 2, 1, NULL, NULL, 2000),
       ('OP07-023', 1, 2, 4, 5000, NULL, 1000),
       ('OP07-024', 1, 3, 3, NULL, NULL, 1000),
       ('OP07-025', 1, 0, 3, 3000, NULL, NULL),
       ('OP07-026', 1, 2, 5, 6000, NULL, 1000),
       ('OP07-027', 1, 0, 4, 6000, NULL, 1000),
       ('OP07-028', 1, 1, 6, 8000, NULL, 1000),
       ('OP07-029', 1, 4, 6, 7000, NULL, NULL),
       ('OP07-030', 1, 3, 2, NULL, NULL, 2000),
       ('OP07-031', 1, 2, 3, 4000, NULL, 1000),
       ('OP07-032', 1, 0, 5, 6000, NULL, 1000),
       ('OP07-033', 1, 0, 5, 6000, NULL, 1000),
       ('OP07-034', 1, 4, 1, 2000, NULL, 1000),
       ('OP07-035', 3, NULL, 1, NULL, NULL, NULL),
       ('OP07-036', 3, NULL, 2, NULL, NULL, NULL),
       ('OP07-037', 3, NULL, 1, NULL, NULL, NULL),
       ('OP07-038', 0, 2, NULL, 5000, 5, NULL),
       ('OP07-039', 1, 4, 4, 5000, NULL, 1000),
       ('OP07-040', 1, 2, 4, 5000, NULL, 2000),
       ('OP07-041', 1, 3, 1, NULL, NULL, 1000),
       ('OP07-042', 1, 2, 5, 6000, NULL, NULL),
       ('OP07-043', 1, 0, 1, 2000, NULL, 1000),
       ('OP07-044', 1, 4, 8, 10000, NULL, NULL),
       ('OP07-045', 1, 0, 4, 5000, NULL, 1000),
       ('OP07-046', 1, 3, 1, 2000, NULL, 1000),
       ('OP07-047', 1, 4, 4, 4000, NULL, 2000),
       ('OP07-048', 1, 2, 3, 4000, NULL, NULL),
       ('OP07-049', 1, 3, 2, NULL, NULL, NULL),
       ('OP07-050', 1, 0, 3, 3000, NULL, 2000),
       ('OP07-051', 1, 2, 6, 8000, NULL, NULL),
       ('OP07-052', 1, 4, 5, 6000, NULL, 1000),
       ('OP07-053', 1, 2, 5, 6000, NULL, 1000),
       ('OP07-054', 1, 3, 3, 2000, NULL, NULL),
       ('OP07-055', 3, NULL, 2, NULL, NULL, NULL),
       ('OP07-056', 3, NULL, 1, NULL, NULL, NULL),
       ('OP07-057', 3, NULL, 2, NULL, NULL, NULL),
       ('OP07-058', 2, NULL, 1, NULL, NULL, NULL),
       ('OP07-059', 0, 2, NULL, 5000, 5, NULL),
       ('OP07-060', 1, 3, 3, NULL, NULL, 1000),
       ('OP07-061', 1, 0, 1, NULL, NULL, 1000),
       ('OP07-062', 1, 0, 1, 2000, NULL, 1000),
       ('OP07-063', 1, 0, 3, 4000, NULL, 1000),
       ('OP07-064', 1, 0, 6, 6000, NULL, 2000),
       ('OP07-065', 1, 3, 1, NULL, NULL, 2000),
       ('OP07-066', 1, 0, 2, NULL, NULL, 1000),
       ('OP07-067', 1, 3, 1, 3000, NULL, 1000),
       ('OP07-068', 1, 0, 5, 6000, NULL, 1000),
       ('OP07-069', 1, 0, 3, 4000, NULL, 1000),
       ('OP07-070', 1, 0, 6, 7000, NULL, 1000),
       ('OP07-071', 1, 2, 7, 7000, NULL, NULL),
       ('OP07-072', 1, 3, 3, 5000, NULL, NULL),
       ('OP07-073', 1, 0, 6, 7000, NULL, NULL),
       ('OP07-074', 1, 0, 2, 3000, NULL, 1000),
       ('OP07-075', 3, NULL, 1, NULL, NULL, NULL),
       ('OP07-076', 3, NULL, 2, NULL, NULL, NULL),
       ('OP07-077', 3, NULL, 1, NULL, NULL, NULL),
       ('OP07-078', 3, NULL, 3, NULL, NULL, NULL),
       ('OP07-079', 0, 0, NULL, 5000, 5, NULL),
       ('OP07-080', 1, 4, 4, 5000, NULL, 2000),
       ('OP07-081', 1, 2, 4, 5000, NULL, 1000),
       ('OP07-082', 1, 4, 2, 3000, NULL, 1000),
       ('OP07-083', 1, 2, 4, 5000, NULL, 1000),
       ('OP07-084', 1, 0, 2, 2000, NULL, 1000),
       ('OP07-085', 1, 2, 9, 9000, NULL, NULL),
       ('OP07-086', 1, 4, 3, 4000, NULL, 1000),
       ('OP07-087', 1, 4, 3, 3000, NULL, 2000),
       ('OP07-088', 1, 0, 1, NULL, NULL, 2000),
       ('OP07-089', 1, 0, 6, 8000, NULL, 1000),
       ('OP07-090', 1, 3, 2, 2000, NULL, 1000),
       ('OP07-091', 1, 2, 5, 6000, NULL, 1000),
       ('OP07-092', 1, 0, 1, 2000, NULL, 1000),
       ('OP07-093', 1, 0, 5, 6000, NULL, 1000),
       ('OP07-094', 3, NULL, 1, NULL, NULL, NULL),
       ('OP07-095', 3, NULL, 2, NULL, NULL, NULL),
       ('OP07-096', 3, NULL, 1, NULL, NULL, NULL),
       ('OP07-097', 0, 3, NULL, 5000, 2, NULL),
       ('OP07-098', 1, 3, 5, 6000, NULL, 1000),
       ('OP07-099', 1, 1, 1, 2000, NULL, 2000),
       ('OP07-100', 1, 3, 4, 5000, NULL, 2000),
       ('OP07-101', 1, 3, 5, 6000, NULL, 1000),
       ('OP07-102', 1, 0, 5, 6000, NULL, 1000),
       ('OP07-103', 1, 3, 2, 3000, NULL, 1000),
       ('OP07-104', 1, 2, 3, 4000, NULL, 1000),
       ('OP07-105', 1, 3, 5, 6000, NULL, 1000),
       ('OP07-106', 1, 2, 4, 6000, NULL, NULL),
       ('OP07-107', 1, 0, 4, 5000, NULL, 2000),
       ('OP07-108', 1, 0, 4, 6000, NULL, 1000),
       ('OP07-109', 1, 0, 5, 6000, NULL, 1000),
       ('OP07-110', 1, 3, 5, 6000, NULL, 1000),
       ('OP07-111', 1, 3, 3, 5000, NULL, NULL),
       ('OP07-112', 1, 0, 6, 7000, NULL, NULL),
       ('OP07-113', 1, 4, 5, 6000, NULL, 1000),
       ('OP07-114', 3, NULL, 1, NULL, NULL, NULL),
       ('OP07-115', 3, NULL, 1, NULL, NULL, NULL),
       ('OP07-116', 3, NULL, 1, NULL, NULL, NULL),
       ('OP07-117', 2, NULL, 2, NULL, NULL, NULL),
       ('OP07-118', 1, 2, 8, 9000, NULL, NULL),
       ('OP07-119', 1, 2, 10, 10000, NULL, NULL)
ON CONFLICT DO NOTHING;

INSERT INTO UT_CARD_IMAGE (CARD_ID, NAME, RARITY_ID, PRODUCT_ID)
VALUES ('OP01-035', 'OP01-035_p2.png', 6, 'OP-07'),
       ('OP01-073', 'OP01-073_p2.png', 6, 'OP-07'),
       ('OP03-003', 'OP03-003_p1.png', 6, 'OP-07'),
       ('OP03-078', 'OP03-078_p2.png', 6, 'OP-07'),
       ('OP05-074', 'OP05-074_p3.png', 6, 'OP-07'),
       ('OP06-101', 'OP06-101_p2.png', 6, 'OP-07'),
       ('OP07-001', 'OP07-001.png', 0, 'OP-07'),
       ('OP07-001', 'OP07-001_p1.png', 0, 'OP-07'),
       ('OP07-002', 'OP07-002.png', 5, 'OP-07'),
       ('OP07-003', 'OP07-003.png', 5, 'OP-07'),
       ('OP07-004', 'OP07-004.png', 5, 'OP-07'),
       ('OP07-005', 'OP07-005.png', 5, 'OP-07'),
       ('OP07-005', 'OP07-005_p1.png', 5, 'OP-07'),
       ('OP07-006', 'OP07-006.png', 1, 'OP-07'),
       ('OP07-007', 'OP07-007.png', 1, 'OP-07'),
       ('OP07-008', 'OP07-008.png', 2, 'OP-07'),
       ('OP07-009', 'OP07-009.png', 1, 'OP-07'),
       ('OP07-010', 'OP07-010.png', 5, 'OP-07'),
       ('OP07-011', 'OP07-011.png', 1, 'OP-07'),
       ('OP07-012', 'OP07-012.png', 1, 'OP-07'),
       ('OP07-013', 'OP07-013.png', 2, 'OP-07'),
       ('OP07-014', 'OP07-014.png', 2, 'OP-07'),
       ('OP07-015', 'OP07-015.png', 3, 'OP-07'),
       ('OP07-015', 'OP07-015_p1.png', 3, 'OP-07'),
       ('OP07-016', 'OP07-016.png', 5, 'OP-07'),
       ('OP07-017', 'OP07-017.png', 2, 'OP-07'),
       ('OP07-018', 'OP07-018.png', 1, 'OP-07'),
       ('OP07-019', 'OP07-019.png', 0, 'OP-07'),
       ('OP07-019', 'OP07-019_p1.png', 0, 'OP-07'),
       ('OP07-020', 'OP07-020.png', 1, 'OP-07'),
       ('OP07-021', 'OP07-021.png', 5, 'OP-07'),
       ('OP07-022', 'OP07-022.png', 5, 'OP-07'),
       ('OP07-022', 'OP07-022_p1.png', 5, 'OP-07'),
       ('OP07-023', 'OP07-023.png', 2, 'OP-07'),
       ('OP07-024', 'OP07-024.png', 1, 'OP-07'),
       ('OP07-025', 'OP07-025.png', 1, 'OP-07'),
       ('OP07-026', 'OP07-026.png', 3, 'OP-07'),
       ('OP07-026', 'OP07-026_p1.png', 3, 'OP-07'),
       ('OP07-027', 'OP07-027.png', 1, 'OP-07'),
       ('OP07-028', 'OP07-028.png', 1, 'OP-07'),
       ('OP07-029', 'OP07-029.png', 3, 'OP-07'),
       ('OP07-029', 'OP07-029_p1.png', 3, 'OP-07'),
       ('OP07-030', 'OP07-030.png', 1, 'OP-07'),
       ('OP07-031', 'OP07-031.png', 2, 'OP-07'),
       ('OP07-032', 'OP07-032.png', 5, 'OP-07'),
       ('OP07-033', 'OP07-033.png', 2, 'OP-07'),
       ('OP07-034', 'OP07-034.png', 2, 'OP-07'),
       ('OP07-035', 'OP07-035.png', 1, 'OP-07'),
       ('OP07-036', 'OP07-036.png', 5, 'OP-07'),
       ('OP07-037', 'OP07-037.png', 2, 'OP-07'),
       ('OP07-038', 'OP07-038.png', 0, 'OP-07'),
       ('OP07-038', 'OP07-038_p1.png', 0, 'OP-07'),
       ('OP07-039', 'OP07-039.png', 1, 'OP-07'),
       ('OP07-040', 'OP07-040.png', 2, 'OP-07'),
       ('OP07-041', 'OP07-041.png', 2, 'OP-07'),
       ('OP07-042', 'OP07-042.png', 1, 'OP-07'),
       ('OP07-043', 'OP07-043.png', 2, 'OP-07'),
       ('OP07-044', 'OP07-044.png', 1, 'OP-07'),
       ('OP07-045', 'OP07-045.png', 3, 'OP-07'),
       ('OP07-045', 'OP07-045_p1.png', 3, 'OP-07'),
       ('OP07-046', 'OP07-046.png', 5, 'OP-07'),
       ('OP07-046', 'OP07-046_p1.png', 5, 'OP-07'),
       ('OP07-047', 'OP07-047.png', 5, 'OP-07'),
       ('OP07-047', 'OP07-047_p1.png', 5, 'OP-07'),
       ('OP07-048', 'OP07-048.png', 2, 'OP-07'),
       ('OP07-049', 'OP07-049.png', 1, 'OP-07'),
       ('OP07-050', 'OP07-050.png', 1, 'OP-07'),
       ('OP07-051', 'OP07-051.png', 3, 'OP-07'),
       ('OP07-051', 'OP07-051_p1.png', 3, 'OP-07'),
       ('OP07-051', 'OP07-051_p2.png', 3, 'OP-07'),
       ('OP07-052', 'OP07-052.png', 1, 'OP-07'),
       ('OP07-053', 'OP07-053.png', 5, 'OP-07'),
       ('OP07-054', 'OP07-054.png', 5, 'OP-07'),
       ('OP07-055', 'OP07-055.png', 1, 'OP-07'),
       ('OP07-056', 'OP07-056.png', 2, 'OP-07'),
       ('OP07-057', 'OP07-057.png', 5, 'OP-07'),
       ('OP07-058', 'OP07-058.png', 1, 'OP-07'),
       ('OP07-059', 'OP07-059.png', 0, 'OP-07'),
       ('OP07-059', 'OP07-059_p1.png', 0, 'OP-07'),
       ('OP07-060', 'OP07-060.png', 2, 'OP-07'),
       ('OP07-061', 'OP07-061.png', 1, 'OP-07'),
       ('OP07-062', 'OP07-062.png', 1, 'OP-07'),
       ('OP07-063', 'OP07-063.png', 1, 'OP-07'),
       ('OP07-064', 'OP07-064.png', 3, 'OP-07'),
       ('OP07-064', 'OP07-064_p1.png', 3, 'OP-07'),
       ('OP07-065', 'OP07-065.png', 2, 'OP-07'),
       ('OP07-066', 'OP07-066.png', 5, 'OP-07'),
       ('OP07-067', 'OP07-067.png', 1, 'OP-07'),
       ('OP07-068', 'OP07-068.png', 2, 'OP-07'),
       ('OP07-069', 'OP07-069.png', 1, 'OP-07'),
       ('OP07-070', 'OP07-070.png', 2, 'OP-07'),
       ('OP07-071', 'OP07-071.png', 5, 'OP-07'),
       ('OP07-071', 'OP07-071_p1.png', 5, 'OP-07'),
       ('OP07-072', 'OP07-072.png', 3, 'OP-07'),
       ('OP07-072', 'OP07-072_p1.png', 3, 'OP-07'),
       ('OP07-073', 'OP07-073.png', 5, 'OP-07'),
       ('OP07-074', 'OP07-074.png', 1, 'OP-07'),
       ('OP07-075', 'OP07-075.png', 2, 'OP-07'),
       ('OP07-076', 'OP07-076.png', 1, 'OP-07'),
       ('OP07-077', 'OP07-077.png', 5, 'OP-07'),
       ('OP07-078', 'OP07-078.png', 1, 'OP-07'),
       ('OP07-079', 'OP07-079.png', 0, 'OP-07'),
       ('OP07-079', 'OP07-079_p1.png', 0, 'OP-07'),
       ('OP07-080', 'OP07-080.png', 5, 'OP-07'),
       ('OP07-081', 'OP07-081.png', 1, 'OP-07'),
       ('OP07-082', 'OP07-082.png', 2, 'OP-07'),
       ('OP07-083', 'OP07-083.png', 2, 'OP-07'),
       ('OP07-084', 'OP07-084.png', 1, 'OP-07'),
       ('OP07-085', 'OP07-085.png', 3, 'OP-07'),
       ('OP07-085', 'OP07-085_p1.png', 3, 'OP-07'),
       ('OP07-086', 'OP07-086.png', 1, 'OP-07'),
       ('OP07-087', 'OP07-087.png', 1, 'OP-07'),
       ('OP07-088', 'OP07-088.png', 2, 'OP-07'),
       ('OP07-089', 'OP07-089.png', 1, 'OP-07'),
       ('OP07-090', 'OP07-090.png', 1, 'OP-07'),
       ('OP07-091', 'OP07-091.png', 5, 'OP-07'),
       ('OP07-092', 'OP07-092.png', 2, 'OP-07'),
       ('OP07-093', 'OP07-093.png', 5, 'OP-07'),
       ('OP07-094', 'OP07-094.png', 2, 'OP-07'),
       ('OP07-095', 'OP07-095.png', 1, 'OP-07'),
       ('OP07-096', 'OP07-096.png', 5, 'OP-07'),
       ('OP07-097', 'OP07-097.png', 0, 'OP-07'),
       ('OP07-097', 'OP07-097_p1.png', 0, 'OP-07'),
       ('OP07-098', 'OP07-098.png', 2, 'OP-07'),
       ('OP07-099', 'OP07-099.png', 1, 'OP-07'),
       ('OP07-100', 'OP07-100.png', 1, 'OP-07'),
       ('OP07-101', 'OP07-101.png', 2, 'OP-07'),
       ('OP07-102', 'OP07-102.png', 1, 'OP-07'),
       ('OP07-103', 'OP07-103.png', 1, 'OP-07'),
       ('OP07-104', 'OP07-104.png', 2, 'OP-07'),
       ('OP07-105', 'OP07-105.png', 2, 'OP-07'),
       ('OP07-106', 'OP07-106.png', 1, 'OP-07'),
       ('OP07-107', 'OP07-107.png', 5, 'OP-07'),
       ('OP07-107', 'OP07-107_p1.png', 5, 'OP-07'),
       ('OP07-108', 'OP07-108.png', 1, 'OP-07'),
       ('OP07-109', 'OP07-109.png', 3, 'OP-07'),
       ('OP07-109', 'OP07-109_p1.png', 3, 'OP-07'),
       ('OP07-110', 'OP07-110.png', 1, 'OP-07'),
       ('OP07-111', 'OP07-111.png', 3, 'OP-07'),
       ('OP07-111', 'OP07-111_p1.png', 3, 'OP-07'),
       ('OP07-112', 'OP07-112.png', 5, 'OP-07'),
       ('OP07-113', 'OP07-113.png', 2, 'OP-07'),
       ('OP07-114', 'OP07-114.png', 2, 'OP-07'),
       ('OP07-115', 'OP07-115.png', 1, 'OP-07'),
       ('OP07-116', 'OP07-116.png', 5, 'OP-07'),
       ('OP07-117', 'OP07-117.png', 1, 'OP-07'),
       ('OP07-118', 'OP07-118.png', 4, 'OP-07'),
       ('OP07-118', 'OP07-118_p1.png', 4, 'OP-07'),
       ('OP07-119', 'OP07-119.png', 4, 'OP-07'),
       ('OP07-119', 'OP07-119_p1.png', 4, 'OP-07')
ON CONFLICT DO NOTHING;

INSERT INTO UT_CARD_COLOR (COLOR_ID, CARD_ID)
VALUES (0, 'OP07-001'),
       (0, 'OP07-002'),
       (0, 'OP07-003'),
       (0, 'OP07-004'),
       (0, 'OP07-005'),
       (0, 'OP07-006'),
       (0, 'OP07-007'),
       (0, 'OP07-008'),
       (0, 'OP07-009'),
       (0, 'OP07-010'),
       (0, 'OP07-011'),
       (0, 'OP07-012'),
       (0, 'OP07-013'),
       (0, 'OP07-014'),
       (0, 'OP07-015'),
       (0, 'OP07-016'),
       (0, 'OP07-017'),
       (0, 'OP07-018'),
       (1, 'OP07-019'),
       (1, 'OP07-020'),
       (1, 'OP07-021'),
       (1, 'OP07-022'),
       (1, 'OP07-023'),
       (1, 'OP07-024'),
       (1, 'OP07-025'),
       (1, 'OP07-026'),
       (1, 'OP07-027'),
       (1, 'OP07-028'),
       (1, 'OP07-029'),
       (1, 'OP07-030'),
       (1, 'OP07-031'),
       (1, 'OP07-032'),
       (1, 'OP07-033'),
       (1, 'OP07-034'),
       (1, 'OP07-035'),
       (1, 'OP07-036'),
       (1, 'OP07-037'),
       (2, 'OP07-038'),
       (2, 'OP07-039'),
       (2, 'OP07-040'),
       (2, 'OP07-041'),
       (2, 'OP07-042'),
       (2, 'OP07-043'),
       (2, 'OP07-044'),
       (2, 'OP07-045'),
       (2, 'OP07-046'),
       (2, 'OP07-047'),
       (2, 'OP07-048'),
       (2, 'OP07-049'),
       (2, 'OP07-050'),
       (2, 'OP07-051'),
       (2, 'OP07-052'),
       (2, 'OP07-053'),
       (2, 'OP07-054'),
       (2, 'OP07-055'),
       (2, 'OP07-056'),
       (2, 'OP07-057'),
       (2, 'OP07-058'),
       (3, 'OP07-059'),
       (3, 'OP07-060'),
       (3, 'OP07-061'),
       (3, 'OP07-062'),
       (3, 'OP07-063'),
       (3, 'OP07-064'),
       (3, 'OP07-065'),
       (3, 'OP07-066'),
       (3, 'OP07-067'),
       (3, 'OP07-068'),
       (3, 'OP07-069'),
       (3, 'OP07-070'),
       (3, 'OP07-071'),
       (3, 'OP07-072'),
       (3, 'OP07-073'),
       (3, 'OP07-074'),
       (3, 'OP07-075'),
       (3, 'OP07-076'),
       (3, 'OP07-077'),
       (3, 'OP07-078'),
       (4, 'OP07-079'),
       (4, 'OP07-080'),
       (4, 'OP07-081'),
       (4, 'OP07-082'),
       (4, 'OP07-083'),
       (4, 'OP07-084'),
       (4, 'OP07-085'),
       (4, 'OP07-086'),
       (4, 'OP07-087'),
       (4, 'OP07-088'),
       (4, 'OP07-089'),
       (4, 'OP07-090'),
       (4, 'OP07-091'),
       (4, 'OP07-092'),
       (4, 'OP07-093'),
       (4, 'OP07-094'),
       (4, 'OP07-095'),
       (4, 'OP07-096'),
       (5, 'OP07-097'),
       (5, 'OP07-098'),
       (5, 'OP07-099'),
       (5, 'OP07-100'),
       (5, 'OP07-101'),
       (5, 'OP07-102'),
       (5, 'OP07-103'),
       (5, 'OP07-104'),
       (5, 'OP07-105'),
       (5, 'OP07-106'),
       (5, 'OP07-107'),
       (5, 'OP07-108'),
       (5, 'OP07-109'),
       (5, 'OP07-110'),
       (5, 'OP07-111'),
       (5, 'OP07-112'),
       (5, 'OP07-113'),
       (5, 'OP07-114'),
       (5, 'OP07-115'),
       (5, 'OP07-116'),
       (5, 'OP07-117'),
       (4, 'OP07-118'),
       (5, 'OP07-119')
ON CONFLICT DO NOTHING;

INSERT INTO UT_CARD_TAG (TAG_ID, CARD_ID)
VALUES (20, 'OP07-001'),
       (28, 'OP07-002'),
       (29, 'OP07-002'),
       (87, 'OP07-003'),
       (60, 'OP07-004'),
       (28, 'OP07-005'),
       (31, 'OP07-005'),
       (87, 'OP07-006'),
       (28, 'OP07-007'),
       (31, 'OP07-007'),
       (28, 'OP07-008'),
       (31, 'OP07-008'),
       (60, 'OP07-009'),
       (28, 'OP07-010'),
       (31, 'OP07-010'),
       (87, 'OP07-011'),
       (116, 'OP07-011'),
       (87, 'OP07-012'),
       (116, 'OP07-012'),
       (54, 'OP07-013'),
       (117, 'OP07-014'),
       (20, 'OP07-015'),
       (20, 'OP07-016'),
       (20, 'OP07-017'),
       (55, 'OP07-018'),
       (20, 'OP07-018'),
       (1, 'OP07-019'),
       (9, 'OP07-019'),
       (70, 'OP07-020'),
       (18, 'OP07-020'),
       (1, 'OP07-021'),
       (7, 'OP07-021'),
       (35, 'OP07-022'),
       (1, 'OP07-023'),
       (36, 'OP07-023'),
       (118, 'OP07-024'),
       (1, 'OP07-025'),
       (36, 'OP07-025'),
       (1, 'OP07-026'),
       (9, 'OP07-026'),
       (4, 'OP07-027'),
       (18, 'OP07-027'),
       (1, 'OP07-028'),
       (10, 'OP07-028'),
       (1, 'OP07-029'),
       (12, 'OP07-029'),
       (2, 'OP07-030'),
       (1, 'OP07-031'),
       (41, 'OP07-031'),
       (4, 'OP07-032'),
       (18, 'OP07-032'),
       (1, 'OP07-033'),
       (0, 'OP07-033'),
       (1, 'OP07-034'),
       (0, 'OP07-034'),
       (1, 'OP07-035'),
       (7, 'OP07-035'),
       (1, 'OP07-036'),
       (0, 'OP07-036'),
       (1, 'OP07-037'),
       (9, 'OP07-037'),
       (15, 'OP07-038'),
       (23, 'OP07-038'),
       (15, 'OP07-039'),
       (15, 'OP07-040'),
       (16, 'OP07-040'),
       (123, 'OP07-041'),
       (15, 'OP07-042'),
       (17, 'OP07-042'),
       (2, 'OP07-043'),
       (23, 'OP07-043'),
       (15, 'OP07-044'),
       (4, 'OP07-045'),
       (15, 'OP07-045'),
       (18, 'OP07-045'),
       (8, 'OP07-046'),
       (15, 'OP07-047'),
       (11, 'OP07-047'),
       (15, 'OP07-048'),
       (19, 'OP07-048'),
       (114, 'OP07-049'),
       (23, 'OP07-050'),
       (15, 'OP07-051'),
       (23, 'OP07-051'),
       (23, 'OP07-052'),
       (51, 'OP07-053'),
       (123, 'OP07-054'),
       (23, 'OP07-055'),
       (15, 'OP07-056'),
       (23, 'OP07-056'),
       (15, 'OP07-057'),
       (23, 'OP07-057'),
       (123, 'OP07-058'),
       (121, 'OP07-059'),
       (121, 'OP07-060'),
       (97, 'OP07-061'),
       (75, 'OP07-061'),
       (97, 'OP07-062'),
       (75, 'OP07-062'),
       (4, 'OP07-063'),
       (121, 'OP07-063'),
       (0, 'OP07-064'),
       (121, 'OP07-065'),
       (2, 'OP07-066'),
       (121, 'OP07-066'),
       (119, 'OP07-067'),
       (121, 'OP07-068'),
       (121, 'OP07-069'),
       (39, 'OP07-070'),
       (4, 'OP07-070'),
       (121, 'OP07-070'),
       (121, 'OP07-071'),
       (121, 'OP07-072'),
       (0, 'OP07-073'),
       (2, 'OP07-074'),
       (121, 'OP07-074'),
       (121, 'OP07-075'),
       (121, 'OP07-076'),
       (25, 'OP07-077'),
       (35, 'OP07-077'),
       (121, 'OP07-078'),
       (77, 'OP07-079'),
       (77, 'OP07-080'),
       (77, 'OP07-081'),
       (17, 'OP07-082'),
       (115, 'OP07-082'),
       (15, 'OP07-083'),
       (17, 'OP07-083'),
       (77, 'OP07-084'),
       (77, 'OP07-085'),
       (77, 'OP07-086'),
       (74, 'OP07-087'),
       (2, 'OP07-088'),
       (77, 'OP07-088'),
       (77, 'OP07-089'),
       (122, 'OP07-090'),
       (0, 'OP07-091'),
       (77, 'OP07-092'),
       (77, 'OP07-093'),
       (66, 'OP07-094'),
       (66, 'OP07-095'),
       (66, 'OP07-096'),
       (33, 'OP07-097'),
       (120, 'OP07-097'),
       (33, 'OP07-098'),
       (120, 'OP07-098'),
       (120, 'OP07-099'),
       (0, 'OP07-099'),
       (33, 'OP07-100'),
       (120, 'OP07-100'),
       (33, 'OP07-101'),
       (120, 'OP07-101'),
       (4, 'OP07-102'),
       (120, 'OP07-102'),
       (0, 'OP07-102'),
       (2, 'OP07-103'),
       (120, 'OP07-103'),
       (0, 'OP07-103'),
       (120, 'OP07-104'),
       (0, 'OP07-104'),
       (33, 'OP07-105'),
       (120, 'OP07-105'),
       (2, 'OP07-106'),
       (88, 'OP07-106'),
       (120, 'OP07-107'),
       (0, 'OP07-107'),
       (120, 'OP07-108'),
       (25, 'OP07-109'),
       (120, 'OP07-109'),
       (0, 'OP07-109'),
       (33, 'OP07-110'),
       (120, 'OP07-110'),
       (33, 'OP07-111'),
       (120, 'OP07-111'),
       (49, 'OP07-112'),
       (20, 'OP07-112'),
       (120, 'OP07-113'),
       (0, 'OP07-113'),
       (33, 'OP07-114'),
       (120, 'OP07-114'),
       (33, 'OP07-115'),
       (120, 'OP07-115'),
       (35, 'OP07-116'),
       (44, 'OP07-116'),
       (120, 'OP07-117'),
       (20, 'OP07-118'),
       (51, 'OP07-119')
ON CONFLICT DO NOTHING;

INSERT INTO UT_CARD_DESCRIPTION (CARD_ID, LANGUAGE_CODE, NAME, EFFECT)
VALUES ('OP07-001', 'en', 'Monkey.D.Dragon',
        '[Activate: Main] [Once Per Turn] Give up to 2 total of your currently given DON!! cards to 1 of your Characters.'),
       ('OP07-001', 'fr', 'Monkey.D.Dragon',
        '[Activate: Main] [Once Per Turn] Give up to 2 total of your currently given DON!! cards to 1 of your Characters.'),
       ('OP07-002', 'en', 'Ain',
        '[On Play] Set the power of up to 1 of your opponent''s Characters to 0 during this turn.'),
       ('OP07-002', 'fr', 'Ain',
        '[On Play] Set the power of up to 1 of your opponent''s Characters to 0 during this turn.'),
       ('OP07-003', 'en', 'Outlook III',
        '[Activate: Main] You may trash this Character: Give up to 2 of your opponent''s Characters −2000 power during this turn.'),
       ('OP07-003', 'fr', 'Outlook III',
        '[Activate: Main] You may trash this Character: Give up to 2 of your opponent''s Characters −2000 power during this turn.'),
       ('OP07-004', 'en', 'Curly.Dadan',
        '[On Play] You may trash 1 card from your hand: Look at 5 cards from the top of your deck; reveal up to 1 Character card with 2000 power or less and add it to your hand. Then, place the rest at the bottom of your deck in any order.'),
       ('OP07-004', 'fr', 'Curly.Dadan',
        '[On Play] You may trash 1 card from your hand: Look at 5 cards from the top of your deck; reveal up to 1 Character card with 2000 power or less and add it to your hand. Then, place the rest at the bottom of your deck in any order.'),
       ('OP07-005', 'en', 'Carina',
        '[Blocker] (After your opponent declares an attack, you may rest this card to make it the new target of the attack.) \n [On Play] Give up to 1 of your opponent''s Characters −2000 power during this turn.'),
       ('OP07-005', 'fr', 'Carina',
        '[Blocker] (After your opponent declares an attack, you may rest this card to make it the new target of the attack.) \n [On Play] Give up to 1 of your opponent''s Characters −2000 power during this turn.'),
       ('OP07-006', 'en', 'Sterry',
        '[On Play] You may give your 1 active Leader −5000 power during this turn: Draw 1 card and trash 1 card from your hand.'),
       ('OP07-006', 'fr', 'Sterry',
        '[On Play] You may give your 1 active Leader −5000 power during this turn: Draw 1 card and trash 1 card from your hand.'),
       ('OP07-007', 'en', 'Dice', NULL),
       ('OP07-007', 'fr', 'Dice', NULL),
       ('OP07-008', 'en', 'Mr. Tanaka',
        '[Blocker] (After your opponent declares an attack, you may rest this card to make it the new target of the attack.) \n [Trigger] Play this card.'),
       ('OP07-008', 'fr', 'Mr. Tanaka',
        '[Blocker] (After your opponent declares an attack, you may rest this card to make it the new target of the attack.) \n [Trigger] Play this card.'),
       ('OP07-009', 'en', 'Dogura & Magura',
        '[On Play] Up to 1 of your red Characters with a cost of 1 gains [Double Attack] during this turn. \n (This card deals 2 damage.)'),
       ('OP07-009', 'fr', 'Dogura & Magura',
        '[On Play] Up to 1 of your red Characters with a cost of 1 gains [Double Attack] during this turn. \n (This card deals 2 damage.)'),
       ('OP07-010', 'en', 'Baccarat',
        '[Blocker] (After your opponent declares an attack, you may rest this card to make it the new target of the attack.) \n [On Your Opponent''s Attack] [Once Per Turn] You may trash 1 card from your hand: Up to 1 of your Leader or Character cards gains +2000 power during this battle.'),
       ('OP07-010', 'fr', 'Baccarat',
        '[Blocker] (After your opponent declares an attack, you may rest this card to make it the new target of the attack.) \n [On Your Opponent''s Attack] [Once Per Turn] You may trash 1 card from your hand: Up to 1 of your Leader or Character cards gains +2000 power during this battle.'),
       ('OP07-011', 'en', 'Bluejam',
        '[DON!! x1] [When Attacking] K.O. up to 1 of your opponent''s Characters with 2000 power or less.'),
       ('OP07-011', 'fr', 'Bluejam',
        '[DON!! x1] [When Attacking] K.O. up to 1 of your opponent''s Characters with 2000 power or less.'),
       ('OP07-012', 'en', 'Porchemy',
        '[On Play] Give up to 1 of your opponent''s Characters −1000 power during this turn.'),
       ('OP07-012', 'fr', 'Porchemy',
        '[On Play] Give up to 1 of your opponent''s Characters −1000 power during this turn.'),
       ('OP07-013', 'en', 'Masked Deuce',
        '[On Play] If your Leader is [Portgas.D.Ace], look at 5 cards from the top of your deck; reveal up to 1 [Portgas.D.Ace] or red Event and add it to your hand. Then, place the rest at the bottom of your deck in any order.'),
       ('OP07-013', 'fr', 'Masked Deuce',
        '[On Play] If your Leader is [Portgas.D.Ace], look at 5 cards from the top of your deck; reveal up to 1 [Portgas.D.Ace] or red Event and add it to your hand. Then, place the rest at the bottom of your deck in any order.'),
       ('OP07-014', 'en', 'Moda',
        '[Your Turn] [On Play] Up to 1 of your [Portgas.D.Ace] cards gains +2000 power during this turn.'),
       ('OP07-014', 'fr', 'Moda',
        '[Your Turn] [On Play] Up to 1 of your [Portgas.D.Ace] cards gains +2000 power during this turn.'),
       ('OP07-015', 'en', 'Monkey.D.Dragon',
        '[Rush] (This card can attack on the turn in which it is played.) \n [On Play] Give up to 2 rested DON!! cards to your Leader or 1 of your Characters.'),
       ('OP07-015', 'fr', 'Monkey.D.Dragon',
        '[Rush] (This card can attack on the turn in which it is played.) \n [On Play] Give up to 2 rested DON!! cards to your Leader or 1 of your Characters.'),
       ('OP07-016', 'en', 'Galaxy Wink',
        '[Main] Up to 1 of your {Revolutionary Army} type Characters gains +2000 power during this turn. Then, give up to 1 of your opponent''s Characters −1000 power during this turn. \n [Trigger] Activate this card''s [Main] effect.'),
       ('OP07-016', 'fr', 'Galaxy Wink',
        '[Main] Up to 1 of your {Revolutionary Army} type Characters gains +2000 power during this turn. Then, give up to 1 of your opponent''s Characters −1000 power during this turn. \n [Trigger] Activate this card''s [Main] effect.'),
       ('OP07-017', 'en', 'Dragon Breath',
        '[Main] K.O. up to 1 of your opponent''s Characters with 3000 power or less and up to 1 of your opponent''s Stages with a cost of 1 or less. \n [Trigger] Activate this card''s [Main] effect.'),
       ('OP07-017', 'fr', 'Dragon Breath',
        '[Main] K.O. up to 1 of your opponent''s Characters with 3000 power or less and up to 1 of your opponent''s Stages with a cost of 1 or less. \n [Trigger] Activate this card''s [Main] effect.'),
       ('OP07-018', 'en', 'KEEP OUT',
        '[Counter] Up to 1 of your {Revolutionary Army} type Characters gains +2000 power until the end of your next turn. \n [Trigger] Activate this card''s [Counter] effect.'),
       ('OP07-018', 'fr', 'KEEP OUT',
        '[Counter] Up to 1 of your {Revolutionary Army} type Characters gains +2000 power until the end of your next turn. \n [Trigger] Activate this card''s [Counter] effect.'),
       ('OP07-019', 'en', 'Jewelry Bonney',
        '[On Your Opponent''s Attack] [Once Per Turn] ➀ (You may rest the specified number of DON!! cards in your cost area.): Rest up to 1 of your opponent''s Leader or Character cards.'),
       ('OP07-019', 'fr', 'Jewelry Bonney',
        '[On Your Opponent''s Attack] [Once Per Turn] ➀ (You may rest the specified number of DON!! cards in your cost area.): Rest up to 1 of your opponent''s Leader or Character cards.'),
       ('OP07-020', 'en', 'Aladine',
        '[Blocker] (After your opponent declares an attack, you may rest this card to make it the new target of the attack.) \n [On K.O.] If your Leader has the {Fish-Man} type, play up to 1 {Fish-Man} or {Merfolk} type Character card with a cost of 3 or less from your hand.'),
       ('OP07-020', 'fr', 'Aladine',
        '[Blocker] (After your opponent declares an attack, you may rest this card to make it the new target of the attack.) \n [On K.O.] If your Leader has the {Fish-Man} type, play up to 1 {Fish-Man} or {Merfolk} type Character card with a cost of 3 or less from your hand.'),
       ('OP07-021', 'en', 'Urouge',
        '[Blocker] (After your opponent declares an attack, you may rest this card to make it the new target of the attack.) \n [End of Your Turn] Set up to 1 of your DON!! cards as active.'),
       ('OP07-021', 'fr', 'Urouge',
        '[Blocker] (After your opponent declares an attack, you may rest this card to make it the new target of the attack.) \n [End of Your Turn] Set up to 1 of your DON!! cards as active.'),
       ('OP07-022', 'en', 'Otama',
        '[On Play] Look at 5 cards from the top of your deck; reveal up to 1 green {Land of Wano} type card other than [Otama] and add it to your hand. Then, place the rest at the bottom of your deck in any order.'),
       ('OP07-022', 'fr', 'Otama',
        '[On Play] Look at 5 cards from the top of your deck; reveal up to 1 green {Land of Wano} type card other than [Otama] and add it to your hand. Then, place the rest at the bottom of your deck in any order.'),
       ('OP07-023', 'en', 'Caribou',
        'If you have 6 or more rested DON!! cards, this Character gains +1000 power. \n [Blocker] (After your opponent declares an attack, you may rest this card to make it the new target of the attack.)'),
       ('OP07-023', 'fr', 'Caribou',
        'If you have 6 or more rested DON!! cards, this Character gains +1000 power. \n [Blocker] (After your opponent declares an attack, you may rest this card to make it the new target of the attack.)'),
       ('OP07-024', 'en', 'Koala',
        '[On Your Opponent''s Attack] You may rest this Character: Up to 1 of your {Fish-Man} type Characters with a cost of 5 or less gains [Blocker] during this turn. \n (After your opponent declares an attack, you may rest this card to make it the new target of the attack.)'),
       ('OP07-024', 'fr', 'Koala',
        '[On Your Opponent''s Attack] You may rest this Character: Up to 1 of your {Fish-Man} type Characters with a cost of 5 or less gains [Blocker] during this turn. \n (After your opponent declares an attack, you may rest this card to make it the new target of the attack.)'),
       ('OP07-025', 'en', 'Coribou',
        '[On Play] Play up to 1 [Caribou] with a cost of 4 or less from your hand rested.'),
       ('OP07-025', 'fr', 'Coribou',
        '[On Play] Play up to 1 [Caribou] with a cost of 4 or less from your hand rested.'),
       ('OP07-026', 'en', 'Jewelry Bonney',
        '[On Play] Up to 1 of your opponent''s rested Character or DON!! cards will not become active in your opponent''s next Refresh Phase.'),
       ('OP07-026', 'fr', 'Jewelry Bonney',
        '[On Play] Up to 1 of your opponent''s rested Character or DON!! cards will not become active in your opponent''s next Refresh Phase.'),
       ('OP07-027', 'en', 'Jinbe', NULL),
       ('OP07-027', 'fr', 'Jinbe', NULL),
       ('OP07-028', 'en', 'Scratchmen Apoo', NULL),
       ('OP07-028', 'fr', 'Scratchmen Apoo', NULL),
       ('OP07-029', 'en', 'Basil Hawkins',
        'If your Leader has the {Supernovas} type, this Character gains [Blocker]. \n (After your opponent declares an attack, you may rest this card to make it the new target of the attack.) \n [Once Per Turn] If this Character would be removed from the field by your opponent''s effect, you may rest 1 of your opponent''s Characters instead.'),
       ('OP07-029', 'fr', 'Basil Hawkins',
        'If your Leader has the {Supernovas} type, this Character gains [Blocker]. \n (After your opponent declares an attack, you may rest this card to make it the new target of the attack.) \n [Once Per Turn] If this Character would be removed from the field by your opponent''s effect, you may rest 1 of your opponent''s Characters instead.'),
       ('OP07-030', 'en', 'Pappag',
        'If you have a [Camie] Character, this Character gains [Blocker]. \n (After your opponent declares an attack, you may rest this card to make it the new target of the attack.)'),
       ('OP07-030', 'fr', 'Pappag',
        'If you have a [Camie] Character, this Character gains [Blocker]. \n (After your opponent declares an attack, you may rest this card to make it the new target of the attack.)'),
       ('OP07-031', 'en', 'Bartolomeo',
        '[Blocker] (After your opponent declares an attack, you may rest this card to make it the new target of the attack.) \n [Your Turn] [Once Per Turn] If a Character is rested by your effect, draw 1 card and trash 1 card from your hand.'),
       ('OP07-031', 'fr', 'Bartolomeo',
        '[Blocker] (After your opponent declares an attack, you may rest this card to make it the new target of the attack.) \n [Your Turn] [Once Per Turn] If a Character is rested by your effect, draw 1 card and trash 1 card from your hand.'),
       ('OP07-032', 'en', 'Fisher Tiger',
        'This Character can attack Characters on the turn in which it is played. \n [On Play] If your Leader has the {Fish-Man} or {Merfolk} type, rest up to 1 of your opponent''s Characters with a cost of 6 or less.'),
       ('OP07-032', 'fr', 'Fisher Tiger',
        'This Character can attack Characters on the turn in which it is played. \n [On Play] If your Leader has the {Fish-Man} or {Merfolk} type, rest up to 1 of your opponent''s Characters with a cost of 6 or less.'),
       ('OP07-033', 'en', 'Monkey.D.Luffy',
        'If you have 3 or more Characters, your Characters with a cost of 3 or less other than [Monkey.D.Luffy] cannot be K.O.''d by your opponent''s effects.'),
       ('OP07-033', 'fr', 'Monkey.D.Luffy',
        'If you have 3 or more Characters, your Characters with a cost of 3 or less other than [Monkey.D.Luffy] cannot be K.O.''d by your opponent''s effects.'),
       ('OP07-034', 'en', 'Roronoa Zoro',
        '[When Attacking] If you have 3 or more Characters, this Character gains +2000 power during this turn.'),
       ('OP07-034', 'fr', 'Roronoa Zoro',
        '[When Attacking] If you have 3 or more Characters, this Character gains +2000 power during this turn.'),
       ('OP07-035', 'en', 'Karmic Punishment',
        '[Counter] Up to 1 of your Leader or Character cards gains +2000 power during this battle. Then, if you have 3 or more Characters, that card gains an additional +1000 power during this battle. \n [Trigger] K.O. up to 1 of your opponent''s rested Characters with a cost of 4 or less.'),
       ('OP07-035', 'fr', 'Karmic Punishment',
        '[Counter] Up to 1 of your Leader or Character cards gains +2000 power during this battle. Then, if you have 3 or more Characters, that card gains an additional +1000 power during this battle. \n [Trigger] K.O. up to 1 of your opponent''s rested Characters with a cost of 4 or less.'),
       ('OP07-036', 'en', 'Demonic Aura Nine-Sword Style Asura Demon Nine Flash',
        '[Main] Up to 1 of your Leader or Character cards gains +3000 power during this turn. Then, you may rest 1 of your Characters with a cost of 3 or more. If you do, rest up to 1 of your opponent''s Characters with a cost of 5 or less. \n [Trigger] Rest up to 1 of your opponent''s Characters with a cost of 4 or less.'),
       ('OP07-036', 'fr', 'Demonic Aura Nine-Sword Style Asura Demon Nine Flash',
        '[Main] Up to 1 of your Leader or Character cards gains +3000 power during this turn. Then, you may rest 1 of your Characters with a cost of 3 or more. If you do, rest up to 1 of your opponent''s Characters with a cost of 5 or less. \n [Trigger] Rest up to 1 of your opponent''s Characters with a cost of 4 or less.'),
       ('OP07-037', 'en', 'More Pizza!!',
        '[Main] Look at 5 cards from the top of your deck; reveal up to 1 {Supernovas} type card other than [More Pizza!!] and add it to your hand. Then, place the rest at the bottom of your deck in any order. \n [Trigger] Draw 1 card.'),
       ('OP07-037', 'fr', 'More Pizza!!',
        '[Main] Look at 5 cards from the top of your deck; reveal up to 1 {Supernovas} type card other than [More Pizza!!] and add it to your hand. Then, place the rest at the bottom of your deck in any order. \n [Trigger] Draw 1 card.'),
       ('OP07-038', 'en', 'Boa Hancock',
        '[Your Turn] [Once Per Turn] This effect can be activated when a Character is removed from the field by your effect. If you have 5 or less cards in your hand, draw 1 card.'),
       ('OP07-038', 'fr', 'Boa Hancock',
        '[Your Turn] [Once Per Turn] This effect can be activated when a Character is removed from the field by your effect. If you have 5 or less cards in your hand, draw 1 card.'),
       ('OP07-039', 'en', 'Edward Weevil',
        '[DON!! x1] [When Attacking] Look at 3 cards from the top of your deck and place them at the top or bottom of the deck in any order.'),
       ('OP07-039', 'fr', 'Edward Weevil',
        '[DON!! x1] [When Attacking] Look at 3 cards from the top of your deck and place them at the top or bottom of the deck in any order.'),
       ('OP07-040', 'en', 'Crocodile',
        '[On Play] ① (You may rest the specified number of DON!! cards in your cost area.): Return up to 1 Character with a cost of 2 or less to the owner''s hand.'),
       ('OP07-040', 'fr', 'Crocodile',
        '[On Play] ① (You may rest the specified number of DON!! cards in your cost area.): Return up to 1 Character with a cost of 2 or less to the owner''s hand.'),
       ('OP07-041', 'en', 'Gloriosa (Grandma Nyon)',
        '[On Play] Look at 5 cards from the top of your deck; reveal up to 1 {Amazon Lily} or {Kuja Pirates} type card other than [Gloriosa (Grandma Nyon)] and add it to your hand. Then, place the rest at the bottom of your deck in any order.'),
       ('OP07-041', 'fr', 'Gloriosa (Grandma Nyon)',
        '[On Play] Look at 5 cards from the top of your deck; reveal up to 1 {Amazon Lily} or {Kuja Pirates} type card other than [Gloriosa (Grandma Nyon)] and add it to your hand. Then, place the rest at the bottom of your deck in any order.'),
       ('OP07-042', 'en', 'Gecko Moria',
        '[Once Per Turn] If your Leader has the {The Seven Warlords of the Sea} type and this Character would be removed from the field by your opponent''s effect, you may place 1 of your Characters other than [Gecko Moria] at the bottom of the owner''s deck instead.'),
       ('OP07-042', 'fr', 'Gecko Moria',
        '[Once Per Turn] If your Leader has the {The Seven Warlords of the Sea} type and this Character would be removed from the field by your opponent''s effect, you may place 1 of your Characters other than [Gecko Moria] at the bottom of the owner''s deck instead.'),
       ('OP07-043', 'en', 'Salome',
        '[Your Turn] [On Play] Up to 1 of your [Boa Hancock] cards gains +2000 power during this turn.'),
       ('OP07-043', 'fr', 'Salome',
        '[Your Turn] [On Play] Up to 1 of your [Boa Hancock] cards gains +2000 power during this turn.'),
       ('OP07-044', 'en', 'Dracule Mihawk', '[On Play] Draw 1 card.'),
       ('OP07-044', 'fr', 'Dracule Mihawk', '[On Play] Draw 1 card.'),
       ('OP07-045', 'en', 'Jinbe',
        '[On Play] Play up to 1 {The Seven Warlords of the Sea} type Character card with a cost of 4 or less other than [Jinbe] from your hand.'),
       ('OP07-045', 'fr', 'Jinbe',
        '[On Play] Play up to 1 {The Seven Warlords of the Sea} type Character card with a cost of 4 or less other than [Jinbe] from your hand.'),
       ('OP07-046', 'en', 'Sengoku',
        '[On Play] Look at 5 cards from the top of your deck; reveal up to 1 {The Seven Warlords of the Sea} type card and add it to your hand. Then, place the rest at the bottom of your deck in any order.'),
       ('OP07-046', 'fr', 'Sengoku',
        '[On Play] Look at 5 cards from the top of your deck; reveal up to 1 {The Seven Warlords of the Sea} type card and add it to your hand. Then, place the rest at the bottom of your deck in any order.'),
       ('OP07-047', 'en', 'Trafalgar Law',
        '[Activate: Main] You may return this Character to the owner''s hand: If your opponent has 6 or more cards in their hand, your opponent places 1 card from their hand at the bottom of their deck.'),
       ('OP07-047', 'fr', 'Trafalgar Law',
        '[Activate: Main] You may return this Character to the owner''s hand: If your opponent has 6 or more cards in their hand, your opponent places 1 card from their hand at the bottom of their deck.'),
       ('OP07-048', 'en', 'Donquixote Doflamingo',
        '[Activate: Main] [Once Per Turn] ➁ (You may rest the specified number of DON!! cards in your cost area.): Reveal 1 card from the top of your deck. If that card is a {The Seven Warlords of the Sea} type Character card with a cost of 4 or less, you may play that card rested. Then, place the rest at the bottom of your deck.'),
       ('OP07-048', 'fr', 'Donquixote Doflamingo',
        '[Activate: Main] [Once Per Turn] ➁ (You may rest the specified number of DON!! cards in your cost area.): Reveal 1 card from the top of your deck. If that card is a {The Seven Warlords of the Sea} type Character card with a cost of 4 or less, you may play that card rested. Then, place the rest at the bottom of your deck.'),
       ('OP07-049', 'en', 'Buckin',
        '[On Play] Play up to 1 [Edward Weevil] with a cost of 4 or less from your hand rested.'),
       ('OP07-049', 'fr', 'Buckin',
        '[On Play] Play up to 1 [Edward Weevil] with a cost of 4 or less from your hand rested.'),
       ('OP07-050', 'en', 'Boa Sandersonia',
        '[On Play] If you have 2 or more {Amazon Lily} or {Kuja Pirates} type Characters on your field, return up to 1 of your opponent''s Characters with a cost of 3 or less to the owner''s hand.'),
       ('OP07-050', 'fr', 'Boa Sandersonia',
        '[On Play] If you have 2 or more {Amazon Lily} or {Kuja Pirates} type Characters on your field, return up to 1 of your opponent''s Characters with a cost of 3 or less to the owner''s hand.'),
       ('OP07-051', 'en', 'Boa Hancock',
        '[On Play] Up to 1 of your opponent''s Characters other than [Monkey.D.Luffy] cannot attack until the end of your opponent''s next turn. Then, place up to 1 Character with a cost of 1 or less at the bottom of the owner''s deck.'),
       ('OP07-051', 'fr', 'Boa Hancock',
        '[On Play] Up to 1 of your opponent''s Characters other than [Monkey.D.Luffy] cannot attack until the end of your opponent''s next turn. Then, place up to 1 Character with a cost of 1 or less at the bottom of the owner''s deck.'),
       ('OP07-052', 'en', 'Boa Marigold',
        '[On Play] If you have 2 or more {Amazon Lily} or {Kuja Pirates} type Characters on your field, place up to 1 Character with a cost of 2 or less at the bottom of the owner''s deck.'),
       ('OP07-052', 'fr', 'Boa Marigold',
        '[On Play] If you have 2 or more {Amazon Lily} or {Kuja Pirates} type Characters on your field, place up to 1 Character with a cost of 2 or less at the bottom of the owner''s deck.'),
       ('OP07-053', 'en', 'Portgas.D.Ace',
        '[Blocker] (After your opponent declares an attack, you may rest this card to make it the new target of the attack.) \n [On Play] Draw 2 cards and place 2 cards from your hand at the top or bottom of your deck in any order.'),
       ('OP07-053', 'fr', 'Portgas.D.Ace',
        '[Blocker] (After your opponent declares an attack, you may rest this card to make it the new target of the attack.) \n [On Play] Draw 2 cards and place 2 cards from your hand at the top or bottom of your deck in any order.'),
       ('OP07-054', 'en', 'Marguerite',
        '[Blocker] (After your opponent declares an attack, you may rest this card to make it the new target of the attack.) \n [On Play] Draw 1 card.'),
       ('OP07-054', 'fr', 'Marguerite',
        '[Blocker] (After your opponent declares an attack, you may rest this card to make it the new target of the attack.) \n [On Play] Draw 1 card.'),
       ('OP07-055', 'en', 'Snake Dance',
        '[Counter] Up to 1 of your Leader or Character cards gains +4000 power during this battle. Then, return up to 1 of your Characters to the owner''s hand. \n [Trigger] You may return 1 of your Characters to the owner''s hand: Return up to 1 of your opponent''s Characters with a cost of 5 or less to the owner''s hand.'),
       ('OP07-055', 'fr', 'Snake Dance',
        '[Counter] Up to 1 of your Leader or Character cards gains +4000 power during this battle. Then, return up to 1 of your Characters to the owner''s hand. \n [Trigger] You may return 1 of your Characters to the owner''s hand: Return up to 1 of your opponent''s Characters with a cost of 5 or less to the owner''s hand.'),
       ('OP07-056', 'en', 'Slave Arrow',
        '[Counter] You may return 1 of your Characters with a cost of 2 or more to the owner''s hand: Up to 1 of your Leader or Character cards gains +4000 power during this battle. \n [Trigger] Draw 2 cards and place 2 cards from your hand at the bottom of your deck in any order.'),
       ('OP07-056', 'fr', 'Slave Arrow',
        '[Counter] You may return 1 of your Characters with a cost of 2 or more to the owner''s hand: Up to 1 of your Leader or Character cards gains +4000 power during this battle. \n [Trigger] Draw 2 cards and place 2 cards from your hand at the bottom of your deck in any order.'),
       ('OP07-057', 'en', 'Perfume Femur',
        '[Main] Select up to 1 of your {The Seven Warlords of the Sea} type Leader or Character cards and that card gains +2000 power during this turn. Then, if the selected card attacks during this turn, your opponent cannot activate [Blocker]. \n [Trigger] Draw 1 card.'),
       ('OP07-057', 'fr', 'Perfume Femur',
        '[Main] Select up to 1 of your {The Seven Warlords of the Sea} type Leader or Character cards and that card gains +2000 power during this turn. Then, if the selected card attacks during this turn, your opponent cannot activate [Blocker]. \n [Trigger] Draw 1 card.'),
       ('OP07-058', 'en', 'Island of Women',
        '[Activate: Main] You may trash 1 card from your hand and rest this Stage: If your Leader has the {Kuja Pirates} type, return up to 1 of your {Amazon Lily} or {Kuja Pirates} type Characters to the owner''s hand.'),
       ('OP07-058', 'fr', 'Island of Women',
        '[Activate: Main] You may trash 1 card from your hand and rest this Stage: If your Leader has the {Kuja Pirates} type, return up to 1 of your {Amazon Lily} or {Kuja Pirates} type Characters to the owner''s hand.'),
       ('OP07-059', 'en', 'Foxy',
        '[When Attacking] DON!! −3 (You may return the specified number of DON!! cards from your field to your DON!! deck.): If you have 3 or more {Foxy Pirates} type Characters, select your opponent''s rested Leader and up to 1 Character card. The selected cards will not become active in your opponent''s next Refresh Phase.'),
       ('OP07-059', 'fr', 'Foxy',
        '[When Attacking] DON!! −3 (You may return the specified number of DON!! cards from your field to your DON!! deck.): If you have 3 or more {Foxy Pirates} type Characters, select your opponent''s rested Leader and up to 1 Character card. The selected cards will not become active in your opponent''s next Refresh Phase.'),
       ('OP07-060', 'en', 'Itomimizu',
        '[Activate: Main] [Once Per Turn] If your Leader has the {Foxy Pirates} type and you have no other [Itomimizu], add up to 1 DON!! card from your DON!! deck and rest it.'),
       ('OP07-060', 'fr', 'Itomimizu',
        '[Activate: Main] [Once Per Turn] If your Leader has the {Foxy Pirates} type and you have no other [Itomimizu], add up to 1 DON!! card from your DON!! deck and rest it.'),
       ('OP07-061', 'en', 'Vinsmoke Sanji',
        '[On Play] DON!! −1 (You may return the specified number of DON!! cards from your field to your DON!! deck.): If your Leader has the {The Vinsmoke Family} type, draw 1 card.'),
       ('OP07-061', 'fr', 'Vinsmoke Sanji',
        '[On Play] DON!! −1 (You may return the specified number of DON!! cards from your field to your DON!! deck.): If your Leader has the {The Vinsmoke Family} type, draw 1 card.'),
       ('OP07-062', 'en', 'Vinsmoke Reiju',
        '[On Play] If the number of DON!! cards on your field is equal to or less than the number on your opponent''s field, return up to 1 of your {The Vinsmoke Family} type Characters with a cost of 1 to the owner''s hand.'),
       ('OP07-062', 'fr', 'Vinsmoke Reiju',
        '[On Play] If the number of DON!! cards on your field is equal to or less than the number on your opponent''s field, return up to 1 of your {The Vinsmoke Family} type Characters with a cost of 1 to the owner''s hand.'),
       ('OP07-063', 'en', 'Capote',
        '[On Play] DON!! −1 (You may return the specified number of DON!! cards from your field to your DON!! deck.): If your Leader has the {Foxy Pirates} type, up to 1 of your opponent''s Characters with a cost of 6 or less cannot attack until the end of your opponent''s next turn.'),
       ('OP07-063', 'fr', 'Capote',
        '[On Play] DON!! −1 (You may return the specified number of DON!! cards from your field to your DON!! deck.): If your Leader has the {Foxy Pirates} type, up to 1 of your opponent''s Characters with a cost of 6 or less cannot attack until the end of your opponent''s next turn.'),
       ('OP07-064', 'en', 'Sanji',
        'If the number of DON!! cards on your field is at least 2 less than the number on your opponent''s field, give this card in your hand −3 cost. \n [Blocker] (After your opponent declares an attack, you may rest this card to make it the new target of the attack.)'),
       ('OP07-064', 'fr', 'Sanji',
        'If the number of DON!! cards on your field is at least 2 less than the number on your opponent''s field, give this card in your hand −3 cost. \n [Blocker] (After your opponent declares an attack, you may rest this card to make it the new target of the attack.)'),
       ('OP07-065', 'en', 'Gina',
        '[On Play] If your Leader has the {Foxy Pirates} type and the number of DON!! cards on your field is equal to or less than the number on your opponent''s field, add up to 1 DON!! card from your DON!! deck and set it as active.'),
       ('OP07-065', 'fr', 'Gina',
        '[On Play] If your Leader has the {Foxy Pirates} type and the number of DON!! cards on your field is equal to or less than the number on your opponent''s field, add up to 1 DON!! card from your DON!! deck and set it as active.'),
       ('OP07-066', 'en', 'Tony Tony.Chopper',
        '[Blocker] (After your opponent declares an attack, you may rest this card to make it the new target of the attack.) \n [On Play] If the number of DON!! cards on your field is equal to or less than the number on your opponent''s field, add up to 1 DON!! card from your DON!! deck and rest it.'),
       ('OP07-066', 'fr', 'Tony Tony.Chopper',
        '[Blocker] (After your opponent declares an attack, you may rest this card to make it the new target of the attack.) \n [On Play] If the number of DON!! cards on your field is equal to or less than the number on your opponent''s field, add up to 1 DON!! card from your DON!! deck and rest it.'),
       ('OP07-067', 'en', 'Tonjit', NULL),
       ('OP07-067', 'fr', 'Tonjit', NULL),
       ('OP07-068', 'en', 'Hamburg',
        '[DON!! x1] [When Attacking] If the number of DON!! cards on your field is equal to or less than the number on your opponent''s field, add up to 1 DON!! card from your DON!! deck and rest it.'),
       ('OP07-068', 'fr', 'Hamburg',
        '[DON!! x1] [When Attacking] If the number of DON!! cards on your field is equal to or less than the number on your opponent''s field, add up to 1 DON!! card from your DON!! deck and rest it.'),
       ('OP07-069', 'en', 'Pickles',
        'If the number of DON!! cards on your field is equal to or less than the number on your opponent''s field, your {Foxy Pirates} type Characters other than [Pickles] cannot be K.O.''d by your opponent''s effects.'),
       ('OP07-069', 'fr', 'Pickles',
        'If the number of DON!! cards on your field is equal to or less than the number on your opponent''s field, your {Foxy Pirates} type Characters other than [Pickles] cannot be K.O.''d by your opponent''s effects.'),
       ('OP07-070', 'en', 'Big Bun',
        '[On Play] If the number of DON!! cards on your field is equal to or less than the number on your opponent''s field, play up to 1 {Foxy Pirates} type card with a cost of 4 or less from your hand.'),
       ('OP07-070', 'fr', 'Big Bun',
        '[On Play] If the number of DON!! cards on your field is equal to or less than the number on your opponent''s field, play up to 1 {Foxy Pirates} type card with a cost of 4 or less from your hand.'),
       ('OP07-071', 'en', 'Foxy',
        '[Opponent''s Turn] If your Leader has the {Foxy Pirates} type, give all of your opponent''s Characters −1000 power. \n [Activate: Main] [Once Per Turn] Add up to 1 DON!! card from your DON!! deck and rest it.'),
       ('OP07-071', 'fr', 'Foxy',
        '[Opponent''s Turn] If your Leader has the {Foxy Pirates} type, give all of your opponent''s Characters −1000 power. \n [Activate: Main] [Once Per Turn] Add up to 1 DON!! card from your DON!! deck and rest it.'),
       ('OP07-072', 'en', 'Porche',
        '[On Play] DON!! −1 (You may return the specified number of DON!! cards from your field to your DON!! deck.): Look at 5 cards from the top of your deck; reveal up to 1 {Foxy Pirates} type card and add it to your hand. Then, place the rest at the bottom of your deck in any order and play up to 1 purple Character card with 4000 power or less from your hand.'),
       ('OP07-072', 'fr', 'Porche',
        '[On Play] DON!! −1 (You may return the specified number of DON!! cards from your field to your DON!! deck.): Look at 5 cards from the top of your deck; reveal up to 1 {Foxy Pirates} type card and add it to your hand. Then, place the rest at the bottom of your deck in any order and play up to 1 purple Character card with 4000 power or less from your hand.'),
       ('OP07-073', 'en', 'Monkey.D.Luffy',
        '[Activate: Main] [Once Per Turn] DON!! −3 (You may return the specified number of DON!! cards from your field to your DON!! deck.): If your opponent has 3 or more Characters, set this Character as active.'),
       ('OP07-073', 'fr', 'Monkey.D.Luffy',
        '[Activate: Main] [Once Per Turn] DON!! −3 (You may return the specified number of DON!! cards from your field to your DON!! deck.): If your opponent has 3 or more Characters, set this Character as active.'),
       ('OP07-074', 'en', 'Monda',
        '[Activate: Main] You may trash this Character: If your Leader has the {Foxy Pirates} type, add up to 1 DON!! card from your DON!! deck and rest it.'),
       ('OP07-074', 'fr', 'Monda',
        '[Activate: Main] You may trash this Character: If your Leader has the {Foxy Pirates} type, add up to 1 DON!! card from your DON!! deck and rest it.'),
       ('OP07-075', 'en', 'Slow-Slow Beam',
        '[Counter] DON!! −1 (You may return the specified number of DON!! cards from your field to your DON!! deck.): Give up to 1 each of your opponent''s Leader and Character cards −2000 power during this turn.'),
       ('OP07-075', 'fr', 'Slow-Slow Beam',
        '[Counter] DON!! −1 (You may return the specified number of DON!! cards from your field to your DON!! deck.): Give up to 1 each of your opponent''s Leader and Character cards −2000 power during this turn.'),
       ('OP07-076', 'en', 'Slow-Slow Beam Sword',
        '[Counter] DON!! −1 (You may return the specified number of DON!! cards from your field to your DON!! deck.): Up to 1 of your Leader or Character cards gains +2000 power during this battle. Then, rest up to 1 of your opponent''s Characters. \n [Trigger] Add up to 1 DON!! card from your DON!! deck and set it as active.'),
       ('OP07-076', 'fr', 'Slow-Slow Beam Sword',
        '[Counter] DON!! −1 (You may return the specified number of DON!! cards from your field to your DON!! deck.): Up to 1 of your Leader or Character cards gains +2000 power during this battle. Then, rest up to 1 of your opponent''s Characters. \n [Trigger] Add up to 1 DON!! card from your DON!! deck and set it as active.'),
       ('OP07-077', 'en',
        'We''re Going TO Claim the One Piece!!!', '[MAIN] IF your Leader has the {Animal Kingdom Pirates} OR {Big Mom Pirates} TYPE,
        LOOK AT 5 cards FROM the top OF your deck;
reveal up TO 1 {Animal Kingdom Pirates} OR {Big Mom Pirates} TYPE card AND ADD it TO your hand. Then, place the rest AT the bottom OF your deck IN ANY ORDER. \n [Trigger] Activate this card''s [Main] effect.'),
       ('OP07-077', 'fr', 'We''re Going to Claim the One Piece!!!',
        '[Main] If your Leader has the {Animal Kingdom Pirates} or {Big Mom Pirates} type, look at 5 cards from the top of your deck; reveal up to 1 {Animal Kingdom Pirates} or {Big Mom Pirates} type card and add it to your hand. Then, place the rest at the bottom of your deck in any order. \n [Trigger] Activate this card''s [Main] effect.'),
       ('OP07-078', 'en', 'Megaton Nine-Tails Rush',
        '[Main] If the number of DON!! cards on your field is equal to or less than the number on your opponent''s field, set up to 1 of your [Foxy] cards as active. \n [Trigger] Add up to 1 DON!! card from your DON!! deck and set it as active.'),
       ('OP07-078', 'fr', 'Megaton Nine-Tails Rush',
        '[Main] If the number of DON!! cards on your field is equal to or less than the number on your opponent''s field, set up to 1 of your [Foxy] cards as active. \n [Trigger] Add up to 1 DON!! card from your DON!! deck and set it as active.'),
       ('OP07-079', 'en', 'Rob Lucci',
        '[When Attacking] You may trash 2 cards from the top of your deck: Give up to 1 of your opponent''s Characters −1 cost during this turn.'),
       ('OP07-079', 'fr', 'Rob Lucci',
        '[When Attacking] You may trash 2 cards from the top of your deck: Give up to 1 of your opponent''s Characters −1 cost during this turn.'),
       ('OP07-080', 'en', 'Kaku',
        '[On Play] You may place 2 cards with a type including "CP" from your trash at the bottom of your deck in any order: Give up to 1 of your opponent''s Characters −3 cost during this turn.'),
       ('OP07-080', 'fr', 'Kaku',
        '[On Play] You may place 2 cards with a type including "CP" from your trash at the bottom of your deck in any order: Give up to 1 of your opponent''s Characters −3 cost during this turn.'),
       ('OP07-081', 'en', 'Kalifa', '[DON!! x1] [Your Turn] Give all of your opponent''s Characters −1 cost.'),
       ('OP07-081', 'fr', 'Kalifa', '[DON!! x1] [Your Turn] Give all of your opponent''s Characters −1 cost.'),
       ('OP07-082', 'en', 'Captain John',
        '[On Play] Trash 2 cards from the top of your deck and give up to 1 of your opponent''s Characters −1 cost during this turn.'),
       ('OP07-082', 'fr', 'Captain John',
        '[On Play] Trash 2 cards from the top of your deck and give up to 1 of your opponent''s Characters −1 cost during this turn.'),
       ('OP07-083', 'en', 'Gecko Moria',
        '[Activate: Main] You may place 4 {Thriller Bark Pirates} type cards from your trash at the bottom of your deck in any order: This Character gains [Banish] and +1000 power during this turn. \n (When this card deals damage, the target card is trashed without activating its Trigger.)'),
       ('OP07-083', 'fr', 'Gecko Moria',
        '[Activate: Main] You may place 4 {Thriller Bark Pirates} type cards from your trash at the bottom of your deck in any order: This Character gains [Banish] and +1000 power during this turn. \n (When this card deals damage, the target card is trashed without activating its Trigger.)'),
       ('OP07-084', 'en', 'Gismonda',
        '[Blocker] (After your opponent declares an attack, you may rest this card to make it the new target of the attack.)'),
       ('OP07-084', 'fr', 'Gismonda',
        '[Blocker] (After your opponent declares an attack, you may rest this card to make it the new target of the attack.)'),
       ('OP07-085', 'en', 'Stussy',
        '[On Play] You may trash 1 of your Characters: K.O. up to 1 of your opponent''s Characters.'),
       ('OP07-085', 'fr', 'Stussy',
        '[On Play] You may trash 1 of your Characters: K.O. up to 1 of your opponent''s Characters.'),
       ('OP07-086', 'en', 'Spandam',
        '[On Play] Trash 2 cards from the top of your deck and give up to 1 of your opponent''s Characters −2 cost during this turn.'),
       ('OP07-086', 'fr', 'Spandam',
        '[On Play] Trash 2 cards from the top of your deck and give up to 1 of your opponent''s Characters −2 cost during this turn.'),
       ('OP07-087', 'en', 'Baskerville',
        '[Your Turn] If your opponent has a Character with a cost of 0, this Character gains +3000 power.'),
       ('OP07-087', 'fr', 'Baskerville',
        '[Your Turn] If your opponent has a Character with a cost of 0, this Character gains +3000 power.'),
       ('OP07-088', 'en', 'Hattori',
        '[Your Turn] [On Play] Up to 1 of your [Rob Lucci] cards gains +2000 power during this turn.'),
       ('OP07-088', 'fr', 'Hattori',
        '[Your Turn] [On Play] Up to 1 of your [Rob Lucci] cards gains +2000 power during this turn.'),
       ('OP07-089', 'en', 'Maha', NULL),
       ('OP07-089', 'fr', 'Maha', NULL),
       ('OP07-090', 'en', 'Morgans',
        '[On Play] Your opponent trashes 1 card from their hand and reveals their hand. Then, your opponent draws 1 card.'),
       ('OP07-090', 'fr', 'Morgans',
        '[On Play] Your opponent trashes 1 card from their hand and reveals their hand. Then, your opponent draws 1 card.'),
       ('OP07-091', 'en', 'Monkey.D.Luffy',
        '[When Attacking] Trash up to 1 of your opponent''s Characters with a cost of 2 or less. Then, place any number of Character cards with a cost of 4 or more from your trash at the bottom of your deck in any order. This Character gains +1000 power during this turn for every 3 cards placed at the bottom of your deck.'),
       ('OP07-091', 'fr', 'Monkey.D.Luffy',
        '[When Attacking] Trash up to 1 of your opponent''s Characters with a cost of 2 or less. Then, place any number of Character cards with a cost of 4 or more from your trash at the bottom of your deck in any order. This Character gains +1000 power during this turn for every 3 cards placed at the bottom of your deck.'),
       ('OP07-092', 'en', 'Joseph',
        '[On Play] You may place 2 cards with a type including "CP" from your trash at the bottom of your deck in any order: K.O. up to 1 of your opponent''s Characters with a cost of 1 or less.'),
       ('OP07-092', 'fr', 'Joseph',
        '[On Play] You may place 2 cards with a type including "CP" from your trash at the bottom of your deck in any order: K.O. up to 1 of your opponent''s Characters with a cost of 1 or less.'),
       ('OP07-093', 'en', 'Rob Lucci',
        '[On Play] You may place 3 cards from your trash at the bottom of your deck in any order: Your opponent trashes 1 card from their hand. Then, you may place up to 1 card from your opponent''s trash at the bottom of their deck.'),
       ('OP07-093', 'fr', 'Rob Lucci',
        '[On Play] You may place 3 cards from your trash at the bottom of your deck in any order: Your opponent trashes 1 card from their hand. Then, you may place up to 1 card from your opponent''s trash at the bottom of their deck.'),
       ('OP07-094', 'en', 'Shave',
        '[Counter] Up to 1 of your Leader or Character cards gains +2000 power during this battle. Then, if you have 10 or more cards in your trash, return up to 1 of your Characters with a type including "CP" to the owner''s hand. \n [Trigger] Return up to 1 of your Characters to the owner''s hand.'),
       ('OP07-094', 'fr', 'Shave',
        '[Counter] Up to 1 of your Leader or Character cards gains +2000 power during this battle. Then, if you have 10 or more cards in your trash, return up to 1 of your Characters with a type including "CP" to the owner''s hand. \n [Trigger] Return up to 1 of your Characters to the owner''s hand.'),
       ('OP07-095', 'en', 'Iron Body',
        '[Counter] Up to 1 of your Leader or Character cards gains +4000 power during this battle. Then, if you have 10 or more cards in your trash, that card gains an additional +2000 power during this battle. \n [Trigger] Up to 1 of your Leader or Character cards gains +1000 power during this turn.'),
       ('OP07-095', 'fr', 'Iron Body',
        '[Counter] Up to 1 of your Leader or Character cards gains +4000 power during this battle. Then, if you have 10 or more cards in your trash, that card gains an additional +2000 power during this battle. \n [Trigger] Up to 1 of your Leader or Character cards gains +1000 power during this turn.'),
       ('OP07-096', 'en', 'Tempest Kick',
        '[Main] Draw 1 card. Then, if you have 10 or more cards in your trash, give up to 1 of your opponent''s Characters −3 cost during this turn. \n [Trigger] K.O. up to 1 of your opponent''s Characters with a cost of 3 or less.'),
       ('OP07-096', 'fr', 'Tempest Kick',
        '[Main] Draw 1 card. Then, if you have 10 or more cards in your trash, give up to 1 of your opponent''s Characters −3 cost during this turn. \n [Trigger] K.O. up to 1 of your opponent''s Characters with a cost of 3 or less.'),
       ('OP07-097', 'en', 'Vegapunk',
        'This Leader cannot attack. \n [Activate: Main] [Once Per Turn] ① (You may rest the specified number of DON!! cards in your cost area.): Select up to 1 {Egghead} type card with a cost of 5 or less from your hand and play it or add it to the top of your Life cards face-up.'),
       ('OP07-097', 'fr', 'Vegapunk',
        'This Leader cannot attack. \n [Activate: Main] [Once Per Turn] ① (You may rest the specified number of DON!! cards in your cost area.): Select up to 1 {Egghead} type card with a cost of 5 or less from your hand and play it or add it to the top of your Life cards face-up.'),
       ('OP07-098', 'en', 'Atlas',
        'If you have less Life cards than your opponent, this Character cannot be K.O.''d in battle. \n [Trigger] If your Leader is [Vegapunk], play this card.'),
       ('OP07-098', 'fr', 'Atlas',
        'If you have less Life cards than your opponent, this Character cannot be K.O.''d in battle. \n [Trigger] If your Leader is [Vegapunk], play this card.'),
       ('OP07-099', 'en', 'Usopp',
        '[Trigger] Up to 1 of your {Egghead} type Leader or Character cards gains +2000 power until the end of your next turn.'),
       ('OP07-099', 'fr', 'Usopp',
        '[Trigger] Up to 1 of your {Egghead} type Leader or Character cards gains +2000 power until the end of your next turn.'),
       ('OP07-100', 'en', 'Edison',
        '[On Play] If you have 2 or less Life cards, draw 2 cards and trash 2 card from your hand. \n [Trigger] If your Leader is [Vegapunk], play this card.'),
       ('OP07-100', 'fr', 'Edison',
        '[On Play] If you have 2 or less Life cards, draw 2 cards and trash 2 card from your hand. \n [Trigger] If your Leader is [Vegapunk], play this card.'),
       ('OP07-101', 'en', 'Shaka',
        '[Blocker] (After your opponent declares an attack, you may rest this card to make it the new target of the attack.) \n [Trigger] If your Leader is [Vegapunk], play this card.'),
       ('OP07-101', 'fr', 'Shaka',
        '[Blocker] (After your opponent declares an attack, you may rest this card to make it the new target of the attack.) \n [Trigger] If your Leader is [Vegapunk], play this card.'),
       ('OP07-102', 'en', 'Jinbe',
        '[Trigger] Return up to 1 of your opponent''s Characters with a cost of 4 or less to the owner''s hand and add this card to your hand.'),
       ('OP07-102', 'fr', 'Jinbe',
        '[Trigger] Return up to 1 of your opponent''s Characters with a cost of 4 or less to the owner''s hand and add this card to your hand.'),
       ('OP07-103', 'en', 'Tony Tony.Chopper',
        '[Trigger] Up to 1 of your {Egghead} type Characters gains [Blocker] during this turn. Then, add this card to your hand.'),
       ('OP07-103', 'fr', 'Tony Tony.Chopper',
        '[Trigger] Up to 1 of your {Egghead} type Characters gains [Blocker] during this turn. Then, add this card to your hand.'),
       ('OP07-104', 'en', 'Nico Robin', '[Trigger] If your Leader has the {Egghead} type, draw 2 cards.'),
       ('OP07-104', 'fr', 'Nico Robin', '[Trigger] If your Leader has the {Egghead} type, draw 2 cards.'),
       ('OP07-105', 'en', 'Pythagoras',
        '[On K.O.] If you have 2 or less Life cards, play up to 1 {Egghead} type Character card with a cost of 4 or less from your trash rested. \n [Trigger] If your Leader is [Vegapunk], play this card.'),
       ('OP07-105', 'fr', 'Pythagoras',
        '[On K.O.] If you have 2 or less Life cards, play up to 1 {Egghead} type Character card with a cost of 4 or less from your trash rested. \n [Trigger] If your Leader is [Vegapunk], play this card.'),
       ('OP07-106', 'en', 'Fuza',
        '[DON!! x1] [When Attacking] If you have 1 or less Life cards, K.O. up to 1 of your opponent''s Characters with a cost of 3 or less.'),
       ('OP07-106', 'fr', 'Fuza',
        '[DON!! x1] [When Attacking] If you have 1 or less Life cards, K.O. up to 1 of your opponent''s Characters with a cost of 3 or less.'),
       ('OP07-107', 'en', 'Franky', '[Trigger] Draw 1 card. Then, if you have 1 or less Life cards, play this card.'),
       ('OP07-107', 'fr', 'Franky', '[Trigger] Draw 1 card. Then, if you have 1 or less Life cards, play this card.'),
       ('OP07-108', 'en', 'Vega Force 01', NULL),
       ('OP07-108', 'fr', 'Vega Force 01', NULL),
       ('OP07-109', 'en', 'Monkey.D.Luffy',
        '[Activate: Main] You may trash this Character: If you have 2 or less Life cards, K.O. up to 1 of your opponent''s Characters with a cost of 4 or less. Then, draw 1 card. \n [Trigger] K.O. up to 1 of your opponent''s Characters with a cost of 4 or less.'),
       ('OP07-109', 'fr', 'Monkey.D.Luffy',
        '[Activate: Main] You may trash this Character: If you have 2 or less Life cards, K.O. up to 1 of your opponent''s Characters with a cost of 4 or less. Then, draw 1 card. \n [Trigger] K.O. up to 1 of your opponent''s Characters with a cost of 4 or less.'),
       ('OP07-110', 'en', 'York',
        '[On Play] You may add 1 card from the top or bottom of your Life cards to your hand: K.O. up to 1 of your opponent''s Characters with a cost of 2 or less. \n [Trigger] If your Leader is [Vegapunk], play this card.'),
       ('OP07-110', 'fr', 'York',
        '[On Play] You may add 1 card from the top or bottom of your Life cards to your hand: K.O. up to 1 of your opponent''s Characters with a cost of 2 or less. \n [Trigger] If your Leader is [Vegapunk], play this card.'),
       ('OP07-111', 'en', 'Lilith',
        '[On Play] Look at 5 cards from the top of your deck; reveal up to 1 {Egghead} type card other than [Lilith] and add it to your hand. Then, place the rest at the bottom of your deck in any order. \n [Trigger] If your Leader is [Vegapunk], play this card.'),
       ('OP07-111', 'fr', 'Lilith',
        '[On Play] Look at 5 cards from the top of your deck; reveal up to 1 {Egghead} type card other than [Lilith] and add it to your hand. Then, place the rest at the bottom of your deck in any order. \n [Trigger] If your Leader is [Vegapunk], play this card.'),
       ('OP07-112', 'en', 'Lucy',
        '[When Attacking] [Once Per Turn] You may add 1 card from the top or bottom of your Life cards to your hand: You may rest up to 1 of your opponent''s Characters with a cost of 4 or less. Then, if you have 1 or less Life cards, add up to 1 card from the top of your deck to the top of your Life cards.'),
       ('OP07-112', 'fr', 'Lucy',
        '[When Attacking] [Once Per Turn] You may add 1 card from the top or bottom of your Life cards to your hand: You may rest up to 1 of your opponent''s Characters with a cost of 4 or less. Then, if you have 1 or less Life cards, add up to 1 card from the top of your deck to the top of your Life cards.'),
       ('OP07-113', 'en', 'Roronoa Zoro',
        '[Trigger] If your Leader has the {Egghead} type, rest up to 1 of your opponent''s Leader or Character cards.'),
       ('OP07-113', 'fr', 'Roronoa Zoro',
        '[Trigger] If your Leader has the {Egghead} type, rest up to 1 of your opponent''s Leader or Character cards.'),
       ('OP07-114', 'en', 'He Possesses the World''s Most Brilliant Mind',
        '[Main] Look at 5 cards from the top of your deck; reveal up to 1 {Egghead} type card other than [He Possesses the World''s Most Brilliant Mind] and add it to your hand. Then, place the rest at the bottom of your deck in any order. \n [Trigger] Draw 1 card.'),
       ('OP07-114', 'fr', 'He Possesses the World''s Most Brilliant Mind',
        '[Main] Look at 5 cards from the top of your deck; reveal up to 1 {Egghead} type card other than [He Possesses the World''s Most Brilliant Mind] and add it to your hand. Then, place the rest at the bottom of your deck in any order. \n [Trigger] Draw 1 card.'),
       ('OP07-115', 'en', 'I Re-Quasar Helllp!!',
        '[Counter] If you have 2 or less Life cards, up to 1 of your Leader or Character cards gains +3000 power during this battle. \n [Trigger] Play up to 1 of your {Egghead} type Character cards with a cost of 5 or less from your trash.'),
       ('OP07-115', 'fr', 'I Re-Quasar Helllp!!',
        '[Counter] If you have 2 or less Life cards, up to 1 of your Leader or Character cards gains +3000 power during this battle. \n [Trigger] Play up to 1 of your {Egghead} type Character cards with a cost of 5 or less from your trash.'),
       ('OP07-116', 'en', 'Blaze Slice',
        '[Main]/[Counter] Up to 1 of your Leader or Character cards gains +1000 power during this turn. Then, if your opponent has 2 or less Life cards, rest up to 1 of your opponent''s Characters with a cost of 4 or less. \n [Trigger] Rest up to 1 of your opponent''s Characters with a cost of 4 or less.'),
       ('OP07-116', 'fr', 'Blaze Slice',
        '[Main]/[Counter] Up to 1 of your Leader or Character cards gains +1000 power during this turn. Then, if your opponent has 2 or less Life cards, rest up to 1 of your opponent''s Characters with a cost of 4 or less. \n [Trigger] Rest up to 1 of your opponent''s Characters with a cost of 4 or less.'),
       ('OP07-117', 'en', 'Egghead',
        '[End of Your Turn] If you have 3 or less Life cards, set up to 1 {Egghead} type Character with a cost of 5 or less as active. \n [Trigger] Play this card.'),
       ('OP07-117', 'fr', 'Egghead',
        '[End of Your Turn] If you have 3 or less Life cards, set up to 1 {Egghead} type Character with a cost of 5 or less as active. \n [Trigger] Play this card.'),
       ('OP07-118', 'en', 'Sabo',
        '[On Play] You may trash 1 card from your hand: K.O. up to 1 of your opponent''s Characters with a cost of 5 or less and up to 1 of your opponent''s Characters with a cost of 3 or less.'),
       ('OP07-118', 'fr', 'Sabo',
        '[On Play] You may trash 1 card from your hand: K.O. up to 1 of your opponent''s Characters with a cost of 5 or less and up to 1 of your opponent''s Characters with a cost of 3 or less.'),
       ('OP07-119', 'en', 'Portgas.D.Ace',
        '[On Play] Add up to 1 card from the top of your deck to the top of your Life cards. Then, if you have 2 or less Life cards, this Character gains [Rush] during this turn. \n (This card can attack on the turn in which it is played.)'),
       ('OP07-119', 'fr', 'Portgas.D.Ace',
        '[On Play] Add up to 1 card from the top of your deck to the top of your Life cards. Then, if you have 2 or less Life cards, this Character gains [Rush] during this turn. \n (This card can attack on the turn in which it is played.)')
ON CONFLICT
    DO NOTHING;


