INSERT INTO UT_PRODUCT(ID, RELEASE_DATE)
VALUES ('OP-03', '2023-06-30')
ON CONFLICT DO NOTHING;

INSERT INTO UT_PRODUCT_DESCRIPTION (PRODUCT_ID, LANGUAGE_CODE, NAME)
VALUES ('OP-03', 'en', 'PILLARS OF STRENGTH [OP-03]'),
       ('OP-03', 'fr', 'PILLARS OF STRENGTH [OP-03]')
ON CONFLICT DO NOTHING;

INSERT INTO UT_CARD (ID, TYPE_ID, ATTRIBUTE_ID, COST, POWER, LIFE, COUNTER)
VALUES ('OP03-001', 0, 2, NULL, 5000, 5, NULL),
       ('OP03-002', 1, 1, 4, 5000, NULL, 1000),
       ('OP03-003', 1, 1, 1, 2000, NULL, 1000),
       ('OP03-004', 1, 1, 3, 4000, NULL, 1000),
       ('OP03-005', 1, 4, 1, 2000, NULL, 1000),
       ('OP03-006', 1, 4, 4, 6000, NULL, 1000),
       ('OP03-007', 1, 0, 3, 5000, NULL, 1000),
       ('OP03-008', 1, 4, 1, 3000, NULL, NULL),
       ('OP03-009', 1, 4, 2, 3000, NULL, 1000),
       ('OP03-010', 1, 4, 2, 2000, NULL, 1000),
       ('OP03-011', 1, 0, 2, 3000, NULL, 1000),
       ('OP03-012', 1, 0, 4, 6000, NULL, NULL),
       ('OP03-013', 1, 2, 5, 6000, NULL, 1000),
       ('OP03-014', 1, 0, 3, 5000, NULL, NULL),
       ('OP03-015', 1, 3, 3, 2000, NULL, NULL),
       ('OP03-016', 3, NULL, 7, NULL, NULL, NULL),
       ('OP03-017', 3, NULL, 2, NULL, NULL, NULL),
       ('OP03-018', 3, NULL, 3, NULL, NULL, NULL),
       ('OP03-019', 3, NULL, 2, NULL, NULL, NULL),
       ('OP03-020', 2, NULL, 1, NULL, NULL, NULL),
       ('OP03-021', 0, 4, NULL, 5000, 5, NULL),
       ('OP03-022', 0, 4, NULL, 5000, 4, NULL),
       ('OP03-023', 1, 0, 1, 3000, NULL, 1000),
       ('OP03-024', 1, 0, 4, 5000, NULL, 1000),
       ('OP03-025', 1, 1, 6, 7000, NULL, NULL),
       ('OP03-026', 1, 0, 4, 3000, NULL, 1000),
       ('OP03-027', 1, 4, 3, 4000, NULL, 1000),
       ('OP03-028', 1, 2, 5, 6000, NULL, NULL),
       ('OP03-029', 1, 1, 4, 3000, NULL, 1000),
       ('OP03-030', 1, 3, 2, 2000, NULL, 1000),
       ('OP03-031', 1, 0, 2, 2000, NULL, 1000),
       ('OP03-032', 1, 4, 3, 5000, NULL, NULL),
       ('OP03-033', 1, 4, 4, 4000, NULL, 2000),
       ('OP03-034', 1, 4, 4, 5000, NULL, 1000),
       ('OP03-035', 1, 0, 2, 4000, NULL, 1000),
       ('OP03-036', 3, NULL, 3, NULL, NULL, NULL),
       ('OP03-037', 3, NULL, 1, NULL, NULL, NULL),
       ('OP03-038', 3, NULL, 1, NULL, NULL, NULL),
       ('OP03-039', 3, NULL, 1, NULL, NULL, NULL),
       ('OP03-040', 0, 3, NULL, 5000, 5, NULL),
       ('OP03-041', 1, 1, 4, 5000, NULL, NULL),
       ('OP03-042', 1, 3, 1, NULL, NULL, 1000),
       ('OP03-043', 1, 3, 2, NULL, NULL, 1000),
       ('OP03-044', 1, 3, 1, NULL, NULL, 2000),
       ('OP03-045', 1, 4, 3, 3000, NULL, 1000),
       ('OP03-046', 1, 3, 2, 4000, NULL, 1000),
       ('OP03-047', 1, 0, 5, 6000, NULL, 1000),
       ('OP03-048', 1, 3, 2, NULL, NULL, 1000),
       ('OP03-049', 1, 4, 3, 5000, NULL, NULL),
       ('OP03-050', 1, 3, 2, NULL, NULL, 1000),
       ('OP03-051', 1, 1, 4, 5000, NULL, 1000),
       ('OP03-052', 1, 3, 1, 3000, NULL, 1000),
       ('OP03-053', 1, 4, 1, 3000, NULL, NULL),
       ('OP03-054', 3, NULL, 1, NULL, NULL, NULL),
       ('OP03-055', 3, NULL, 1, NULL, NULL, NULL),
       ('OP03-056', 3, NULL, 3, NULL, NULL, NULL),
       ('OP03-057', 3, NULL, 4, NULL, NULL, NULL),
       ('OP03-058', 0, 3, NULL, 5000, 5, NULL),
       ('OP03-059', 1, 4, 5, 6000, NULL, 1000),
       ('OP03-060', 1, 3, 4, 4000, NULL, 2000),
       ('OP03-061', 1, 4, 2, 4000, NULL, 1000),
       ('OP03-062', 1, 3, 1, 2000, NULL, 1000),
       ('OP03-063', 1, 4, 3, 2000, NULL, NULL),
       ('OP03-064', 1, 0, 5, 6000, NULL, 1000),
       ('OP03-065', 1, 3, 2, 2000, NULL, 1000),
       ('OP03-066', 1, 0, 5, 6000, NULL, NULL),
       ('OP03-067', 1, 1, 5, 5000, NULL, 1000),
       ('OP03-068', 1, 0, 4, 5000, NULL, 1000),
       ('OP03-069', 1, 0, 3, 5000, NULL, NULL),
       ('OP03-070', 1, 0, 6, 7000, NULL, NULL),
       ('OP03-071', 1, 0, 5, 6000, NULL, 1000),
       ('OP03-072', 3, NULL, 0, NULL, NULL, NULL),
       ('OP03-073', 3, NULL, 1, NULL, NULL, NULL),
       ('OP03-074', 3, NULL, 2, NULL, NULL, NULL),
       ('OP03-075', 2, NULL, 3, NULL, NULL, NULL),
       ('OP03-076', 0, 0, NULL, 5000, 5, NULL),
       ('OP03-077', 0, 2, NULL, 5000, 4, NULL),
       ('OP03-078', 1, 4, 8, 9000, NULL, NULL),
       ('OP03-079', 1, 0, 5, 5000, NULL, 2000),
       ('OP03-080', 1, 4, 5, 6000, NULL, 1000),
       ('OP03-081', 1, 2, 4, 4000, NULL, 2000),
       ('OP03-082', 1, 0, 4, 6000, NULL, 1000),
       ('OP03-083', 1, 3, 1, NULL, NULL, 1000),
       ('OP03-084', 1, 0, 2, 4000, NULL, 1000),
       ('OP03-085', 1, 0, 5, 7000, NULL, 1000),
       ('OP03-086', 1, 4, 1, 2000, NULL, 1000),
       ('OP03-087', 1, 1, 3, 5000, NULL, 1000),
       ('OP03-088', 1, 0, 3, 3000, NULL, 1000),
       ('OP03-089', 1, 3, 2, 3000, NULL, 1000),
       ('OP03-090', 1, 0, 5, 6000, NULL, 1000),
       ('OP03-091', 1, 3, 1, NULL, NULL, 1000),
       ('OP03-092', 1, 0, 6, 7000, NULL, NULL),
       ('OP03-093', 1, 4, 2, 4000, NULL, NULL),
       ('OP03-094', 3, NULL, 4, NULL, NULL, NULL),
       ('OP03-095', 3, NULL, 1, NULL, NULL, NULL),
       ('OP03-096', 3, NULL, 2, NULL, NULL, NULL),
       ('OP03-097', 3, NULL, 0, NULL, NULL, NULL),
       ('OP03-098', 2, NULL, 2, NULL, NULL, NULL),
       ('OP03-099', 0, 0, NULL, 5000, 5, NULL),
       ('OP03-100', 1, 0, 3, 5000, NULL, NULL),
       ('OP03-101', 1, 3, 1, 3000, NULL, 1000),
       ('OP03-102', 1, 0, 2, 3000, NULL, 2000),
       ('OP03-103', 1, 4, 2, 4000, NULL, 1000),
       ('OP03-104', 1, 3, 3, 3000, NULL, 1000),
       ('OP03-105', 1, 2, 3, 4000, NULL, 1000),
       ('OP03-106', 1, 2, 4, 6000, NULL, 1000),
       ('OP03-107', 1, 2, 2, 2000, NULL, 1000),
       ('OP03-108', 1, 4, 4, 5000, NULL, 1000),
       ('OP03-109', 1, 3, 2, 3000, NULL, NULL),
       ('OP03-110', 1, 2, 4, 5000, NULL, 1000),
       ('OP03-111', 1, 3, 3, 5000, NULL, 1000),
       ('OP03-112', 1, 3, 1, 2000, NULL, 1000),
       ('OP03-113', 1, 2, 3, 5000, NULL, NULL),
       ('OP03-114', 1, 2, 10, 12000, NULL, NULL),
       ('OP03-115', 1, 4, 1, 1000, NULL, 2000),
       ('OP03-116', 1, 3, 5, NULL, NULL, 1000),
       ('OP03-117', 1, 4, 3, 3000, NULL, 1000),
       ('OP03-118', 3, NULL, 2, NULL, NULL, NULL),
       ('OP03-119', 3, NULL, 2, NULL, NULL, NULL),
       ('OP03-120', 3, NULL, 3, NULL, NULL, NULL),
       ('OP03-121', 3, NULL, 2, NULL, NULL, NULL),
       ('OP03-122', 1, 1, 7, 6000, NULL, 1000),
       ('OP03-123', 1, 0, 8, 8000, NULL, NULL)
ON CONFLICT DO NOTHING;

INSERT INTO UT_CARD_IMAGE (CARD_ID, NAME, RARITY_ID, PRODUCT_ID)
VALUES ('OP01-051', 'OP01-051_p2.png', 6, 'OP-03'),
       ('OP03-001', 'OP03-001.png', 0, 'OP-03'),
       ('OP03-001', 'OP03-001_p1.png', 0, 'OP-03'),
       ('OP03-002', 'OP03-002.png', 2, 'OP-03'),
       ('OP03-003', 'OP03-003.png', 5, 'OP-03'),
       ('OP03-004', 'OP03-004.png', 1, 'OP-03'),
       ('OP03-005', 'OP03-005.png', 2, 'OP-03'),
       ('OP03-006', 'OP03-006.png', 1, 'OP-03'),
       ('OP03-007', 'OP03-007.png', 1, 'OP-03'),
       ('OP03-008', 'OP03-008.png', 2, 'OP-03'),
       ('OP03-009', 'OP03-009.png', 1, 'OP-03'),
       ('OP03-010', 'OP03-010.png', 1, 'OP-03'),
       ('OP03-011', 'OP03-011.png', 2, 'OP-03'),
       ('OP03-012', 'OP03-012.png', 5, 'OP-03'),
       ('OP03-013', 'OP03-013.png', 3, 'OP-03'),
       ('OP03-013', 'OP03-013_p1.png', 3, 'OP-03'),
       ('OP03-014', 'OP03-014.png', 2, 'OP-03'),
       ('OP03-015', 'OP03-015.png', 2, 'OP-03'),
       ('OP03-016', 'OP03-016.png', 5, 'OP-03'),
       ('OP03-017', 'OP03-017.png', 2, 'OP-03'),
       ('OP03-018', 'OP03-018.png', 5, 'OP-03'),
       ('OP03-018', 'OP03-018_p1.png', 5, 'OP-03'),
       ('OP03-019', 'OP03-019.png', 1, 'OP-03'),
       ('OP03-020', 'OP03-020.png', 1, 'OP-03'),
       ('OP03-021', 'OP03-021.png', 0, 'OP-03'),
       ('OP03-021', 'OP03-021_p1.png', 0, 'OP-03'),
       ('OP03-022', 'OP03-022.png', 0, 'OP-03'),
       ('OP03-022', 'OP03-022_p1.png', 0, 'OP-03'),
       ('OP03-023', 'OP03-023.png', 1, 'OP-03'),
       ('OP03-024', 'OP03-024.png', 5, 'OP-03'),
       ('OP03-024', 'OP03-024_p1.png', 5, 'OP-03'),
       ('OP03-025', 'OP03-025.png', 3, 'OP-03'),
       ('OP03-025', 'OP03-025_p1.png', 3, 'OP-03'),
       ('OP03-026', 'OP03-026.png', 2, 'OP-03'),
       ('OP03-027', 'OP03-027.png', 1, 'OP-03'),
       ('OP03-028', 'OP03-028.png', 5, 'OP-03'),
       ('OP03-029', 'OP03-029.png', 2, 'OP-03'),
       ('OP03-030', 'OP03-030.png', 5, 'OP-03'),
       ('OP03-031', 'OP03-031.png', 1, 'OP-03'),
       ('OP03-032', 'OP03-032.png', 1, 'OP-03'),
       ('OP03-033', 'OP03-033.png', 2, 'OP-03'),
       ('OP03-034', 'OP03-034.png', 2, 'OP-03'),
       ('OP03-035', 'OP03-035.png', 1, 'OP-03'),
       ('OP03-036', 'OP03-036.png', 1, 'OP-03'),
       ('OP03-037', 'OP03-037.png', 1, 'OP-03'),
       ('OP03-038', 'OP03-038.png', 5, 'OP-03'),
       ('OP03-039', 'OP03-039.png', 2, 'OP-03'),
       ('OP03-040', 'OP03-040.png', 0, 'OP-03'),
       ('OP03-040', 'OP03-040_p1.png', 0, 'OP-03'),
       ('OP03-041', 'OP03-041.png', 3, 'OP-03'),
       ('OP03-041', 'OP03-041_p1.png', 3, 'OP-03'),
       ('OP03-042', 'OP03-042.png', 1, 'OP-03'),
       ('OP03-043', 'OP03-043.png', 1, 'OP-03'),
       ('OP03-044', 'OP03-044.png', 5, 'OP-03'),
       ('OP03-045', 'OP03-045.png', 2, 'OP-03'),
       ('OP03-046', 'OP03-046.png', 1, 'OP-03'),
       ('OP03-047', 'OP03-047.png', 5, 'OP-03'),
       ('OP03-047', 'OP03-047_p1.png', 5, 'OP-03'),
       ('OP03-048', 'OP03-048.png', 2, 'OP-03'),
       ('OP03-049', 'OP03-049.png', 2, 'OP-03'),
       ('OP03-050', 'OP03-050.png', 2, 'OP-03'),
       ('OP03-051', 'OP03-051.png', 5, 'OP-03'),
       ('OP03-052', 'OP03-052.png', 1, 'OP-03'),
       ('OP03-053', 'OP03-053.png', 1, 'OP-03'),
       ('OP03-054', 'OP03-054.png', 1, 'OP-03'),
       ('OP03-055', 'OP03-055.png', 1, 'OP-03'),
       ('OP03-056', 'OP03-056.png', 2, 'OP-03'),
       ('OP03-057', 'OP03-057.png', 5, 'OP-03'),
       ('OP03-058', 'OP03-058.png', 0, 'OP-03'),
       ('OP03-058', 'OP03-058_p1.png', 0, 'OP-03'),
       ('OP03-059', 'OP03-059.png', 2, 'OP-03'),
       ('OP03-060', 'OP03-060.png', 2, 'OP-03'),
       ('OP03-061', 'OP03-061.png', 1, 'OP-03'),
       ('OP03-062', 'OP03-062.png', 5, 'OP-03'),
       ('OP03-063', 'OP03-063.png', 2, 'OP-03'),
       ('OP03-064', 'OP03-064.png', 1, 'OP-03'),
       ('OP03-065', 'OP03-065.png', 1, 'OP-03'),
       ('OP03-066', 'OP03-066.png', 3, 'OP-03'),
       ('OP03-066', 'OP03-066_p1.png', 3, 'OP-03'),
       ('OP03-067', 'OP03-067.png', 2, 'OP-03'),
       ('OP03-068', 'OP03-068.png', 1, 'OP-03'),
       ('OP03-069', 'OP03-069.png', 1, 'OP-03'),
       ('OP03-070', 'OP03-070.png', 5, 'OP-03'),
       ('OP03-071', 'OP03-071.png', 5, 'OP-03'),
       ('OP03-072', 'OP03-072.png', 5, 'OP-03'),
       ('OP03-073', 'OP03-073.png', 1, 'OP-03'),
       ('OP03-074', 'OP03-074.png', 2, 'OP-03'),
       ('OP03-075', 'OP03-075.png', 1, 'OP-03'),
       ('OP03-076', 'OP03-076.png', 0, 'OP-03'),
       ('OP03-076', 'OP03-076_p1.png', 0, 'OP-03'),
       ('OP03-077', 'OP03-077.png', 0, 'OP-03'),
       ('OP03-077', 'OP03-077_p1.png', 0, 'OP-03'),
       ('OP03-078', 'OP03-078.png', 3, 'OP-03'),
       ('OP03-078', 'OP03-078_p1.png', 3, 'OP-03'),
       ('OP03-079', 'OP03-079.png', 2, 'OP-03'),
       ('OP03-080', 'OP03-080.png', 3, 'OP-03'),
       ('OP03-080', 'OP03-080_p1.png', 3, 'OP-03'),
       ('OP03-081', 'OP03-081.png', 5, 'OP-03'),
       ('OP03-081', 'OP03-081_p1.png', 5, 'OP-03'),
       ('OP03-082', 'OP03-082.png', 1, 'OP-03'),
       ('OP03-083', 'OP03-083.png', 1, 'OP-03'),
       ('OP03-084', 'OP03-084.png', 1, 'OP-03'),
       ('OP03-085', 'OP03-085.png', 1, 'OP-03'),
       ('OP03-086', 'OP03-086.png', 5, 'OP-03'),
       ('OP03-086', 'OP03-086_p1.png', 5, 'OP-03'),
       ('OP03-087', 'OP03-087.png', 1, 'OP-03'),
       ('OP03-088', 'OP03-088.png', 2, 'OP-03'),
       ('OP03-089', 'OP03-089.png', 5, 'OP-03'),
       ('OP03-090', 'OP03-090.png', 5, 'OP-03'),
       ('OP03-091', 'OP03-091.png', 1, 'OP-03'),
       ('OP03-092', 'OP03-092.png', 3, 'OP-03'),
       ('OP03-092', 'OP03-092_p1.png', 3, 'OP-03'),
       ('OP03-093', 'OP03-093.png', 2, 'OP-03'),
       ('OP03-094', 'OP03-094.png', 2, 'OP-03'),
       ('OP03-095', 'OP03-095.png', 1, 'OP-03'),
       ('OP03-096', 'OP03-096.png', 2, 'OP-03'),
       ('OP03-097', 'OP03-097.png', 5, 'OP-03'),
       ('OP03-098', 'OP03-098.png', 1, 'OP-03'),
       ('OP03-099', 'OP03-099.png', 0, 'OP-03'),
       ('OP03-099', 'OP03-099_p1.png', 0, 'OP-03'),
       ('OP03-100', 'OP03-100.png', 1, 'OP-03'),
       ('OP03-101', 'OP03-101.png', 1, 'OP-03'),
       ('OP03-102', 'OP03-102.png', 5, 'OP-03'),
       ('OP03-103', 'OP03-103.png', 1, 'OP-03'),
       ('OP03-104', 'OP03-104.png', 2, 'OP-03'),
       ('OP03-105', 'OP03-105.png', 2, 'OP-03'),
       ('OP03-106', 'OP03-106.png', 1, 'OP-03'),
       ('OP03-107', 'OP03-107.png', 1, 'OP-03'),
       ('OP03-108', 'OP03-108.png', 3, 'OP-03'),
       ('OP03-108', 'OP03-108_p1.png', 3, 'OP-03'),
       ('OP03-109', 'OP03-109.png', 1, 'OP-03'),
       ('OP03-110', 'OP03-110.png', 5, 'OP-03'),
       ('OP03-111', 'OP03-111.png', 1, 'OP-03'),
       ('OP03-112', 'OP03-112.png', 5, 'OP-03'),
       ('OP03-112', 'OP03-112_p1.png', 5, 'OP-03'),
       ('OP03-113', 'OP03-113.png', 3, 'OP-03'),
       ('OP03-113', 'OP03-113_p1.png', 3, 'OP-03'),
       ('OP03-114', 'OP03-114.png', 3, 'OP-03'),
       ('OP03-114', 'OP03-114_p1.png', 3, 'OP-03'),
       ('OP03-115', 'OP03-115.png', 5, 'OP-03'),
       ('OP03-116', 'OP03-116.png', 2, 'OP-03'),
       ('OP03-117', 'OP03-117.png', 2, 'OP-03'),
       ('OP03-118', 'OP03-118.png', 2, 'OP-03'),
       ('OP03-119', 'OP03-119.png', 5, 'OP-03'),
       ('OP03-120', 'OP03-120.png', 1, 'OP-03'),
       ('OP03-121', 'OP03-121.png', 1, 'OP-03'),
       ('OP03-122', 'OP03-122.png', 4, 'OP-03'),
       ('OP03-122', 'OP03-122_p1.png', 4, 'OP-03'),
       ('OP03-122', 'OP03-122_p2.png', 4, 'OP-03'),
       ('OP03-123', 'OP03-123.png', 4, 'OP-03'),
       ('OP03-123', 'OP03-123_p1.png', 4, 'OP-03'),
       ('ST01-012', 'ST01-012_p1.png', 6, 'OP-03'),
       ('ST03-009', 'ST03-009_p1.png', 6, 'OP-03'),
       ('ST04-003', 'ST04-003_p1.png', 6, 'OP-03')
ON CONFLICT DO NOTHING;

INSERT INTO UT_CARD_COLOR (COLOR_ID, CARD_ID)
VALUES (0, 'OP03-001'),
       (0, 'OP03-002'),
       (0, 'OP03-003'),
       (0, 'OP03-004'),
       (0, 'OP03-005'),
       (0, 'OP03-006'),
       (0, 'OP03-007'),
       (0, 'OP03-008'),
       (0, 'OP03-009'),
       (0, 'OP03-010'),
       (0, 'OP03-011'),
       (0, 'OP03-012'),
       (0, 'OP03-013'),
       (0, 'OP03-014'),
       (0, 'OP03-015'),
       (0, 'OP03-016'),
       (0, 'OP03-017'),
       (0, 'OP03-018'),
       (0, 'OP03-019'),
       (0, 'OP03-020'),
       (1, 'OP03-021'),
       (1, 'OP03-022'),
       (5, 'OP03-022'),
       (1, 'OP03-023'),
       (1, 'OP03-024'),
       (1, 'OP03-025'),
       (1, 'OP03-026'),
       (1, 'OP03-027'),
       (1, 'OP03-028'),
       (1, 'OP03-029'),
       (1, 'OP03-030'),
       (1, 'OP03-031'),
       (1, 'OP03-032'),
       (1, 'OP03-033'),
       (1, 'OP03-034'),
       (1, 'OP03-035'),
       (1, 'OP03-036'),
       (1, 'OP03-037'),
       (1, 'OP03-038'),
       (1, 'OP03-039'),
       (2, 'OP03-040'),
       (2, 'OP03-041'),
       (2, 'OP03-042'),
       (2, 'OP03-043'),
       (2, 'OP03-044'),
       (2, 'OP03-045'),
       (2, 'OP03-046'),
       (2, 'OP03-047'),
       (2, 'OP03-048'),
       (2, 'OP03-049'),
       (2, 'OP03-050'),
       (2, 'OP03-051'),
       (2, 'OP03-052'),
       (2, 'OP03-053'),
       (2, 'OP03-054'),
       (2, 'OP03-055'),
       (2, 'OP03-056'),
       (2, 'OP03-057'),
       (3, 'OP03-058'),
       (3, 'OP03-059'),
       (3, 'OP03-060'),
       (3, 'OP03-061'),
       (3, 'OP03-062'),
       (3, 'OP03-063'),
       (3, 'OP03-064'),
       (3, 'OP03-065'),
       (3, 'OP03-066'),
       (3, 'OP03-067'),
       (3, 'OP03-068'),
       (3, 'OP03-069'),
       (3, 'OP03-070'),
       (3, 'OP03-071'),
       (3, 'OP03-072'),
       (3, 'OP03-073'),
       (3, 'OP03-074'),
       (3, 'OP03-075'),
       (4, 'OP03-076'),
       (4, 'OP03-077'),
       (5, 'OP03-077'),
       (4, 'OP03-078'),
       (4, 'OP03-079'),
       (4, 'OP03-080'),
       (4, 'OP03-081'),
       (4, 'OP03-082'),
       (4, 'OP03-083'),
       (4, 'OP03-084'),
       (4, 'OP03-085'),
       (4, 'OP03-086'),
       (4, 'OP03-087'),
       (4, 'OP03-088'),
       (4, 'OP03-089'),
       (4, 'OP03-090'),
       (4, 'OP03-091'),
       (4, 'OP03-092'),
       (4, 'OP03-093'),
       (4, 'OP03-094'),
       (4, 'OP03-095'),
       (4, 'OP03-096'),
       (4, 'OP03-097'),
       (4, 'OP03-098'),
       (5, 'OP03-099'),
       (5, 'OP03-100'),
       (5, 'OP03-101'),
       (5, 'OP03-102'),
       (5, 'OP03-103'),
       (5, 'OP03-104'),
       (5, 'OP03-105'),
       (5, 'OP03-106'),
       (5, 'OP03-107'),
       (5, 'OP03-108'),
       (5, 'OP03-109'),
       (5, 'OP03-110'),
       (5, 'OP03-111'),
       (5, 'OP03-112'),
       (5, 'OP03-113'),
       (5, 'OP03-114'),
       (5, 'OP03-115'),
       (5, 'OP03-116'),
       (5, 'OP03-117'),
       (5, 'OP03-118'),
       (5, 'OP03-119'),
       (5, 'OP03-120'),
       (5, 'OP03-121'),
       (2, 'OP03-122'),
       (5, 'OP03-123')
ON CONFLICT DO NOTHING;

INSERT INTO UT_CARD_TAG (TAG_ID, CARD_ID)
VALUES (51, 'OP03-001'),
       (65, 'OP03-002'),
       (35, 'OP03-003'),
       (51, 'OP03-003'),
       (51, 'OP03-004'),
       (51, 'OP03-005'),
       (51, 'OP03-006'),
       (4, 'OP03-007'),
       (51, 'OP03-007'),
       (46, 'OP03-008'),
       (51, 'OP03-009'),
       (51, 'OP03-010'),
       (51, 'OP03-011'),
       (51, 'OP03-012'),
       (51, 'OP03-013'),
       (8, 'OP03-014'),
       (65, 'OP03-015'),
       (51, 'OP03-016'),
       (51, 'OP03-017'),
       (51, 'OP03-018'),
       (51, 'OP03-019'),
       (51, 'OP03-020'),
       (76, 'OP03-021'),
       (71, 'OP03-021'),
       (4, 'OP03-022'),
       (76, 'OP03-022'),
       (45, 'OP03-022'),
       (76, 'OP03-023'),
       (61, 'OP03-023'),
       (76, 'OP03-024'),
       (48, 'OP03-024'),
       (76, 'OP03-025'),
       (48, 'OP03-025'),
       (4, 'OP03-026'),
       (76, 'OP03-026'),
       (45, 'OP03-026'),
       (76, 'OP03-027'),
       (71, 'OP03-027'),
       (76, 'OP03-028'),
       (71, 'OP03-028'),
       (4, 'OP03-029'),
       (76, 'OP03-029'),
       (45, 'OP03-029'),
       (76, 'OP03-030'),
       (45, 'OP03-030'),
       (76, 'OP03-031'),
       (48, 'OP03-031'),
       (76, 'OP03-032'),
       (46, 'OP03-032'),
       (4, 'OP03-033'),
       (76, 'OP03-033'),
       (45, 'OP03-033'),
       (76, 'OP03-034'),
       (71, 'OP03-034'),
       (2, 'OP03-035'),
       (76, 'OP03-035'),
       (76, 'OP03-036'),
       (71, 'OP03-036'),
       (4, 'OP03-037'),
       (76, 'OP03-037'),
       (45, 'OP03-037'),
       (76, 'OP03-038'),
       (48, 'OP03-038'),
       (76, 'OP03-039'),
       (71, 'OP03-039'),
       (76, 'OP03-040'),
       (76, 'OP03-041'),
       (76, 'OP03-042'),
       (76, 'OP03-043'),
       (76, 'OP03-044'),
       (76, 'OP03-045'),
       (76, 'OP03-046'),
       (76, 'OP03-047'),
       (76, 'OP03-048'),
       (76, 'OP03-049'),
       (76, 'OP03-050'),
       (76, 'OP03-051'),
       (59, 'OP03-051'),
       (76, 'OP03-052'),
       (76, 'OP03-053'),
       (76, 'OP03-054'),
       (0, 'OP03-054'),
       (76, 'OP03-055'),
       (0, 'OP03-055'),
       (76, 'OP03-056'),
       (76, 'OP03-057'),
       (0, 'OP03-057'),
       (64, 'OP03-058'),
       (63, 'OP03-058'),
       (64, 'OP03-059'),
       (63, 'OP03-059'),
       (64, 'OP03-060'),
       (63, 'OP03-060'),
       (64, 'OP03-061'),
       (69, 'OP03-061'),
       (70, 'OP03-062'),
       (64, 'OP03-062'),
       (64, 'OP03-063'),
       (69, 'OP03-063'),
       (64, 'OP03-064'),
       (63, 'OP03-064'),
       (2, 'OP03-065'),
       (64, 'OP03-065'),
       (64, 'OP03-066'),
       (63, 'OP03-066'),
       (64, 'OP03-067'),
       (63, 'OP03-067'),
       (55, 'OP03-068'),
       (58, 'OP03-068'),
       (55, 'OP03-069'),
       (58, 'OP03-069'),
       (64, 'OP03-070'),
       (0, 'OP03-070'),
       (64, 'OP03-071'),
       (63, 'OP03-071'),
       (64, 'OP03-072'),
       (0, 'OP03-072'),
       (64, 'OP03-073'),
       (69, 'OP03-073'),
       (64, 'OP03-074'),
       (63, 'OP03-074'),
       (64, 'OP03-075'),
       (63, 'OP03-075'),
       (66, 'OP03-076'),
       (25, 'OP03-077'),
       (72, 'OP03-077'),
       (8, 'OP03-078'),
       (8, 'OP03-079'),
       (19, 'OP03-079'),
       (66, 'OP03-080'),
       (66, 'OP03-081'),
       (66, 'OP03-082'),
       (74, 'OP03-083'),
       (73, 'OP03-084'),
       (66, 'OP03-085'),
       (66, 'OP03-086'),
       (66, 'OP03-087'),
       (66, 'OP03-088'),
       (8, 'OP03-089'),
       (66, 'OP03-090'),
       (8, 'OP03-091'),
       (66, 'OP03-092'),
       (62, 'OP03-093'),
       (66, 'OP03-094'),
       (66, 'OP03-095'),
       (66, 'OP03-096'),
       (66, 'OP03-097'),
       (74, 'OP03-098'),
       (72, 'OP03-099'),
       (72, 'OP03-100'),
       (68, 'OP03-100'),
       (70, 'OP03-101'),
       (75, 'OP03-102'),
       (72, 'OP03-103'),
       (70, 'OP03-104'),
       (72, 'OP03-105'),
       (72, 'OP03-106'),
       (72, 'OP03-107'),
       (72, 'OP03-108'),
       (72, 'OP03-109'),
       (72, 'OP03-110'),
       (70, 'OP03-111'),
       (18, 'OP03-111'),
       (72, 'OP03-112'),
       (72, 'OP03-113'),
       (25, 'OP03-114'),
       (72, 'OP03-114'),
       (72, 'OP03-115'),
       (70, 'OP03-116'),
       (72, 'OP03-117'),
       (68, 'OP03-117'),
       (25, 'OP03-118'),
       (72, 'OP03-118'),
       (72, 'OP03-119'),
       (72, 'OP03-120'),
       (25, 'OP03-121'),
       (72, 'OP03-121'),
       (67, 'OP03-122'),
       (72, 'OP03-123')
ON CONFLICT DO NOTHING;


INSERT INTO UT_CARD_DESCRIPTION (CARD_ID, LANGUAGE_CODE, NAME, EFFECT)
VALUES ('OP03-001', 'en', 'Portgas.D.Ace',
        'When this Leader attacks or is attacked, you may trash any number of Event or Stage cards from your hand. This Leader gains +1000 power during this battle for every card trashed.'),
       ('OP03-001', 'fr', 'Portgas.D.Ace',
        'When this Leader attacks or is attacked, you may trash any number of Event or Stage cards from your hand. This Leader gains +1000 power during this battle for every card trashed.'),
       ('OP03-002', 'en', 'Adio',
        '[DON!! x1] [When Attacking] Your opponent cannot activate a [Blocker] Character that has 2000 or less power during this battle.'),
       ('OP03-002', 'fr', 'Adio',
        '[DON!! x1] [When Attacking] Your opponent cannot activate a [Blocker] Character that has 2000 or less power during this battle.'),
       ('OP03-003', 'en', 'Izo',
        '[On Play] Look at 5 cards from the top of your deck; reveal up to 1 card with a type including "Whitebeard Pirates" other than [Izo] and add it to your hand. Then, place the rest at the bottom of your deck in any order.'),
       ('OP03-003', 'fr', 'Izo',
        '[On Play] Look at 5 cards from the top of your deck; reveal up to 1 card with a type including "Whitebeard Pirates" other than [Izo] and add it to your hand. Then, place the rest at the bottom of your deck in any order.'),
       ('OP03-004', 'en', 'Curiel',
        'This Character cannot attack a Leader on the turn in which it is played. \n [DON!! x1] This Character gains [Rush]. \n (This card can attack on the turn in which it is played.)'),
       ('OP03-004', 'fr', 'Curiel',
        'This Character cannot attack a Leader on the turn in which it is played. \n [DON!! x1] This Character gains [Rush]. \n (This card can attack on the turn in which it is played.)'),
       ('OP03-005', 'en', 'Thatch',
        '[Activate: Main] [Once Per Turn] This Character gains +2000 power during this turn. Then, trash this Character at the end of this turn.'),
       ('OP03-005', 'fr', 'Thatch',
        '[Activate: Main] [Once Per Turn] This Character gains +2000 power during this turn. Then, trash this Character at the end of this turn.'),
       ('OP03-006', 'en', 'Speed Jil', NULL),
       ('OP03-006', 'fr', 'Speed Jil', NULL),
       ('OP03-007', 'en', 'Namule', NULL),
       ('OP03-007', 'fr', 'Namule', NULL),
       ('OP03-008', 'en', 'Buggy',
        'This Character cannot be K.O.''d in battle by <Slash> attribute cards. \n [On Play] Look at 5 cards from the top of your deck; reveal up to 1 red Event and add it to your hand. Then, place the rest at the bottom of your deck in any order.'),
       ('OP03-008', 'fr', 'Buggy',
        'This Character cannot be K.O.''d in battle by <Slash> attribute cards. \n [On Play] Look at 5 cards from the top of your deck; reveal up to 1 red Event and add it to your hand. Then, place the rest at the bottom of your deck in any order.'),
       ('OP03-009', 'en', 'Haruta',
        '[Activate: Main] [Once Per Turn] Give up to 1 rested DON!! card to your Leader or 1 of your Characters.'),
       ('OP03-009', 'fr', 'Haruta',
        '[Activate: Main] [Once Per Turn] Give up to 1 rested DON!! card to your Leader or 1 of your Characters.'),
       ('OP03-010', 'en', 'Fossa',
        '[Blocker] (After your opponent declares an attack, you may rest this card to make it the new target of the attack.)'),
       ('OP03-010', 'fr', 'Fossa',
        '[Blocker] (After your opponent declares an attack, you may rest this card to make it the new target of the attack.)'),
       ('OP03-011', 'en', 'Blamenco',
        '[DON!! x1] [When Attacking] Give up to 1 of your opponent''s Characters −2000 power during this turn.'),
       ('OP03-011', 'fr', 'Blamenco',
        '[DON!! x1] [When Attacking] Give up to 1 of your opponent''s Characters −2000 power during this turn.'),
       ('OP03-012', 'en', 'Marshall.D.Teach',
        '[When Attacking] You may trash 1 of your red Characters with 4000 power or more: Draw 1 card. Then, this Character gains +1000 power during this battle.'),
       ('OP03-012', 'fr', 'Marshall.D.Teach',
        '[When Attacking] You may trash 1 of your red Characters with 4000 power or more: Draw 1 card. Then, this Character gains +1000 power during this battle.'),
       ('OP03-013', 'en', 'Marco',
        '[Your Turn] [On Play] K.O. up to 1 of your opponent''s Characters with 3000 power or less. \n [On K.O.] You may trash 1 Event from your hand: You may play this Character card from your trash rested.'),
       ('OP03-013', 'fr', 'Marco',
        '[Your Turn] [On Play] K.O. up to 1 of your opponent''s Characters with 3000 power or less. \n [On K.O.] You may trash 1 Event from your hand: You may play this Character card from your trash rested.'),
       ('OP03-014', 'en', 'Monkey.D.Garp',
        '[When Attacking] Play up to 1 red Character card with a cost of 1 from your hand.'),
       ('OP03-014', 'fr', 'Monkey.D.Garp',
        '[When Attacking] Play up to 1 red Character card with a cost of 1 from your hand.'),
       ('OP03-015', 'en', 'Lim',
        '[Blocker] (After your opponent declares an attack, you may rest this card to make it the new target of the attack.) \n [Opponent''s Turn] When this Character is K.O.''d, give up to 1 of your opponent''s Leader or Character cards −2000 power during this turn.'),
       ('OP03-015', 'fr', 'Lim',
        '[Blocker] (After your opponent declares an attack, you may rest this card to make it the new target of the attack.) \n [Opponent''s Turn] When this Character is K.O.''d, give up to 1 of your opponent''s Leader or Character cards −2000 power during this turn.'),
       ('OP03-016', 'en', 'Flame Emperor',
        '[Main] If your Leader is [Portgas.D.Ace], K.O. up to 1 of your opponent''s Characters with 8000 power or less, and your Leader gains [Double Attack] and +3000 power during this turn. \n (This card deals 2 damage.) \n [Trigger] K.O. up to 1 of your opponent''s Characters with 6000 power or less.'),
       ('OP03-016', 'fr', 'Flame Emperor',
        '[Main] If your Leader is [Portgas.D.Ace], K.O. up to 1 of your opponent''s Characters with 8000 power or less, and your Leader gains [Double Attack] and +3000 power during this turn. \n (This card deals 2 damage.) \n [Trigger] K.O. up to 1 of your opponent''s Characters with 6000 power or less.'),
       ('OP03-017', 'en', 'Cross Fire',
        '[Main]/[Counter] If your Leader''s type includes "Whitebeard Pirates", give up to 1 of your opponent''s Characters −4000 power during this turn. \n [Trigger] Activate this card''s [Main] effect.'),
       ('OP03-017', 'fr', 'Cross Fire',
        '[Main]/[Counter] If your Leader''s type includes "Whitebeard Pirates", give up to 1 of your opponent''s Characters −4000 power during this turn. \n [Trigger] Activate this card''s [Main] effect.'),
       ('OP03-018', 'en', 'Fire Fist',
        '[Main] You may trash 1 Event from your hand: K.O. up to 1 of your opponent''s Characters with 5000 power or less and up to 1 of your opponent''s Characters with 4000 power or less. \n [Trigger] K.O. up to 1 of your opponent''s Characters with 5000 power or less.'),
       ('OP03-018', 'fr', 'Fire Fist',
        '[Main] You may trash 1 Event from your hand: K.O. up to 1 of your opponent''s Characters with 5000 power or less and up to 1 of your opponent''s Characters with 4000 power or less. \n [Trigger] K.O. up to 1 of your opponent''s Characters with 5000 power or less.'),
       ('OP03-019', 'en', 'Fiery Doll',
        '[Main] Your Leader gains +4000 power during this turn. \n [Trigger] Give up to 1 of your opponent''s Leader or Character cards -10000 power during this turn.'),
       ('OP03-019', 'fr', 'Fiery Doll',
        '[Main] Your Leader gains +4000 power during this turn. \n [Trigger] Give up to 1 of your opponent''s Leader or Character cards -10000 power during this turn.'),
       ('OP03-020', 'en', 'Striker',
        '[Activate: Main] ② (You may rest the specified number of DON!! cards in your cost area.) You may rest this Stage: If your Leader is [Portgas.D.Ace], look at 5 cards from the top of your deck; reveal up to 1 Event and add it to your hand. Then, place the rest at the bottom of your deck in any order.'),
       ('OP03-020', 'fr', 'Striker',
        '[Activate: Main] ② (You may rest the specified number of DON!! cards in your cost area.) You may rest this Stage: If your Leader is [Portgas.D.Ace], look at 5 cards from the top of your deck; reveal up to 1 Event and add it to your hand. Then, place the rest at the bottom of your deck in any order.'),
       ('OP03-021', 'en', 'Kuro',
        '[Activate: Main] ③ (You may rest the specified number of DON!! cards in your cost area.) You may rest 2 of your {East Blue} type Characters: Set this Leader as active, and rest up to 1 of your opponent''s Characters with a cost of 5 or less.'),
       ('OP03-021', 'fr', 'Kuro',
        '[Activate: Main] ③ (You may rest the specified number of DON!! cards in your cost area.) You may rest 2 of your {East Blue} type Characters: Set this Leader as active, and rest up to 1 of your opponent''s Characters with a cost of 5 or less.'),
       ('OP03-022', 'en', 'Arlong',
        '[DON!! x2] [When Attacking] ① (You may rest the specified number of DON!! cards in your cost area.): Play up to 1 Character card with a cost of 4 or less and a [Trigger] from your hand.'),
       ('OP03-022', 'fr', 'Arlong',
        '[DON!! x2] [When Attacking] ① (You may rest the specified number of DON!! cards in your cost area.): Play up to 1 Character card with a cost of 4 or less and a [Trigger] from your hand.'),
       ('OP03-023', 'en', 'Alvida', NULL),
       ('OP03-023', 'fr', 'Alvida', NULL),
       ('OP03-024', 'en', 'Gin',
        '[On Play] If your Leader has the {East Blue} type, rest up to 2 of your opponent''s Characters with a cost of 4 or less.'),
       ('OP03-024', 'fr', 'Gin',
        '[On Play] If your Leader has the {East Blue} type, rest up to 2 of your opponent''s Characters with a cost of 4 or less.'),
       ('OP03-025', 'en', 'Krieg',
        '[On Play] You may trash 1 card from your hand: K.O. up to 2 of your opponent''s rested Characters with a cost of 4 or less. \n [DON!! x1] This Character gains [Double Attack]. \n (This card deals 2 damage.)'),
       ('OP03-025', 'fr', 'Krieg',
        '[On Play] You may trash 1 card from your hand: K.O. up to 2 of your opponent''s rested Characters with a cost of 4 or less. \n [DON!! x1] This Character gains [Double Attack]. \n (This card deals 2 damage.)'),
       ('OP03-026', 'en', 'Kuroobi',
        '[On Play] If your Leader has the {East Blue} type, rest up to 1 of your opponent''s Characters. \n [Trigger] Play this card.'),
       ('OP03-026', 'fr', 'Kuroobi',
        '[On Play] If your Leader has the {East Blue} type, rest up to 1 of your opponent''s Characters. \n [Trigger] Play this card.'),
       ('OP03-027', 'en', 'Sham',
        '[On Play] If your Leader has the {East Blue} type, rest up to 1 of your opponent''s Characters with a cost of 2 or less and, if you don''t have [Buchi], play up to 1 [Buchi] from your hand.'),
       ('OP03-027', 'fr', 'Sham',
        '[On Play] If your Leader has the {East Blue} type, rest up to 1 of your opponent''s Characters with a cost of 2 or less and, if you don''t have [Buchi], play up to 1 [Buchi] from your hand.'),
       ('OP03-028', 'en', 'Jango',
        '[On Play] Choose one: \n - Set up to 1 of your {East Blue} type Leader or Character cards with a cost of 6 or less as active. \n - Rest this Character and up to 1 of your opponent''s Characters.'),
       ('OP03-028', 'fr', 'Jango',
        '[On Play] Choose one: \n - Set up to 1 of your {East Blue} type Leader or Character cards with a cost of 6 or less as active. \n - Rest this Character and up to 1 of your opponent''s Characters.'),
       ('OP03-029', 'en', 'Chew',
        '[On Play] K.O. up to 1 of your opponent''s rested Characters with a cost of 4 or less. \n [Trigger] Play this card.'),
       ('OP03-029', 'fr', 'Chew',
        '[On Play] K.O. up to 1 of your opponent''s rested Characters with a cost of 4 or less. \n [Trigger] Play this card.'),
       ('OP03-030', 'en', 'Nami',
        '[On Play] Look at 5 cards from the top of your deck; reveal up to 1 green {East Blue} type card other than [Nami] and add it to your hand. Then, place the rest at the bottom of your deck in any order. \n [Trigger] Play this card.'),
       ('OP03-030', 'fr', 'Nami',
        '[On Play] Look at 5 cards from the top of your deck; reveal up to 1 green {East Blue} type card other than [Nami] and add it to your hand. Then, place the rest at the bottom of your deck in any order. \n [Trigger] Play this card.'),
       ('OP03-031', 'en', 'Pearl',
        '[Blocker] (After your opponent declares an attack, you may rest this card to make it the new target of the attack.)'),
       ('OP03-031', 'fr', 'Pearl',
        '[Blocker] (After your opponent declares an attack, you may rest this card to make it the new target of the attack.)'),
       ('OP03-032', 'en', 'Buggy', 'This Character cannot be K.O.''d in battle by <Slash> attribute cards.'),
       ('OP03-032', 'fr', 'Buggy', 'This Character cannot be K.O.''d in battle by <Slash> attribute cards.'),
       ('OP03-033', 'en', 'Hatchan', '[Trigger] If your Leader has the {East Blue} type, play this card.'),
       ('OP03-033', 'fr', 'Hatchan', '[Trigger] If your Leader has the {East Blue} type, play this card.'),
       ('OP03-034', 'en', 'Buchi',
        '[On Play] K.O. up to 1 of your opponent''s rested Characters with a cost of 2 or less.'),
       ('OP03-034', 'fr', 'Buchi',
        '[On Play] K.O. up to 1 of your opponent''s rested Characters with a cost of 2 or less.'),
       ('OP03-035', 'en', 'Momoo', NULL),
       ('OP03-035', 'fr', 'Momoo', NULL),
       ('OP03-036', 'en', 'Out-of-the-Bag',
        '[Main] You may rest 1 of your {East Blue} type Characters: Set up to 1 of your [Kuro] cards as active. \n [Trigger] K.O. up to 1 of your opponent''s rested Characters with a cost of 3 or less.'),
       ('OP03-036', 'fr', 'Out-of-the-Bag',
        '[Main] You may rest 1 of your {East Blue} type Characters: Set up to 1 of your [Kuro] cards as active. \n [Trigger] K.O. up to 1 of your opponent''s rested Characters with a cost of 3 or less.'),
       ('OP03-037', 'en', 'Tooth Attack',
        '[Main] You may rest 1 of your {East Blue} type Characters: K.O. up to 1 of your opponent''s rested Characters with a cost of 3 or less. \n [Trigger] Play up to 1 Character card with a cost of 4 or less and a [Trigger] from your hand.'),
       ('OP03-037', 'fr', 'Tooth Attack',
        '[Main] You may rest 1 of your {East Blue} type Characters: K.O. up to 1 of your opponent''s rested Characters with a cost of 3 or less. \n [Trigger] Play up to 1 Character card with a cost of 4 or less and a [Trigger] from your hand.'),
       ('OP03-038', 'en', 'Deathly Poison Gas Bomb MH5',
        '[Main] Rest up to 2 of your opponent''s Characters with a cost of 2 or less. \n [Trigger] Rest up to 1 of your opponent''s Characters with a cost of 5 or less.'),
       ('OP03-038', 'fr', 'Deathly Poison Gas Bomb MH5',
        '[Main] Rest up to 2 of your opponent''s Characters with a cost of 2 or less. \n [Trigger] Rest up to 1 of your opponent''s Characters with a cost of 5 or less.'),
       ('OP03-039', 'en', 'One, Two, Jango',
        '[Main] Rest up to 1 of your opponent''s Characters with a cost of 1 or less. Then, up to 1 of your Characters gains +1000 power during this turn. \n [Trigger] Rest up to 1 of your opponent''s Characters with a cost of 4 or less.'),
       ('OP03-039', 'fr', 'One, Two, Jango',
        '[Main] Rest up to 1 of your opponent''s Characters with a cost of 1 or less. Then, up to 1 of your Characters gains +1000 power during this turn. \n [Trigger] Rest up to 1 of your opponent''s Characters with a cost of 4 or less.'),
       ('OP03-040', 'en', 'Nami',
        'When your deck is reduced to 0, you win the game instead of losing, according to the rules. \n [DON!! x1] When this Leader''s attack deals damage to your opponent''s Life, you may trash 1 card from the top of your deck.'),
       ('OP03-040', 'fr', 'Nami',
        'When your deck is reduced to 0, you win the game instead of losing, according to the rules. \n [DON!! x1] When this Leader''s attack deals damage to your opponent''s Life, you may trash 1 card from the top of your deck.'),
       ('OP03-041', 'en', 'Usopp',
        '[Rush] (This card can attack on the turn in which it is played.) \n [DON!! x1] When this Character''s attack deals damage to your opponent''s Life, you may trash 7 cards from the top of your deck.'),
       ('OP03-041', 'fr', 'Usopp',
        '[Rush] (This card can attack on the turn in which it is played.) \n [DON!! x1] When this Character''s attack deals damage to your opponent''s Life, you may trash 7 cards from the top of your deck.'),
       ('OP03-042', 'en', 'Usopp''s Pirate Crew', '[On Play] Add up to 1 blue [Usopp] from your trash to your hand.'),
       ('OP03-042', 'fr', 'Usopp''s Pirate Crew', '[On Play] Add up to 1 blue [Usopp] from your trash to your hand.'),
       ('OP03-043', 'en', 'Gaimon',
        'When you deal damage to your opponent''s Life, you may trash 3 cards from the top of your deck. If you do, trash this Character.'),
       ('OP03-043', 'fr', 'Gaimon',
        'When you deal damage to your opponent''s Life, you may trash 3 cards from the top of your deck. If you do, trash this Character.'),
       ('OP03-044', 'en', 'Kaya', '[On Play] Draw 2 cards and trash 2 cards from your hand.'),
       ('OP03-044', 'fr', 'Kaya', '[On Play] Draw 2 cards and trash 2 cards from your hand.'),
       ('OP03-045', 'en', 'Carne',
        '[Blocker] (After your opponent declares an attack, you may rest this card to make it the new target of the attack.) \n [Opponent''s Turn] If you have 20 or less cards in your deck, this Character gains +3000 power.'),
       ('OP03-045', 'fr', 'Carne',
        '[Blocker] (After your opponent declares an attack, you may rest this card to make it the new target of the attack.) \n [Opponent''s Turn] If you have 20 or less cards in your deck, this Character gains +3000 power.'),
       ('OP03-046', 'en', 'Genzo', NULL),
       ('OP03-046', 'fr', 'Genzo', NULL),
       ('OP03-047', 'en', 'Zeff',
        '[DON!! x1] When this Character''s attack deals damage to your opponent''s Life, you may trash 7 cards from the top of your deck. \n [On Play] You may return up to 1 Character with a cost of 3 or less to the owner''s hand, and trash 2 cards from the top of your deck.'),
       ('OP03-047', 'fr', 'Zeff',
        '[DON!! x1] When this Character''s attack deals damage to your opponent''s Life, you may trash 7 cards from the top of your deck. \n [On Play] You may return up to 1 Character with a cost of 3 or less to the owner''s hand, and trash 2 cards from the top of your deck.'),
       ('OP03-048', 'en', 'Nojiko',
        '[On Play] If your Leader is [Nami], return up to 1 of your opponent''s Characters with a cost of 5 or less to the owner''s hand.'),
       ('OP03-048', 'fr', 'Nojiko',
        '[On Play] If your Leader is [Nami], return up to 1 of your opponent''s Characters with a cost of 5 or less to the owner''s hand.'),
       ('OP03-049', 'en', 'Patty',
        '[On Play] If you have 20 or less cards in your deck, return up to 1 Character with a cost of 3 or less to the owner''s hand.'),
       ('OP03-049', 'fr', 'Patty',
        '[On Play] If you have 20 or less cards in your deck, return up to 1 Character with a cost of 3 or less to the owner''s hand.'),
       ('OP03-050', 'en', 'Boodle',
        '[Blocker] (After your opponent declares an attack, you may rest this card to make it the new target of the attack.) \n [On K.O.] You may trash 1 card from the top of your deck.'),
       ('OP03-050', 'fr', 'Boodle',
        '[Blocker] (After your opponent declares an attack, you may rest this card to make it the new target of the attack.) \n [On K.O.] You may trash 1 card from the top of your deck.'),
       ('OP03-051', 'en', 'Bell-mère',
        '[DON!! x1] When this Character''s attack deals damage to your opponent''s Life, you may trash 7 cards from the top of your deck. \n [On K.O.] You may trash 3 cards from the top of your deck.'),
       ('OP03-051', 'fr', 'Bell-mère',
        '[DON!! x1] When this Character''s attack deals damage to your opponent''s Life, you may trash 7 cards from the top of your deck. \n [On K.O.] You may trash 3 cards from the top of your deck.'),
       ('OP03-052', 'en', 'Merry', NULL),
       ('OP03-052', 'fr', 'Merry', NULL),
       ('OP03-053', 'en', 'Yosaku & Johnny',
        '[DON!! x1] If you have 20 or less cards in your deck, this Character gains +2000 power.'),
       ('OP03-053', 'fr', 'Yosaku & Johnny',
        '[DON!! x1] If you have 20 or less cards in your deck, this Character gains +2000 power.'),
       ('OP03-054', 'en',
        'Usopp''s Rubber Band of Doom!!!', '[Counter] Up to 1 of your Leader or Character cards gains +2000 power during this battle. Then,
        you may trash 1 card from the top of your deck. \n [Trigger] You may draw 1 card and trash 1 card from the top of your deck.'),
       ('OP03-054', 'fr', 'Usopp''s Rubber Band of Doom!!!',
        '[Counter] Up to 1 of your Leader or Character cards gains +2000 power during this battle. Then, you may trash 1 card from the top of your deck. \n [Trigger] You may draw 1 card and trash 1 card from the top of your deck.'),
       ('OP03-055', 'en', 'Gum-Gum Giant Gavel',
        '[Counter] You may trash 1 card from your hand: Up to 1 of your Leader gains +4000 power during this battle. Then, you may trash 2 cards from the top of your deck. \n [Trigger] Return up to 1 Character with a cost of 4 or less to the owner''s hand.'),
       ('OP03-055', 'fr', 'Gum-Gum Giant Gavel',
        '[Counter] You may trash 1 card from your hand: Up to 1 of your Leader gains +4000 power during this battle. Then, you may trash 2 cards from the top of your deck. \n [Trigger] Return up to 1 Character with a cost of 4 or less to the owner''s hand.'),
       ('OP03-056', 'en', 'Sanji''s Pilaf', '[Main] Draw 2 cards. \n [Trigger] Activate this card''s [Main] effect.'),
       ('OP03-056', 'fr', 'Sanji''s Pilaf', '[Main] Draw 2 cards. \n [Trigger] Activate this card''s [Main] effect.'),
       ('OP03-057', 'en', 'Three Thousand Worlds',
        '[Main] Place up to 1 Character with a cost of 5 or less at the bottom of the owner''s deck. \n [Trigger] Place up to 1 Character with a cost of 3 or less at the bottom of the owner''s deck.'),
       ('OP03-057', 'fr', 'Three Thousand Worlds',
        '[Main] Place up to 1 Character with a cost of 5 or less at the bottom of the owner''s deck. \n [Trigger] Place up to 1 Character with a cost of 3 or less at the bottom of the owner''s deck.'),
       ('OP03-058', 'en', 'Iceburg',
        'This Leader cannot attack. \n [Activate: Main] DON!! −1 (You may return the specified number of DON!! cards from your field to your DON!! deck.) You may rest this Leader: Play up to 1 {Galley-La Company} type Character card with a cost of 5 or less from your hand.'),
       ('OP03-058', 'fr', 'Iceburg',
        'This Leader cannot attack. \n [Activate: Main] DON!! −1 (You may return the specified number of DON!! cards from your field to your DON!! deck.) You may rest this Leader: Play up to 1 {Galley-La Company} type Character card with a cost of 5 or less from your hand.'),
       ('OP03-059', 'en', 'Kaku',
        '[When Attacking] DON!! −1 (You may return the specified number of DON!! cards from your field to your DON!! deck.): This Character gains [Banish] during this battle. \n (When this card deals damage, the target card is trashed without activating its Trigger.)'),
       ('OP03-059', 'fr', 'Kaku',
        '[When Attacking] DON!! −1 (You may return the specified number of DON!! cards from your field to your DON!! deck.): This Character gains [Banish] during this battle. \n (When this card deals damage, the target card is trashed without activating its Trigger.)'),
       ('OP03-060', 'en', 'Kalifa',
        '[When Attacking] DON!! −1 (You may return the specified number of DON!! cards from your field to your DON!! deck.): Draw 2 cards and trash 1 card from your hand.'),
       ('OP03-060', 'fr', 'Kalifa',
        '[When Attacking] DON!! −1 (You may return the specified number of DON!! cards from your field to your DON!! deck.): Draw 2 cards and trash 1 card from your hand.'),
       ('OP03-061', 'en', 'Kiwi & Mozu', NULL),
       ('OP03-061', 'fr', 'Kiwi & Mozu', NULL),
       ('OP03-062', 'en', 'Kokoro',
        '[On Play] Look at 5 cards from the top of your deck; reveal up to 1 {Water Seven} type card other than [Kokoro] and add it to your hand. Then, place the rest at the bottom of your deck in any order.'),
       ('OP03-062', 'fr', 'Kokoro',
        '[On Play] Look at 5 cards from the top of your deck; reveal up to 1 {Water Seven} type card other than [Kokoro] and add it to your hand. Then, place the rest at the bottom of your deck in any order.'),
       ('OP03-063', 'en', 'Zambai',
        '[Blocker] (After your opponent declares an attack, you may rest this card to make it the new target of the attack.) \n [On Play] DON!! −1 (You may return the specified number of DON!! cards from your field to your DON!! deck.): If your Leader has the {Water Seven} type, draw 1 card.'),
       ('OP03-063', 'fr', 'Zambai',
        '[Blocker] (After your opponent declares an attack, you may rest this card to make it the new target of the attack.) \n [On Play] DON!! −1 (You may return the specified number of DON!! cards from your field to your DON!! deck.): If your Leader has the {Water Seven} type, draw 1 card.'),
       ('OP03-064', 'en', 'Tilestone',
        '[On K.O.] If your Leader has the {Galley-La Company} type, add up to 1 DON!! card from your DON!! deck and rest it.'),
       ('OP03-064', 'fr', 'Tilestone',
        '[On K.O.] If your Leader has the {Galley-La Company} type, add up to 1 DON!! card from your DON!! deck and rest it.'),
       ('OP03-065', 'en', 'Chimney & Gonbe',
        '[Blocker] (After your opponent declares an attack, you may rest this card to make it the new target of the attack.)'),
       ('OP03-065', 'fr', 'Chimney & Gonbe',
        '[Blocker] (After your opponent declares an attack, you may rest this card to make it the new target of the attack.)'),
       ('OP03-066', 'en', 'Paulie',
        '[On Play] ➁ (You may rest the specified number of DON!! cards in your cost area.): Add up to 1 DON!! card from your DON!! deck and set it as active. Then, if you have 8 or more DON!! cards on your field, K.O. up to 1 of your opponent''s Characters with a cost of 4 or less.'),
       ('OP03-066', 'fr', 'Paulie',
        '[On Play] ➁ (You may rest the specified number of DON!! cards in your cost area.): Add up to 1 DON!! card from your DON!! deck and set it as active. Then, if you have 8 or more DON!! cards on your field, K.O. up to 1 of your opponent''s Characters with a cost of 4 or less.'),
       ('OP03-067', 'en', 'Peepley Lulu',
        '[DON!! x1] [When Attacking] If your Leader has the {Galley-La Company} type, add up to 1 DON!! card from your DON!! deck and rest it.'),
       ('OP03-067', 'fr', 'Peepley Lulu',
        '[DON!! x1] [When Attacking] If your Leader has the {Galley-La Company} type, add up to 1 DON!! card from your DON!! deck and rest it.'),
       ('OP03-068', 'en', 'Minozebra',
        '[Banish] (When this card deals damage, the target card is trashed without activating its Trigger.) \n [On K.O.] If your Leader has the {Impel Down} type, add up to 1 DON!! card from your DON!! deck and rest it.'),
       ('OP03-068', 'fr', 'Minozebra',
        '[Banish] (When this card deals damage, the target card is trashed without activating its Trigger.) \n [On K.O.] If your Leader has the {Impel Down} type, add up to 1 DON!! card from your DON!! deck and rest it.'),
       ('OP03-069', 'en', 'Minorhinoceros',
        '[On K.O.] If your Leader has the {Impel Down} type, draw 2 cards and trash 1 card from your hand.'),
       ('OP03-069', 'fr', 'Minorhinoceros',
        '[On K.O.] If your Leader has the {Impel Down} type, draw 2 cards and trash 1 card from your hand.'),
       ('OP03-070', 'en', 'Monkey.D.Luffy',
        '[On Play] DON!! −1 (You may return the specified number of DON!! cards from your field to your DON!! deck.) You may trash 1 Character card with a cost of 5 from your hand: This Character gains [Rush] during this turn. \n (This card can attack on the turn in which it is played.)'),
       ('OP03-070', 'fr', 'Monkey.D.Luffy',
        '[On Play] DON!! −1 (You may return the specified number of DON!! cards from your field to your DON!! deck.) You may trash 1 Character card with a cost of 5 from your hand: This Character gains [Rush] during this turn. \n (This card can attack on the turn in which it is played.)'),
       ('OP03-071', 'en', 'Rob Lucci',
        '[When Attacking] DON!! −1 (You may return the specified number of DON!! cards from your field to your DON!! deck.): Rest up to 1 of your opponent''s Characters with a cost of 5 or less.'),
       ('OP03-071', 'fr', 'Rob Lucci',
        '[When Attacking] DON!! −1 (You may return the specified number of DON!! cards from your field to your DON!! deck.): Rest up to 1 of your opponent''s Characters with a cost of 5 or less.'),
       ('OP03-072', 'en', 'Gum-Gum Jet Gatling',
        '[Counter] You may trash 1 card from your hand: Up to 1 of your Leader or Character cards gains +3000 power during this battle. \n [Trigger] Add up to 1 DON!! card from your DON!! deck and set it as active.'),
       ('OP03-072', 'fr', 'Gum-Gum Jet Gatling',
        '[Counter] You may trash 1 card from your hand: Up to 1 of your Leader or Character cards gains +3000 power during this battle. \n [Trigger] Add up to 1 DON!! card from your DON!! deck and set it as active.'),
       ('OP03-073', 'en', 'Hull Dismantler Slash',
        '[Main] DON!! -1 (You may return the specified number of DON!! cards from your field to your DON!! deck.): If your Leader has the {Water Seven} type, K.O. up to 1 of your opponent''s Characters with a cost of 2 or less. \n [Trigger] Activate this card''s [Main] effect.'),
       ('OP03-073', 'fr', 'Hull Dismantler Slash',
        '[Main] DON!! -1 (You may return the specified number of DON!! cards from your field to your DON!! deck.): If your Leader has the {Water Seven} type, K.O. up to 1 of your opponent''s Characters with a cost of 2 or less. \n [Trigger] Activate this card''s [Main] effect.'),
       ('OP03-074', 'en', 'Top Knot',
        '[Main] DON!! -2 (You may return the specified number of DON!! cards from your field to your DON!! deck.): Place up to 1 of your opponent''s Characters with a cost of 4 or less at the bottom of the owner''s deck. \n [Trigger] Activate this card''s [Main] effect.'),
       ('OP03-074', 'fr', 'Top Knot',
        '[Main] DON!! -2 (You may return the specified number of DON!! cards from your field to your DON!! deck.): Place up to 1 of your opponent''s Characters with a cost of 4 or less at the bottom of the owner''s deck. \n [Trigger] Activate this card''s [Main] effect.'),
       ('OP03-075', 'en', 'Galley-La Company',
        '[Activate: Main] You may rest this Stage: If your Leader is [Iceburg], add up to 1 DON!! card from your DON!! deck and rest it.'),
       ('OP03-075', 'fr', 'Galley-La Company',
        '[Activate: Main] You may rest this Stage: If your Leader is [Iceburg], add up to 1 DON!! card from your DON!! deck and rest it.'),
       ('OP03-076', 'en', 'Rob Lucci',
        '[Your Turn] [Once Per Turn] You may trash 2 cards from your hand: When your opponent''s Character is K.O.''d, set this Leader as active.'),
       ('OP03-076', 'fr', 'Rob Lucci',
        '[Your Turn] [Once Per Turn] You may trash 2 cards from your hand: When your opponent''s Character is K.O.''d, set this Leader as active.'),
       ('OP03-077', 'en', 'Charlotte Linlin',
        '[DON!! x2] [When Attacking] ② (You may rest the specified number of DON!! cards in your cost area.) You may trash 1 card from your hand: If you have 1 or less Life cards, add up to 1 card from the top of your deck to the top of your Life cards.'),
       ('OP03-077', 'fr', 'Charlotte Linlin',
        '[DON!! x2] [When Attacking] ② (You may rest the specified number of DON!! cards in your cost area.) You may trash 1 card from your hand: If you have 1 or less Life cards, add up to 1 card from the top of your deck to the top of your Life cards.'),
       ('OP03-078', 'en', 'Issho',
        '[DON!! x1] [Your Turn] Give all of your opponent''s Characters −3 cost. \n [On Play] If your opponent has 6 or more cards in their hand, trash 2 cards from your opponent''s hand.'),
       ('OP03-078', 'fr', 'Issho',
        '[DON!! x1] [Your Turn] Give all of your opponent''s Characters −3 cost. \n [On Play] If your opponent has 6 or more cards in their hand, trash 2 cards from your opponent''s hand.'),
       ('OP03-079', 'en', 'Vergo', '[DON!! x1] This Character cannot be K.O.''d in battle.'),
       ('OP03-079', 'fr', 'Vergo', '[DON!! x1] This Character cannot be K.O.''d in battle.'),
       ('OP03-080', 'en', 'Kaku',
        '[On Play] You may place 2 cards with a type including "CP" from your trash at the bottom of your deck in any order: K.O. up to 1 of your opponent''s Characters with a cost of 3 or less.'),
       ('OP03-080', 'fr', 'Kaku',
        '[On Play] You may place 2 cards with a type including "CP" from your trash at the bottom of your deck in any order: K.O. up to 1 of your opponent''s Characters with a cost of 3 or less.'),
       ('OP03-081', 'en', 'Kalifa',
        '[On Play] Draw 2 cards and trash 2 cards from your hand. Then, give up to 1 of your opponent''s Characters −2 cost during this turn.'),
       ('OP03-081', 'fr', 'Kalifa',
        '[On Play] Draw 2 cards and trash 2 cards from your hand. Then, give up to 1 of your opponent''s Characters −2 cost during this turn.'),
       ('OP03-082', 'en', 'Kumadori', NULL),
       ('OP03-082', 'fr', 'Kumadori', NULL),
       ('OP03-083', 'en', 'Corgy',
        '[On Play] Look at 5 cards from the top of your deck and trash up to 2 cards. Then, place the rest at the bottom of your deck in any order.'),
       ('OP03-083', 'fr', 'Corgy',
        '[On Play] Look at 5 cards from the top of your deck and trash up to 2 cards. Then, place the rest at the bottom of your deck in any order.'),
       ('OP03-084', 'en', 'Jerry', NULL),
       ('OP03-084', 'fr', 'Jerry', NULL),
       ('OP03-085', 'en', 'Jabra', NULL),
       ('OP03-085', 'fr', 'Jabra', NULL),
       ('OP03-086', 'en', 'Spandam',
        '[On Play] If your Leader''s type includes "CP", look at 3 cards from the top of your deck; reveal up to 1 card with a type including "CP" other than [Spandam] and add it to your hand. Then, trash the rest.'),
       ('OP03-086', 'fr', 'Spandam',
        '[On Play] If your Leader''s type includes "CP", look at 3 cards from the top of your deck; reveal up to 1 card with a type including "CP" other than [Spandam] and add it to your hand. Then, trash the rest.'),
       ('OP03-087', 'en', 'Nero', NULL),
       ('OP03-087', 'fr', 'Nero', NULL),
       ('OP03-088', 'en', 'Fukurou',
        'This Character cannot be K.O.''d by effects. \n [Blocker] (After your opponent declares an attack, you may rest this card to make it the new target of the attack.)'),
       ('OP03-088', 'fr', 'Fukurou',
        'This Character cannot be K.O.''d by effects. \n [Blocker] (After your opponent declares an attack, you may rest this card to make it the new target of the attack.)'),
       ('OP03-089', 'en', 'Brannew',
        '[On Play] Look at 3 cards from the top of your deck; reveal up to 1 {Navy} type card other than [Brannew] and add it to your hand. Then, trash the rest.'),
       ('OP03-089', 'fr', 'Brannew',
        '[On Play] Look at 3 cards from the top of your deck; reveal up to 1 {Navy} type card other than [Brannew] and add it to your hand. Then, trash the rest.'),
       ('OP03-090', 'en', 'Blueno',
        '[DON!! x1] This Character gains [Blocker]. \n (After your opponent declares an attack, you may rest this card to make it the new target of the attack.) \n [On K.O.] Play up to 1 Character card with a type including "CP" and a cost of 4 or less from your trash rested.'),
       ('OP03-090', 'fr', 'Blueno',
        '[DON!! x1] This Character gains [Blocker]. \n (After your opponent declares an attack, you may rest this card to make it the new target of the attack.) \n [On K.O.] Play up to 1 Character card with a type including "CP" and a cost of 4 or less from your trash rested.'),
       ('OP03-091', 'en', 'Helmeppo',
        '[On Play] Set the cost of up to 1 of your opponent''s Characters with no base effect to 0 during this turn.'),
       ('OP03-091', 'fr', 'Helmeppo',
        '[On Play] Set the cost of up to 1 of your opponent''s Characters with no base effect to 0 during this turn.'),
       ('OP03-092', 'en', 'Rob Lucci',
        '[On Play] You may place 2 cards with a type including "CP" from your trash at the bottom of your deck in any order: This Character gains [Rush] during this turn. \n (This card can attack on the turn in which it is played.)'),
       ('OP03-092', 'fr', 'Rob Lucci',
        '[On Play] You may place 2 cards with a type including "CP" from your trash at the bottom of your deck in any order: This Character gains [Rush] during this turn. \n (This card can attack on the turn in which it is played.)'),
       ('OP03-093', 'en', 'Wanze',
        '[On Play] You may trash 1 card from your hand: If your Leader''s type includes "CP", K.O. up to 1 of your opponent''s Characters with a cost of 1 or less.'),
       ('OP03-093', 'fr', 'Wanze',
        '[On Play] You may trash 1 card from your hand: If your Leader''s type includes "CP", K.O. up to 1 of your opponent''s Characters with a cost of 1 or less.'),
       ('OP03-094', 'en', 'Air Door',
        '[Main] If your Leader''s type includes "CP", look at 5 cards from the top of your deck; play up to 1 Character card with a type including "CP" and a cost of 5 or less. Then, trash the rest. \n [Trigger] Play up to 1 black Character card with a cost of 3 or less from your trash.'),
       ('OP03-094', 'fr', 'Air Door',
        '[Main] If your Leader''s type includes "CP", look at 5 cards from the top of your deck; play up to 1 Character card with a type including "CP" and a cost of 5 or less. Then, trash the rest. \n [Trigger] Play up to 1 black Character card with a cost of 3 or less from your trash.'),
       ('OP03-095', 'en', 'Soap Sheep',
        '[Main] Give up to 2 of your opponent''s Characters -2 cost during this turn. \n [Trigger] Your opponent trashes 1 card from their hand.'),
       ('OP03-095', 'fr', 'Soap Sheep',
        '[Main] Give up to 2 of your opponent''s Characters -2 cost during this turn. \n [Trigger] Your opponent trashes 1 card from their hand.'),
       ('OP03-096', 'en', 'Tempest Kick Sky Slicer',
        '[Main] K.O. up to 1 of your opponent''s Characters with a cost of 0 or your opponent''s Stages with a cost of 3 or less. \n [Trigger] Draw 2 cards.'),
       ('OP03-096', 'fr', 'Tempest Kick Sky Slicer',
        '[Main] K.O. up to 1 of your opponent''s Characters with a cost of 0 or your opponent''s Stages with a cost of 3 or less. \n [Trigger] Draw 2 cards.'),
       ('OP03-097', 'en', 'Six King Pistol',
        '[Counter] You may trash 1 card from your hand: Up to 1 of your Leader or Character cards gains +3000 power during this battle. \n [Trigger] Draw 1 card. Then, K.O. up to 1 of your opponent''s Characters with a cost of 1 or less.'),
       ('OP03-097', 'fr', 'Six King Pistol',
        '[Counter] You may trash 1 card from your hand: Up to 1 of your Leader or Character cards gains +3000 power during this battle. \n [Trigger] Draw 1 card. Then, K.O. up to 1 of your opponent''s Characters with a cost of 1 or less.'),
       ('OP03-098', 'en', 'Enies Lobby',
        '[Activate: Main] You may rest this Stage: If your Leader''s type includes "CP", give up to 1 of your opponent''s Characters -2 cost during this turn. \n [Trigger] Play this card.'),
       ('OP03-098', 'fr', 'Enies Lobby',
        '[Activate: Main] You may rest this Stage: If your Leader''s type includes "CP", give up to 1 of your opponent''s Characters -2 cost during this turn. \n [Trigger] Play this card.'),
       ('OP03-099', 'en', 'Charlotte Katakuri',
        '[DON!! x1] [When Attacking] Look at up to 1 card from the top of your or your opponent''s Life cards, and place it at the top or bottom of the Life cards. Then, this Leader gains +1000 power during this battle.'),
       ('OP03-099', 'fr', 'Charlotte Katakuri',
        '[DON!! x1] [When Attacking] Look at up to 1 card from the top of your or your opponent''s Life cards, and place it at the top or bottom of the Life cards. Then, this Leader gains +1000 power during this battle.'),
       ('OP03-100', 'en', 'Kingbaum',
        '[Trigger] You may trash 1 card from the top or bottom of your Life cards: Play this card.'),
       ('OP03-100', 'fr', 'Kingbaum',
        '[Trigger] You may trash 1 card from the top or bottom of your Life cards: Play this card.'),
       ('OP03-101', 'en', 'Camie', NULL),
       ('OP03-101', 'fr', 'Camie', NULL),
       ('OP03-102', 'en', 'Sanji',
        '[DON!! x2] [When Attacking] You may add 1 card from the top or bottom of your Life cards to your hand: Add up to 1 card from the top of your deck to the top of your Life cards.'),
       ('OP03-102', 'fr', 'Sanji',
        '[DON!! x2] [When Attacking] You may add 1 card from the top or bottom of your Life cards to your hand: Add up to 1 card from the top of your deck to the top of your Life cards.'),
       ('OP03-103', 'en', 'Bobbin the Disposer', NULL),
       ('OP03-103', 'fr', 'Bobbin the Disposer', NULL),
       ('OP03-104', 'en', 'Shirley',
        '[Blocker] (After your opponent declares an attack, you may rest this card to make it the new target of the attack.) \n [On Play] Look at up to 1 card from the top of your or your opponent''s Life cards, and place it at the top or bottom of the Life cards.'),
       ('OP03-104', 'fr', 'Shirley',
        '[Blocker] (After your opponent declares an attack, you may rest this card to make it the new target of the attack.) \n [On Play] Look at up to 1 card from the top of your or your opponent''s Life cards, and place it at the top or bottom of the Life cards.'),
       ('OP03-105', 'en', 'Charlotte Oven',
        '[DON!! x1] [When Attacking] You may trash 1 card with a [Trigger] from your hand: This Character gains +3000 power during this battle.'),
       ('OP03-105', 'fr', 'Charlotte Oven',
        '[DON!! x1] [When Attacking] You may trash 1 card with a [Trigger] from your hand: This Character gains +3000 power during this battle.'),
       ('OP03-106', 'en', 'Charlotte Opera', NULL),
       ('OP03-106', 'fr', 'Charlotte Opera', NULL),
       ('OP03-107', 'en', 'Charlotte Galette',
        '[Blocker] (After your opponent declares an attack, you may rest this card to make it the new target of the attack.)'),
       ('OP03-107', 'fr', 'Charlotte Galette',
        '[Blocker] (After your opponent declares an attack, you may rest this card to make it the new target of the attack.)'),
       ('OP03-108', 'en', 'Charlotte Cracker',
        '[DON!! x1] If you have less Life cards than your opponent, this Character gains [Double Attack] and +1000 power. \n (This card deals 2 damage.) \n [Trigger] You may trash 1 card from your hand: Play this card.'),
       ('OP03-108', 'fr', 'Charlotte Cracker',
        '[DON!! x1] If you have less Life cards than your opponent, this Character gains [Double Attack] and +1000 power. \n (This card deals 2 damage.) \n [Trigger] You may trash 1 card from your hand: Play this card.'),
       ('OP03-109', 'en', 'Charlotte Chiffon',
        '[On Play] You may trash 1 card from the top or bottom of your Life cards: Add up to 1 card from the top of your deck to the top of your Life cards.'),
       ('OP03-109', 'fr', 'Charlotte Chiffon',
        '[On Play] You may trash 1 card from the top or bottom of your Life cards: Add up to 1 card from the top of your deck to the top of your Life cards.'),
       ('OP03-110', 'en', 'Charlotte Smoothie',
        '[When Attacking] You may add 1 card from the top or bottom of your Life cards to your hand: This Character gains +2000 power during this battle. \n [Trigger] You may trash 1 card from your hand: Play this card.'),
       ('OP03-110', 'fr', 'Charlotte Smoothie',
        '[When Attacking] You may add 1 card from the top or bottom of your Life cards to your hand: This Character gains +2000 power during this battle. \n [Trigger] You may trash 1 card from your hand: Play this card.'),
       ('OP03-111', 'en', 'Charlotte Praline', NULL),
       ('OP03-111', 'fr', 'Charlotte Praline', NULL),
       ('OP03-112', 'en', 'Charlotte Pudding',
        '[On Play] Look at 4 cards from the top of your deck; reveal up to 1 [Sanji] or {Big Mom Pirates} type card other than [Charlotte Pudding] and add it to your hand. Then, place the rest at the bottom of your deck in any order.'),
       ('OP03-112', 'fr', 'Charlotte Pudding',
        '[On Play] Look at 4 cards from the top of your deck; reveal up to 1 [Sanji] or {Big Mom Pirates} type card other than [Charlotte Pudding] and add it to your hand. Then, place the rest at the bottom of your deck in any order.'),
       ('OP03-113', 'en', 'Charlotte Perospero',
        '[On K.O.] Look at 3 cards from the top of your deck; reveal up to 1 {Big Mom Pirates} type card and add it to your hand. Then, place the rest at the bottom of your deck in any order. \n [Trigger] You may trash 1 card from your hand: Play this card.'),
       ('OP03-113', 'fr', 'Charlotte Perospero',
        '[On K.O.] Look at 3 cards from the top of your deck; reveal up to 1 {Big Mom Pirates} type card and add it to your hand. Then, place the rest at the bottom of your deck in any order. \n [Trigger] You may trash 1 card from your hand: Play this card.'),
       ('OP03-114', 'en', 'Charlotte Linlin',
        '[On Play] If your Leader has the {Big Mom Pirates} type, add up to 1 card from the top of your deck to the top of your Life cards. Then, trash up to 1 card from the top of your opponent''s Life cards.'),
       ('OP03-114', 'fr', 'Charlotte Linlin',
        '[On Play] If your Leader has the {Big Mom Pirates} type, add up to 1 card from the top of your deck to the top of your Life cards. Then, trash up to 1 card from the top of your opponent''s Life cards.'),
       ('OP03-115', 'en', 'Streusen',
        '[On Play] You may trash 1 card with a [Trigger] from your hand: K.O. up to 1 of your opponent''s Characters with a cost of 1 or less.'),
       ('OP03-115', 'fr', 'Streusen',
        '[On Play] You may trash 1 card with a [Trigger] from your hand: K.O. up to 1 of your opponent''s Characters with a cost of 1 or less.'),
       ('OP03-116', 'en', 'Shirahoshi',
        '[On Play] Draw 3 cards and trash 2 cards from your hand. \n [Trigger] Play this card.'),
       ('OP03-116', 'fr', 'Shirahoshi',
        '[On Play] Draw 3 cards and trash 2 cards from your hand. \n [Trigger] Play this card.'),
       ('OP03-117', 'en', 'Napoleon',
        '[Activate: Main] You may rest this Character: Up to 1 of your [Charlotte Linlin] cards gains +1000 power until the start of your next turn. \n [Trigger] Play this card.'),
       ('OP03-117', 'fr', 'Napoleon',
        '[Activate: Main] You may rest this Character: Up to 1 of your [Charlotte Linlin] cards gains +1000 power until the start of your next turn. \n [Trigger] Play this card.'),
       ('OP03-118', 'en', 'Ikoku Sovereignty',
        '[Counter] Up to 1 of your Leader or Character cards gains +5000 power during this battle. \n [Trigger] You may trash 2 cards from your hand: Add up to 1 card from the top of your deck to the top of your Life cards.'),
       ('OP03-118', 'fr', 'Ikoku Sovereignty',
        '[Counter] Up to 1 of your Leader or Character cards gains +5000 power during this battle. \n [Trigger] You may trash 2 cards from your hand: Add up to 1 card from the top of your deck to the top of your Life cards.'),
       ('OP03-119', 'en', 'Buzz Cut Mochi',
        '[Main] If you have less Life cards than your opponent, K.O. up to 1 of your opponent''s Characters with a cost of 4 or less. \n [Trigger] Play up to 1 Character card with a cost of 4 or less and a [Trigger] from your hand.'),
       ('OP03-119', 'fr', 'Buzz Cut Mochi',
        '[Main] If you have less Life cards than your opponent, K.O. up to 1 of your opponent''s Characters with a cost of 4 or less. \n [Trigger] Play up to 1 Character card with a cost of 4 or less and a [Trigger] from your hand.'),
       ('OP03-120', 'en', 'Tropical Torment',
        '[Main] If your opponent has 4 or more Life cards, trash up to 1 card from the top of your opponent''s Life cards. \n [Trigger] Activate this card''s [Main] effect.'),
       ('OP03-120', 'fr', 'Tropical Torment',
        '[Main] If your opponent has 4 or more Life cards, trash up to 1 card from the top of your opponent''s Life cards. \n [Trigger] Activate this card''s [Main] effect.'),
       ('OP03-121', 'en', 'Thunder Bolt',
        '[Main] You may trash 1 card from the top of your Life cards: K.O. up to 1 of your opponent''s Characters with a cost of 5 or less. \n [Trigger] K.O. up to 1 of your opponent''s Characters with a cost of 5 or less.'),
       ('OP03-121', 'fr', 'Thunder Bolt',
        '[Main] You may trash 1 card from the top of your Life cards: K.O. up to 1 of your opponent''s Characters with a cost of 5 or less. \n [Trigger] K.O. up to 1 of your opponent''s Characters with a cost of 5 or less.'),
       ('OP03-122', 'en', 'Sogeking',
        'Also treat this card''s name as [Usopp] according to the rules. \n [On Play] Return up to 1 Character with a cost of 6 or less to the owner''s hand. Then, draw 2 cards and trash 2 cards from your hand.'),
       ('OP03-122', 'fr', 'Sogeking',
        'Also treat this card''s name as [Usopp] according to the rules. \n [On Play] Return up to 1 Character with a cost of 6 or less to the owner''s hand. Then, draw 2 cards and trash 2 cards from your hand.'),
       ('OP03-123', 'en', 'Charlotte Katakuri',
        '[On Play] Add up to 1 Character with a cost of 8 or less to the top or bottom of the owner''s Life cards face-up.'),
       ('OP03-123', 'fr', 'Charlotte Katakuri',
        '[On Play] Add up to 1 Character with a cost of 8 or less to the top or bottom of the owner''s Life cards face-up.')
ON CONFLICT DO NOTHING;




