INSERT INTO UT_TAG
VALUES (128),
       (129),
       (130),
       (131),
       (132)
ON CONFLICT DO NOTHING;

INSERT INTO UT_TAG_DESCRIPTION(TAG_ID, LANGUAGE_CODE, NAME)
VALUES (128, 'en', 'Botanist'),
       (128, 'fr', 'Botanist'),
       (129, 'en', 'Seraphim'),
       (129, 'fr', 'Seraphim'),
       (130, 'en', 'Jaya'),
       (130, 'fr', 'Jaya'),
       (131, 'en', 'Lunarian'),
       (131, 'fr', 'Lunarian'),
       (132, 'en', 'Former Cp9'),
       (132, 'fr', 'Former Cp9')
ON CONFLICT DO NOTHING;

INSERT INTO UT_PRODUCT(ID, RELEASE_DATE)
VALUES ('OP-08', '2024-09-13')
ON CONFLICT DO NOTHING;

INSERT INTO UT_PRODUCT_DESCRIPTION (PRODUCT_ID, LANGUAGE_CODE, NAME)
VALUES ('OP-08', 'en', '[OP-08] TWO LEGENDS'),
       ('OP-08', 'fr', '[OP-08] TWO LEGENDS')
ON CONFLICT DO NOTHING;


INSERT INTO UT_CARD (ID, TYPE_ID, ATTRIBUTE_ID, COST, POWER, LIFE, COUNTER)
VALUES ('OP08-001', 0, 0, NULL, 5000, 4, NULL),
       ('OP08-002', 0, 2, NULL, 5000, 4, NULL),
       ('OP08-003', 1, 3, 2, 2000, NULL, 1000),
       ('OP08-004', 1, 0, 4, 5000, NULL, 1000),
       ('OP08-005', 1, 1, 3, 3000, NULL, 1000),
       ('OP08-006', 1, 0, 5, 6000, NULL, 1000),
       ('OP08-007', 1, 0, 3, 5000, NULL, NULL),
       ('OP08-008', 1, 4, 5, 6000, NULL, 1000),
       ('OP08-009', 1, 3, 3, 5000, NULL, 1000),
       ('OP08-010', 1, 3, 3, 3000, NULL, 2000),
       ('OP08-011', 1, 2, 6, 8000, NULL, 1000),
       ('OP08-012', 1, 0, 3, 3000, NULL, 1000),
       ('OP08-013', 1, 3, 3, 4000, NULL, 1000),
       ('OP08-014', 1, 0, 6, 6000, NULL, 1000),
       ('OP08-015', 1, 3, 1, 2000, NULL, 1000),
       ('OP08-016', 1, 3, 3, NULL, NULL, 2000),
       ('OP08-017', 3, NULL, 2, NULL, NULL, NULL),
       ('OP08-018', 3, NULL, 2, NULL, NULL, NULL),
       ('OP08-019', 3, NULL, 3, NULL, NULL, NULL),
       ('OP08-020', 2, NULL, 1, NULL, NULL, NULL),
       ('OP08-021', 0, 2, NULL, 5000, 5, NULL),
       ('OP08-022', 1, 4, 5, 6000, NULL, 1000),
       ('OP08-023', 1, 2, 5, 6000, NULL, 1000),
       ('OP08-024', 1, 4, 3, 4000, NULL, 1000),
       ('OP08-025', 1, 4, 3, 4000, NULL, 1000),
       ('OP08-026', 1, 4, 2, 3000, NULL, 1000),
       ('OP08-027', 1, 3, 1, 3000, NULL, 1000),
       ('OP08-028', 1, 4, 5, 6000, NULL, 1000),
       ('OP08-029', 1, 0, 4, 6000, NULL, NULL),
       ('OP08-030', 1, 4, 4, 5000, NULL, 1000),
       ('OP08-031', 1, 3, 3, 1000, NULL, 1000),
       ('OP08-032', 1, 3, 2, NULL, NULL, 2000),
       ('OP08-033', 1, 4, 1, 2000, NULL, 1000),
       ('OP08-034', 1, 4, 1, 2000, NULL, 1000),
       ('OP08-035', 1, 0, 2, 4000, NULL, 1000),
       ('OP08-036', 3, NULL, 3, NULL, NULL, NULL),
       ('OP08-037', 3, NULL, 1, NULL, NULL, NULL),
       ('OP08-038', 3, NULL, 1, NULL, NULL, NULL),
       ('OP08-039', 2, NULL, 3, NULL, NULL, NULL),
       ('OP08-040', 1, 4, 4, 5000, NULL, 1000),
       ('OP08-041', 1, 4, 3, 4000, NULL, 2000),
       ('OP08-042', 1, 4, 4, 5000, NULL, 1000),
       ('OP08-043', 1, 2, 10, 12000, NULL, NULL),
       ('OP08-044', 1, 0, 4, 4000, NULL, 2000),
       ('OP08-045', 1, 4, 4, 5000, NULL, 1000),
       ('OP08-046', 1, 3, 5, 6000, NULL, 1000),
       ('OP08-047', 1, 0, 6, 7000, NULL, 1000),
       ('OP08-048', 1, 0, 4, 6000, NULL, 1000),
       ('OP08-049', 1, 4, 4, 5000, NULL, 1000),
       ('OP08-050', 1, 0, 3, 2000, NULL, 1000),
       ('OP08-051', 1, 3, 1, 2000, NULL, 1000),
       ('OP08-052', 1, 2, 5, 6000, NULL, 1000),
       ('OP08-053', 3, NULL, 1, NULL, NULL, NULL),
       ('OP08-054', 3, NULL, 3, NULL, NULL, NULL),
       ('OP08-055', 3, NULL, 4, NULL, NULL, NULL),
       ('OP08-056', 2, NULL, 2, NULL, NULL, NULL),
       ('OP08-057', 0, 2, NULL, 5000, 4, NULL),
       ('OP08-058', 0, 3, NULL, 5000, 4, NULL),
       ('OP08-059', 1, 2, 4, 5000, NULL, 1000),
       ('OP08-060', 1, 2, 7, 8000, NULL, NULL),
       ('OP08-061', 1, 2, 5, 6000, NULL, 1000),
       ('OP08-062', 1, 0, 2, 3000, NULL, 1000),
       ('OP08-063', 1, 0, 6, 7000, NULL, 1000),
       ('OP08-064', 1, 4, 4, 5000, NULL, 1000),
       ('OP08-065', 1, 2, 7, 9000, NULL, 1000),
       ('OP08-066', 1, 2, 4, 1000, NULL, 1000),
       ('OP08-067', 1, 3, 3, 4000, NULL, 1000),
       ('OP08-068', 1, 2, 3, 5000, NULL, NULL),
       ('OP08-069', 1, 2, 9, 9000, NULL, NULL),
       ('OP08-070', 1, 0, 3, 4000, NULL, 1000),
       ('OP08-071', 1, 0, 6, 7000, NULL, 1000),
       ('OP08-072', 1, 4, 5, 5000, NULL, 1000),
       ('OP08-073', 1, 0, 5, 6000, NULL, 1000),
       ('OP08-074', 1, 2, 3, 2000, NULL, 2000),
       ('OP08-075', 3, NULL, 1, NULL, NULL, NULL),
       ('OP08-076', 3, NULL, 3, NULL, NULL, NULL),
       ('OP08-077', 3, NULL, 6, NULL, NULL, NULL),
       ('OP08-078', 1, 0, 4, 6000, NULL, 1000),
       ('OP08-079', 1, 0, 9, 9000, NULL, NULL),
       ('OP08-080', 1, 0, 1, 2000, NULL, 1000),
       ('OP08-081', 1, 0, 1, 2000, NULL, 1000),
       ('OP08-082', 1, 4, 1, 1000, NULL, 2000),
       ('OP08-083', 1, 4, 2, 3000, NULL, 1000),
       ('OP08-084', 1, 4, 7, 8000, NULL, NULL),
       ('OP08-085', 1, 0, 5, 6000, NULL, NULL),
       ('OP08-086', 1, 0, 2, 3000, NULL, 1000),
       ('OP08-087', 1, 1, 4, 5000, NULL, 1000),
       ('OP08-088', 1, 1, 1, 2000, NULL, 2000),
       ('OP08-089', 1, 4, 7, 9000, NULL, 1000),
       ('OP08-090', 1, 4, 3, 4000, NULL, 1000),
       ('OP08-091', 1, 4, 5, 5000, NULL, 2000),
       ('OP08-092', 1, 0, 5, 5000, NULL, 1000),
       ('OP08-093', 1, 4, 4, 6000, NULL, NULL),
       ('OP08-094', 3, NULL, 2, NULL, NULL, NULL),
       ('OP08-095', 3, NULL, 2, NULL, NULL, NULL),
       ('OP08-096', 3, NULL, 1, NULL, NULL, NULL),
       ('OP08-097', 3, NULL, 3, NULL, NULL, NULL),
       ('OP08-098', 0, 4, NULL, 5000, 5, NULL),
       ('OP08-099', 1, 4, 6, 8000, NULL, 1000),
       ('OP08-100', 1, 3, 1, 2000, NULL, 1000),
       ('OP08-101', 1, 4, 2, 3000, NULL, 1000),
       ('OP08-102', 1, 2, 6, 6000, NULL, 1000),
       ('OP08-103', 1, 4, 2, 3000, NULL, 1000),
       ('OP08-104', 1, 3, 1, 2000, NULL, 1000),
       ('OP08-105', 1, 2, 3, 4000, NULL, 1000),
       ('OP08-106', 1, 2, 5, 5000, NULL, 1000),
       ('OP08-107', 1, 2, 1, 2000, NULL, 1000),
       ('OP08-108', 1, 0, 4, 6000, NULL, 1000),
       ('OP08-109', 1, 4, 5, 6000, NULL, 1000),
       ('OP08-110', 1, 1, 4, 5000, NULL, 2000),
       ('OP08-111', 1, 2, 4, 5000, NULL, 1000),
       ('OP08-112', 1, 2, 5, 6000, NULL, 1000),
       ('OP08-113', 1, 2, 3, 4000, NULL, 1000),
       ('OP08-114', 1, 4, 4, 5000, NULL, 1000),
       ('OP08-115', 3, NULL, 1, NULL, NULL, NULL),
       ('OP08-116', 3, NULL, 2, NULL, NULL, NULL),
       ('OP08-117', 3, NULL, 5, NULL, NULL, NULL),
       ('OP08-118', 1, 4, 8, 8000, NULL, NULL),
       ('OP08-119', 1, 0, 10, 12000, NULL, NULL)
ON CONFLICT DO NOTHING;

INSERT INTO UT_CARD_IMAGE (CARD_ID, NAME, RARITY_ID, PRODUCT_ID)
VALUES ('OP02-013', 'OP02-013_p3.png', 6, 'OP-08'),
       ('OP03-112', 'OP03-112_p4.png', 6, 'OP-08'),
       ('OP08-001', 'OP08-001.png', 0, 'OP-08'),
       ('OP08-001', 'OP08-001_p1.png', 0, 'OP-08'),
       ('OP08-002', 'OP08-002.png', 0, 'OP-08'),
       ('OP08-002', 'OP08-002_p1.png', 0, 'OP-08'),
       ('OP08-003', 'OP08-003.png', 1, 'OP-08'),
       ('OP08-004', 'OP08-004.png', 1, 'OP-08'),
       ('OP08-005', 'OP08-005.png', 1, 'OP-08'),
       ('OP08-006', 'OP08-006.png', 2, 'OP-08'),
       ('OP08-007', 'OP08-007.png', 3, 'OP-08'),
       ('OP08-007', 'OP08-007_p1.png', 3, 'OP-08'),
       ('OP08-008', 'OP08-008.png', 5, 'OP-08'),
       ('OP08-009', 'OP08-009.png', 1, 'OP-08'),
       ('OP08-010', 'OP08-010.png', 2, 'OP-08'),
       ('OP08-011', 'OP08-011.png', 1, 'OP-08'),
       ('OP08-012', 'OP08-012.png', 2, 'OP-08'),
       ('OP08-013', 'OP08-013.png', 2, 'OP-08'),
       ('OP08-014', 'OP08-014.png', 5, 'OP-08'),
       ('OP08-015', 'OP08-015.png', 5, 'OP-08'),
       ('OP08-015', 'OP08-015_p1.png', 5, 'OP-08'),
       ('OP08-016', 'OP08-016.png', 5, 'OP-08'),
       ('OP08-017', 'OP08-017.png', 1, 'OP-08'),
       ('OP08-018', 'OP08-018.png', 5, 'OP-08'),
       ('OP08-019', 'OP08-019.png', 2, 'OP-08'),
       ('OP08-020', 'OP08-020.png', 1, 'OP-08'),
       ('OP08-021', 'OP08-021.png', 0, 'OP-08'),
       ('OP08-021', 'OP08-021_p1.png', 0, 'OP-08'),
       ('OP08-022', 'OP08-022.png', 2, 'OP-08'),
       ('OP08-023', 'OP08-023.png', 3, 'OP-08'),
       ('OP08-023', 'OP08-023_p1.png', 3, 'OP-08'),
       ('OP08-024', 'OP08-024.png', 2, 'OP-08'),
       ('OP08-025', 'OP08-025.png', 1, 'OP-08'),
       ('OP08-026', 'OP08-026.png', 1, 'OP-08'),
       ('OP08-027', 'OP08-027.png', 1, 'OP-08'),
       ('OP08-028', 'OP08-028.png', 2, 'OP-08'),
       ('OP08-029', 'OP08-029.png', 1, 'OP-08'),
       ('OP08-030', 'OP08-030.png', 5, 'OP-08'),
       ('OP08-030', 'OP08-030_p1.png', 5, 'OP-08'),
       ('OP08-031', 'OP08-031.png', 1, 'OP-08'),
       ('OP08-032', 'OP08-032.png', 2, 'OP-08'),
       ('OP08-033', 'OP08-033.png', 1, 'OP-08'),
       ('OP08-034', 'OP08-034.png', 5, 'OP-08'),
       ('OP08-035', 'OP08-035.png', 1, 'OP-08'),
       ('OP08-036', 'OP08-036.png', 5, 'OP-08'),
       ('OP08-037', 'OP08-037.png', 2, 'OP-08'),
       ('OP08-038', 'OP08-038.png', 1, 'OP-08'),
       ('OP08-039', 'OP08-039.png', 5, 'OP-08'),
       ('OP08-040', 'OP08-040.png', 2, 'OP-08'),
       ('OP08-041', 'OP08-041.png', 1, 'OP-08'),
       ('OP08-042', 'OP08-042.png', 2, 'OP-08'),
       ('OP08-043', 'OP08-043.png', 3, 'OP-08'),
       ('OP08-043', 'OP08-043_p1.png', 3, 'OP-08'),
       ('OP08-044', 'OP08-044.png', 2, 'OP-08'),
       ('OP08-045', 'OP08-045.png', 2, 'OP-08'),
       ('OP08-046', 'OP08-046.png', 5, 'OP-08'),
       ('OP08-047', 'OP08-047.png', 5, 'OP-08'),
       ('OP08-048', 'OP08-048.png', 1, 'OP-08'),
       ('OP08-049', 'OP08-049.png', 1, 'OP-08'),
       ('OP08-050', 'OP08-050.png', 1, 'OP-08'),
       ('OP08-051', 'OP08-051.png', 1, 'OP-08'),
       ('OP08-052', 'OP08-052.png', 5, 'OP-08'),
       ('OP08-052', 'OP08-052_p1.png', 5, 'OP-08'),
       ('OP08-053', 'OP08-053.png', 5, 'OP-08'),
       ('OP08-054', 'OP08-054.png', 1, 'OP-08'),
       ('OP08-055', 'OP08-055.png', 2, 'OP-08'),
       ('OP08-056', 'OP08-056.png', 1, 'OP-08'),
       ('OP08-057', 'OP08-057.png', 0, 'OP-08'),
       ('OP08-057', 'OP08-057_p1.png', 0, 'OP-08'),
       ('OP08-058', 'OP08-058.png', 0, 'OP-08'),
       ('OP08-058', 'OP08-058_p1.png', 0, 'OP-08'),
       ('OP08-059', 'OP08-059.png', 2, 'OP-08'),
       ('OP08-060', 'OP08-060.png', 5, 'OP-08'),
       ('OP08-061', 'OP08-061.png', 2, 'OP-08'),
       ('OP08-062', 'OP08-062.png', 2, 'OP-08'),
       ('OP08-063', 'OP08-063.png', 5, 'OP-08'),
       ('OP08-064', 'OP08-064.png', 1, 'OP-08'),
       ('OP08-065', 'OP08-065.png', 1, 'OP-08'),
       ('OP08-066', 'OP08-066.png', 2, 'OP-08'),
       ('OP08-067', 'OP08-067.png', 5, 'OP-08'),
       ('OP08-067', 'OP08-067_p1.png', 5, 'OP-08'),
       ('OP08-068', 'OP08-068.png', 1, 'OP-08'),
       ('OP08-069', 'OP08-069.png', 3, 'OP-08'),
       ('OP08-069', 'OP08-069_p1.png', 3, 'OP-08'),
       ('OP08-070', 'OP08-070.png', 1, 'OP-08'),
       ('OP08-071', 'OP08-071.png', 1, 'OP-08'),
       ('OP08-072', 'OP08-072.png', 1, 'OP-08'),
       ('OP08-073', 'OP08-073.png', 1, 'OP-08'),
       ('OP08-074', 'OP08-074.png', 3, 'OP-08'),
       ('OP08-074', 'OP08-074_p1.png', 3, 'OP-08'),
       ('OP08-075', 'OP08-075.png', 1, 'OP-08'),
       ('OP08-076', 'OP08-076.png', 2, 'OP-08'),
       ('OP08-077', 'OP08-077.png', 5, 'OP-08'),
       ('OP08-078', 'OP08-078.png', 1, 'OP-08'),
       ('OP08-079', 'OP08-079.png', 3, 'OP-08'),
       ('OP08-079', 'OP08-079_p1.png', 3, 'OP-08'),
       ('OP08-080', 'OP08-080.png', 5, 'OP-08'),
       ('OP08-080', 'OP08-080_p1.png', 5, 'OP-08'),
       ('OP08-081', 'OP08-081.png', 1, 'OP-08'),
       ('OP08-082', 'OP08-082.png', 5, 'OP-08'),
       ('OP08-083', 'OP08-083.png', 2, 'OP-08'),
       ('OP08-084', 'OP08-084.png', 3, 'OP-08'),
       ('OP08-084', 'OP08-084_p1.png', 3, 'OP-08'),
       ('OP08-085', 'OP08-085.png', 2, 'OP-08'),
       ('OP08-086', 'OP08-086.png', 1, 'OP-08'),
       ('OP08-087', 'OP08-087.png', 2, 'OP-08'),
       ('OP08-088', 'OP08-088.png', 2, 'OP-08'),
       ('OP08-089', 'OP08-089.png', 1, 'OP-08'),
       ('OP08-090', 'OP08-090.png', 1, 'OP-08'),
       ('OP08-091', 'OP08-091.png', 5, 'OP-08'),
       ('OP08-092', 'OP08-092.png', 5, 'OP-08'),
       ('OP08-093', 'OP08-093.png', 1, 'OP-08'),
       ('OP08-094', 'OP08-094.png', 5, 'OP-08'),
       ('OP08-095', 'OP08-095.png', 2, 'OP-08'),
       ('OP08-096', 'OP08-096.png', 1, 'OP-08'),
       ('OP08-097', 'OP08-097.png', 1, 'OP-08'),
       ('OP08-098', 'OP08-098.png', 0, 'OP-08'),
       ('OP08-098', 'OP08-098_p1.png', 0, 'OP-08'),
       ('OP08-099', 'OP08-099.png', 1, 'OP-08'),
       ('OP08-100', 'OP08-100.png', 2, 'OP-08'),
       ('OP08-101', 'OP08-101.png', 1, 'OP-08'),
       ('OP08-102', 'OP08-102.png', 2, 'OP-08'),
       ('OP08-103', 'OP08-103.png', 2, 'OP-08'),
       ('OP08-104', 'OP08-104.png', 1, 'OP-08'),
       ('OP08-105', 'OP08-105.png', 3, 'OP-08'),
       ('OP08-105', 'OP08-105_p1.png', 3, 'OP-08'),
       ('OP08-106', 'OP08-106.png', 3, 'OP-08'),
       ('OP08-106', 'OP08-106_p1.png', 3, 'OP-08'),
       ('OP08-107', 'OP08-107.png', 1, 'OP-08'),
       ('OP08-108', 'OP08-108.png', 1, 'OP-08'),
       ('OP08-109', 'OP08-109.png', 5, 'OP-08'),
       ('OP08-110', 'OP08-110.png', 5, 'OP-08'),
       ('OP08-110', 'OP08-110_p1.png', 5, 'OP-08'),
       ('OP08-111', 'OP08-111.png', 2, 'OP-08'),
       ('OP08-112', 'OP08-112.png', 3, 'OP-08'),
       ('OP08-112', 'OP08-112_p1.png', 3, 'OP-08'),
       ('OP08-113', 'OP08-113.png', 1, 'OP-08'),
       ('OP08-114', 'OP08-114.png', 5, 'OP-08'),
       ('OP08-115', 'OP08-115.png', 5, 'OP-08'),
       ('OP08-116', 'OP08-116.png', 1, 'OP-08'),
       ('OP08-117', 'OP08-117.png', 2, 'OP-08'),
       ('OP08-118', 'OP08-118.png', 4, 'OP-08'),
       ('OP08-118', 'OP08-118_p1.png', 4, 'OP-08'),
       ('OP08-118', 'OP08-118_p2.png', 4, 'OP-08'),
       ('OP08-119', 'OP08-119.png', 4, 'OP-08'),
       ('OP08-119', 'OP08-119_p1.png', 4, 'OP-08'),
       ('ST02-007', 'ST02-007_p3.png', 6, 'OP-08'),
       ('ST03-004', 'ST03-004_p2.png', 6, 'OP-08'),
       ('ST04-005', 'ST04-005_p3.png', 6, 'OP-08'),
       ('ST06-006', 'ST06-006_p2.png', 6, 'OP-08')
ON CONFLICT DO NOTHING;

INSERT INTO UT_CARD_COLOR (COLOR_ID, CARD_ID)
VALUES (0, 'OP08-001'),
       (1, 'OP08-001'),
       (0, 'OP08-002'),
       (2, 'OP08-002'),
       (0, 'OP08-003'),
       (0, 'OP08-004'),
       (0, 'OP08-005'),
       (0, 'OP08-006'),
       (0, 'OP08-007'),
       (0, 'OP08-008'),
       (0, 'OP08-009'),
       (0, 'OP08-010'),
       (0, 'OP08-011'),
       (0, 'OP08-012'),
       (0, 'OP08-013'),
       (0, 'OP08-014'),
       (0, 'OP08-015'),
       (0, 'OP08-016'),
       (0, 'OP08-017'),
       (0, 'OP08-018'),
       (0, 'OP08-019'),
       (0, 'OP08-020'),
       (1, 'OP08-021'),
       (1, 'OP08-022'),
       (1, 'OP08-023'),
       (1, 'OP08-024'),
       (1, 'OP08-025'),
       (1, 'OP08-026'),
       (1, 'OP08-027'),
       (1, 'OP08-028'),
       (1, 'OP08-029'),
       (1, 'OP08-030'),
       (1, 'OP08-031'),
       (1, 'OP08-032'),
       (1, 'OP08-033'),
       (1, 'OP08-034'),
       (1, 'OP08-035'),
       (1, 'OP08-036'),
       (1, 'OP08-037'),
       (1, 'OP08-038'),
       (1, 'OP08-039'),
       (2, 'OP08-040'),
       (2, 'OP08-041'),
       (2, 'OP08-042'),
       (2, 'OP08-043'),
       (2, 'OP08-044'),
       (2, 'OP08-045'),
       (2, 'OP08-046'),
       (2, 'OP08-047'),
       (2, 'OP08-048'),
       (2, 'OP08-049'),
       (2, 'OP08-050'),
       (2, 'OP08-051'),
       (2, 'OP08-052'),
       (2, 'OP08-053'),
       (2, 'OP08-054'),
       (2, 'OP08-055'),
       (2, 'OP08-056'),
       (3, 'OP08-057'),
       (4, 'OP08-057'),
       (3, 'OP08-058'),
       (5, 'OP08-058'),
       (3, 'OP08-059'),
       (3, 'OP08-060'),
       (3, 'OP08-061'),
       (3, 'OP08-062'),
       (3, 'OP08-063'),
       (3, 'OP08-064'),
       (3, 'OP08-065'),
       (3, 'OP08-066'),
       (3, 'OP08-067'),
       (3, 'OP08-068'),
       (3, 'OP08-069'),
       (3, 'OP08-070'),
       (3, 'OP08-071'),
       (3, 'OP08-072'),
       (3, 'OP08-073'),
       (3, 'OP08-074'),
       (3, 'OP08-075'),
       (3, 'OP08-076'),
       (3, 'OP08-077'),
       (4, 'OP08-078'),
       (4, 'OP08-079'),
       (4, 'OP08-080'),
       (4, 'OP08-081'),
       (4, 'OP08-082'),
       (4, 'OP08-083'),
       (4, 'OP08-084'),
       (4, 'OP08-085'),
       (4, 'OP08-086'),
       (4, 'OP08-087'),
       (4, 'OP08-088'),
       (4, 'OP08-089'),
       (4, 'OP08-090'),
       (4, 'OP08-091'),
       (4, 'OP08-092'),
       (4, 'OP08-093'),
       (4, 'OP08-094'),
       (4, 'OP08-095'),
       (4, 'OP08-096'),
       (4, 'OP08-097'),
       (5, 'OP08-098'),
       (5, 'OP08-099'),
       (5, 'OP08-100'),
       (5, 'OP08-101'),
       (5, 'OP08-102'),
       (5, 'OP08-103'),
       (5, 'OP08-104'),
       (5, 'OP08-105'),
       (5, 'OP08-106'),
       (5, 'OP08-107'),
       (5, 'OP08-108'),
       (5, 'OP08-109'),
       (5, 'OP08-110'),
       (5, 'OP08-111'),
       (5, 'OP08-112'),
       (5, 'OP08-113'),
       (5, 'OP08-114'),
       (5, 'OP08-115'),
       (5, 'OP08-116'),
       (5, 'OP08-117'),
       (0, 'OP08-118'),
       (3, 'OP08-119')
ON CONFLICT DO NOTHING;

INSERT INTO UT_CARD_TAG (TAG_ID, CARD_ID)
VALUES (2, 'OP08-001'),
       (124, 'OP08-001'),
       (0, 'OP08-001'),
       (51, 'OP08-002'),
       (124, 'OP08-003'),
       (124, 'OP08-004'),
       (124, 'OP08-005'),
       (124, 'OP08-006'),
       (2, 'OP08-007'),
       (124, 'OP08-007'),
       (0, 'OP08-007'),
       (124, 'OP08-008'),
       (124, 'OP08-009'),
       (2, 'OP08-010'),
       (124, 'OP08-010'),
       (28, 'OP08-011'),
       (124, 'OP08-011'),
       (2, 'OP08-012'),
       (124, 'OP08-012'),
       (2, 'OP08-013'),
       (124, 'OP08-013'),
       (124, 'OP08-014'),
       (124, 'OP08-015'),
       (124, 'OP08-016'),
       (124, 'OP08-017'),
       (2, 'OP08-018'),
       (124, 'OP08-018'),
       (0, 'OP08-018'),
       (124, 'OP08-019'),
       (124, 'OP08-020'),
       (13, 'OP08-021'),
       (13, 'OP08-022'),
       (44, 'OP08-022'),
       (13, 'OP08-023'),
       (13, 'OP08-024'),
       (13, 'OP08-025'),
       (13, 'OP08-026'),
       (13, 'OP08-027'),
       (13, 'OP08-028'),
       (44, 'OP08-028'),
       (13, 'OP08-029'),
       (72, 'OP08-029'),
       (13, 'OP08-030'),
       (13, 'OP08-031'),
       (13, 'OP08-032'),
       (13, 'OP08-033'),
       (13, 'OP08-034'),
       (13, 'OP08-035'),
       (13, 'OP08-036'),
       (13, 'OP08-037'),
       (13, 'OP08-038'),
       (44, 'OP08-038'),
       (2, 'OP08-039'),
       (51, 'OP08-040'),
       (123, 'OP08-041'),
       (15, 'OP08-042'),
       (25, 'OP08-043'),
       (51, 'OP08-043'),
       (51, 'OP08-044'),
       (51, 'OP08-045'),
       (123, 'OP08-046'),
       (51, 'OP08-047'),
       (123, 'OP08-048'),
       (51, 'OP08-049'),
       (4, 'OP08-050'),
       (51, 'OP08-050'),
       (115, 'OP08-051'),
       (51, 'OP08-052'),
       (51, 'OP08-053'),
       (51, 'OP08-054'),
       (42, 'OP08-055'),
       (51, 'OP08-056'),
       (26, 'OP08-057'),
       (72, 'OP08-058'),
       (131, 'OP08-059'),
       (26, 'OP08-059'),
       (26, 'OP08-060'),
       (72, 'OP08-061'),
       (72, 'OP08-062'),
       (72, 'OP08-063'),
       (72, 'OP08-064'),
       (72, 'OP08-065'),
       (72, 'OP08-066'),
       (72, 'OP08-067'),
       (72, 'OP08-068'),
       (115, 'OP08-069'),
       (72, 'OP08-069'),
       (72, 'OP08-070'),
       (72, 'OP08-071'),
       (72, 'OP08-072'),
       (72, 'OP08-073'),
       (26, 'OP08-074'),
       (72, 'OP08-075'),
       (25, 'OP08-076'),
       (72, 'OP08-076'),
       (25, 'OP08-077'),
       (26, 'OP08-077'),
       (72, 'OP08-077'),
       (26, 'OP08-078'),
       (115, 'OP08-079'),
       (26, 'OP08-079'),
       (26, 'OP08-080'),
       (77, 'OP08-081'),
       (26, 'OP08-082'),
       (26, 'OP08-083'),
       (27, 'OP08-083'),
       (26, 'OP08-084'),
       (4, 'OP08-085'),
       (0, 'OP08-085'),
       (26, 'OP08-086'),
       (27, 'OP08-086'),
       (26, 'OP08-087'),
       (10, 'OP08-087'),
       (112, 'OP08-088'),
       (26, 'OP08-089'),
       (12, 'OP08-089'),
       (26, 'OP08-090'),
       (27, 'OP08-090'),
       (26, 'OP08-091'),
       (132, 'OP08-091'),
       (26, 'OP08-092'),
       (8, 'OP08-093'),
       (14, 'OP08-093'),
       (26, 'OP08-093'),
       (26, 'OP08-094'),
       (26, 'OP08-095'),
       (132, 'OP08-095'),
       (24, 'OP08-096'),
       (26, 'OP08-097'),
       (130, 'OP08-098'),
       (88, 'OP08-098'),
       (107, 'OP08-098'),
       (130, 'OP08-099'),
       (88, 'OP08-099'),
       (107, 'OP08-099'),
       (2, 'OP08-100'),
       (130, 'OP08-100'),
       (88, 'OP08-100'),
       (72, 'OP08-101'),
       (72, 'OP08-102'),
       (72, 'OP08-103'),
       (72, 'OP08-104'),
       (120, 'OP08-105'),
       (9, 'OP08-105'),
       (120, 'OP08-106'),
       (0, 'OP08-106'),
       (72, 'OP08-107'),
       (68, 'OP08-107'),
       (130, 'OP08-108'),
       (127, 'OP08-108'),
       (130, 'OP08-109'),
       (128, 'OP08-109'),
       (88, 'OP08-110'),
       (107, 'OP08-110'),
       (120, 'OP08-111'),
       (129, 'OP08-111'),
       (120, 'OP08-112'),
       (129, 'OP08-112'),
       (120, 'OP08-113'),
       (129, 'OP08-113'),
       (120, 'OP08-114'),
       (129, 'OP08-114'),
       (88, 'OP08-115'),
       (107, 'OP08-115'),
       (88, 'OP08-116'),
       (107, 'OP08-116'),
       (88, 'OP08-117'),
       (107, 'OP08-117'),
       (125, 'OP08-118'),
       (25, 'OP08-119'),
       (26, 'OP08-119'),
       (72, 'OP08-119')
ON CONFLICT DO NOTHING;

INSERT INTO UT_CARD_DESCRIPTION (CARD_ID, LANGUAGE_CODE, NAME, EFFECT)
VALUES ('OP08-001', 'en', 'Tony Tony.Chopper',
        '[Activate: Main] [Once Per Turn] Give up to 3 of your {Animal} or {Drum Kingdom} type Characters up to 1 rested DON!! card each.'),
       ('OP08-001', 'fr', 'Tony Tony.Chopper',
        '[Activate: Main] [Once Per Turn] Give up to 3 of your {Animal} or {Drum Kingdom} type Characters up to 1 rested DON!! card each.'),
       ('OP08-002', 'en', 'Marco',
        '[DON!! x1] [Activate: Main] [Once Per Turn] Draw 1 card and place 1 card from your hand at the top or bottom of your deck. Then, give up to 1 of your opponent''s Characters −2000 power during this turn.'),
       ('OP08-002', 'fr', 'Marco',
        '[DON!! x1] [Activate: Main] [Once Per Turn] Draw 1 card and place 1 card from your hand at the top or bottom of your deck. Then, give up to 1 of your opponent''s Characters −2000 power during this turn.'),
       ('OP08-003', 'en', 'Twenty Doctors',
        '[Blocker] (After your opponent declares an attack, you may rest this card to make it the new target of the attack.)'),
       ('OP08-003', 'fr', 'Twenty Doctors',
        '[Blocker] (After your opponent declares an attack, you may rest this card to make it the new target of the attack.)'),
       ('OP08-004', 'en', 'Kuromarimo',
        '[On Play] If you have [Chess], K.O. up to 1 of your opponent''s Characters with 3000 power or less.'),
       ('OP08-004', 'fr', 'Kuromarimo',
        '[On Play] If you have [Chess], K.O. up to 1 of your opponent''s Characters with 3000 power or less.'),
       ('OP08-005', 'en', 'Chess',
        '[On Play] Give up to 1 of your opponent''s Characters −2000 power during this turn. Then, if you don''t have [Kuromarimo], play up to 1 [Kuromarimo] from your hand.'),
       ('OP08-005', 'fr', 'Chess',
        '[On Play] Give up to 1 of your opponent''s Characters −2000 power during this turn. Then, if you don''t have [Kuromarimo], play up to 1 [Kuromarimo] from your hand.'),
       ('OP08-006', 'en', 'Chessmarimo',
        '[Your Turn] If you have [Kuromarimo] and [Chess] in your trash, this Character gains +2000 power.'),
       ('OP08-006', 'fr', 'Chessmarimo',
        '[Your Turn] If you have [Kuromarimo] and [Chess] in your trash, this Character gains +2000 power.'),
       ('OP08-007', 'en', 'Tony Tony.Chopper',
        '[Your Turn] [On Play]/[When Attacking] Look at 5 cards from the top of your deck and play up to 1 {Animal} type Character card with 4000 power or less rested. Then, place the rest at the bottom of your deck in any order.'),
       ('OP08-007', 'fr', 'Tony Tony.Chopper',
        '[Your Turn] [On Play]/[When Attacking] Look at 5 cards from the top of your deck and play up to 1 {Animal} type Character card with 4000 power or less rested. Then, place the rest at the bottom of your deck in any order.'),
       ('OP08-008', 'en', 'Dalton',
        '[On Play] Give up to 1 of your opponent''s Characters −1000 power during this turn. \n [DON!! x1] [Activate: Main] [Once Per Turn] You may add 1 card from the top of your Life cards to your hand: This Character gains [Rush] during this turn. \n (This card can attack on the turn in which it is played.)'),
       ('OP08-008', 'fr', 'Dalton',
        '[On Play] Give up to 1 of your opponent''s Characters −1000 power during this turn. \n [DON!! x1] [Activate: Main] [Once Per Turn] You may add 1 card from the top of your Life cards to your hand: This Character gains [Rush] during this turn. \n (This card can attack on the turn in which it is played.)'),
       ('OP08-009', 'en', 'Maria Onion Bear', NULL),
       ('OP08-009', 'fr', 'Maria Onion Bear', NULL),
       ('OP08-010', 'en', 'Hiking Bear',
        '[DON!! x1] [Activate: Main] [Once Per Turn] Up to 1 of your {Animal} type Characters other than this Character gains +1000 power during this turn.'),
       ('OP08-010', 'fr', 'Hiking Bear',
        '[DON!! x1] [Activate: Main] [Once Per Turn] Up to 1 of your {Animal} type Characters other than this Character gains +1000 power during this turn.'),
       ('OP08-011', 'en', 'Musshuru', NULL),
       ('OP08-011', 'fr', 'Musshuru', NULL),
       ('OP08-012', 'en', 'Lapins',
        '[DON!! x2] [When Attacking] If your Leader has the {Drum Kingdom} type, K.O. up to 1 of your opponent''s Characters with 4000 power or less.'),
       ('OP08-012', 'fr', 'Lapins',
        '[DON!! x2] [When Attacking] If your Leader has the {Drum Kingdom} type, K.O. up to 1 of your opponent''s Characters with 4000 power or less.'),
       ('OP08-013', 'en', 'Robson',
        '[DON!! x2] This Character gains [Rush]. \n (This card can attack on the turn in which it is played.)'),
       ('OP08-013', 'fr', 'Robson',
        '[DON!! x2] This Character gains [Rush]. \n (This card can attack on the turn in which it is played.)'),
       ('OP08-014', 'en', 'Wapol',
        '[DON!! x1] [When Attacking] Give up to 1 of your opponent''s Characters −2000 power during this turn. Then, this Character gains +2000 power until the end of your opponent''s next turn.'),
       ('OP08-014', 'fr', 'Wapol',
        '[DON!! x1] [When Attacking] Give up to 1 of your opponent''s Characters −2000 power during this turn. Then, this Character gains +2000 power until the end of your opponent''s next turn.'),
       ('OP08-015', 'en', 'Dr.Kureha',
        '[On Play] Look at 4 cards from the top of your deck; reveal up to 1 [Tony Tony.Chopper] or {Drum Kingdom} type card other than [Dr.Kureha] and add it to your hand. Then, place the rest at the bottom of your deck in any order.'),
       ('OP08-015', 'fr', 'Dr.Kureha',
        '[On Play] Look at 4 cards from the top of your deck; reveal up to 1 [Tony Tony.Chopper] or {Drum Kingdom} type card other than [Dr.Kureha] and add it to your hand. Then, place the rest at the bottom of your deck in any order.'),
       ('OP08-016', 'en', 'Dr.Hiriluk',
        '[Activate: Main] You may rest this Character: If your Leader is [Tony Tony.Chopper], all of your [Tony Tony.Chopper] Characters gain +2000 power during this turn.'),
       ('OP08-016', 'fr', 'Dr.Hiriluk',
        '[Activate: Main] You may rest this Character: If your Leader is [Tony Tony.Chopper], all of your [Tony Tony.Chopper] Characters gain +2000 power during this turn.'),
       ('OP08-017', 'en',
        'I''D Never Shoot You!!!!', '[Counter] Up TO 1 OF your Leader OR CHARACTER cards gains +4000 power during this battle. Then,
        GIVE up TO 1 OF your opponent''s Leader OR CHARACTER cards −1000 power during this turn. \n [TRIGGER] Up TO 1 OF your Leader OR CHARACTER cards gains +1000 power during this turn.'),
       ('OP08-017', 'fr', 'I''d Never Shoot You!!!!',
        '[Counter] Up to 1 of your Leader or Character cards gains +4000 power during this battle. Then, give up to 1 of your opponent''s Leader or Character cards −1000 power during this turn. \n [Trigger] Up to 1 of your Leader or Character cards gains +1000 power during this turn.'),
       ('OP08-018', 'en', 'Cloven Rose',
        '[Main] Up to 3 of your Characters gain +1000 power during this turn. Then, give up to 1 of your opponent''s Characters −2000 power during this turn. \n [Trigger] Give up to 1 of your opponent''s Leader or Character cards −3000 power during this turn.'),
       ('OP08-018', 'fr', 'Cloven Rose',
        '[Main] Up to 3 of your Characters gain +1000 power during this turn. Then, give up to 1 of your opponent''s Characters −2000 power during this turn. \n [Trigger] Give up to 1 of your opponent''s Leader or Character cards −3000 power during this turn.'),
       ('OP08-019', 'en', 'Munch-Munch Mutation',
        '[Main]/[Counter] Give up to 1 of your opponent''s Characters −3000 power during this turn. Then, up to 1 of your Characters gains +3000 power during this turn. \n [Trigger] K.O. up to 1 of your opponent''s Characters with 5000 power or less.'),
       ('OP08-019', 'fr', 'Munch-Munch Mutation',
        '[Main]/[Counter] Give up to 1 of your opponent''s Characters −3000 power during this turn. Then, up to 1 of your Characters gains +3000 power during this turn. \n [Trigger] K.O. up to 1 of your opponent''s Characters with 5000 power or less.'),
       ('OP08-020', 'en', 'Drum Kingdom',
        '[Opponent''s Turn] All of your {Drum Kingdom} type Characters gain +1000 power.'),
       ('OP08-020', 'fr', 'Drum Kingdom',
        '[Opponent''s Turn] All of your {Drum Kingdom} type Characters gain +1000 power.'),
       ('OP08-021', 'en', 'Carrot',
        '[Activate: Main] [Once Per Turn] If you have a {Minks} type Character, rest up to 1 of your opponent''s Characters with a cost of 5 or less.'),
       ('OP08-021', 'fr', 'Carrot',
        '[Activate: Main] [Once Per Turn] If you have a {Minks} type Character, rest up to 1 of your opponent''s Characters with a cost of 5 or less.'),
       ('OP08-022', 'en', 'Inuarashi',
        '[On Play] If your Leader has the {Minks} type, up to 2 of your opponent''s rested Characters with a cost of 5 or less will not become active in your opponent''s next Refresh Phase.'),
       ('OP08-022', 'fr', 'Inuarashi',
        '[On Play] If your Leader has the {Minks} type, up to 2 of your opponent''s rested Characters with a cost of 5 or less will not become active in your opponent''s next Refresh Phase.'),
       ('OP08-023', 'en', 'Carrot',
        '[On Play]/[When Attacking] Up to 1 of your opponent''s rested Characters with a cost of 7 or less will not become active in your opponent''s next Refresh Phase.'),
       ('OP08-023', 'fr', 'Carrot',
        '[On Play]/[When Attacking] Up to 1 of your opponent''s rested Characters with a cost of 7 or less will not become active in your opponent''s next Refresh Phase.'),
       ('OP08-024', 'en', 'Concelot',
        '[When Attacking] Up to 1 of your opponent''s rested Characters with a cost of 4 or less will not become active in your opponent''s next Refresh Phase.'),
       ('OP08-024', 'fr', 'Concelot',
        '[When Attacking] Up to 1 of your opponent''s rested Characters with a cost of 4 or less will not become active in your opponent''s next Refresh Phase.'),
       ('OP08-025', 'en', 'Shishilian',
        '[On Play] Up to 1 of your opponent''s rested Characters with a cost of 3 or less will not become active in your opponent''s next Refresh Phase.'),
       ('OP08-025', 'fr', 'Shishilian',
        '[On Play] Up to 1 of your opponent''s rested Characters with a cost of 3 or less will not become active in your opponent''s next Refresh Phase.'),
       ('OP08-026', 'en', 'Giovanni',
        '[DON!! x1] [When Attacking] Up to 1 of your opponent''s rested Characters with a cost of 1 or less will not become active in your opponent''s next Refresh Phase.'),
       ('OP08-026', 'fr', 'Giovanni',
        '[DON!! x1] [When Attacking] Up to 1 of your opponent''s rested Characters with a cost of 1 or less will not become active in your opponent''s next Refresh Phase.'),
       ('OP08-027', 'en', 'Tristan', NULL),
       ('OP08-027', 'fr', 'Tristan', NULL),
       ('OP08-028', 'en', 'Nekomamushi',
        '[On Play] If your opponent has 7 or more rested cards, this Character gains [Rush] during this turn. \n (This card can attack on the turn in which it is played.)'),
       ('OP08-028', 'fr', 'Nekomamushi',
        '[On Play] If your opponent has 7 or more rested cards, this Character gains [Rush] during this turn. \n (This card can attack on the turn in which it is played.)'),
       ('OP08-029', 'en', 'Pekoms',
        'If this Character is active, your {Minks} type Characters with a cost of 3 or less other than [Pekoms] cannot be K.O.''d by effects.'),
       ('OP08-029', 'fr', 'Pekoms',
        'If this Character is active, your {Minks} type Characters with a cost of 3 or less other than [Pekoms] cannot be K.O.''d by effects.'),
       ('OP08-030', 'en', 'Pedro',
        '[Blocker] (After your opponent declares an attack, you may rest this card to make it the new target of the attack.) \n [On K.O.] Choose one: \n • Rest up to 1 of your opponent''s DON!! cards. \n • K.O. up to 1 of your opponent''s rested Characters with a cost of 6 or less.'),
       ('OP08-030', 'fr', 'Pedro',
        '[Blocker] (After your opponent declares an attack, you may rest this card to make it the new target of the attack.) \n [On K.O.] Choose one: \n • Rest up to 1 of your opponent''s DON!! cards. \n • K.O. up to 1 of your opponent''s rested Characters with a cost of 6 or less.'),
       ('OP08-031', 'en', 'Miyagi',
        '[On Play] Set up to 1 of your {Minks} type Characters with a cost of 2 or less as active.'),
       ('OP08-031', 'fr', 'Miyagi',
        '[On Play] Set up to 1 of your {Minks} type Characters with a cost of 2 or less as active.'),
       ('OP08-032', 'en', 'Milky',
        '[Activate: Main] You may rest this Character: If your Leader has the {Minks} type, set up to 1 of your DON!! cards as active.'),
       ('OP08-032', 'fr', 'Milky',
        '[Activate: Main] You may rest this Character: If your Leader has the {Minks} type, set up to 1 of your DON!! cards as active.'),
       ('OP08-033', 'en', 'Roddy',
        '[On Play] If your Leader has the {Minks} type and your opponent has 7 or more rested cards, K.O. up to 1 of your opponent''s rested Characters with a cost of 2 or less.'),
       ('OP08-033', 'fr', 'Roddy',
        '[On Play] If your Leader has the {Minks} type and your opponent has 7 or more rested cards, K.O. up to 1 of your opponent''s rested Characters with a cost of 2 or less.'),
       ('OP08-034', 'en', 'Wanda',
        '[On Play] Look at 5 cards from the top of your deck; reveal up to 1 {Minks} type card other than [Wanda] and add it to your hand. Then, place the rest at the bottom of your deck in any order.'),
       ('OP08-034', 'fr', 'Wanda',
        '[On Play] Look at 5 cards from the top of your deck; reveal up to 1 {Minks} type card other than [Wanda] and add it to your hand. Then, place the rest at the bottom of your deck in any order.'),
       ('OP08-035', 'en', 'BB', NULL),
       ('OP08-035', 'fr', 'BB', NULL),
       ('OP08-036', 'en', 'Electrical Luna',
        '[Main] All of your opponent''s rested Characters with a cost of 7 or less will not become active in your opponent''s next Refresh Phase. \n [Trigger] Rest up to 1 of your opponent''s Characters.'),
       ('OP08-036', 'fr', 'Electrical Luna',
        '[Main] All of your opponent''s rested Characters with a cost of 7 or less will not become active in your opponent''s next Refresh Phase. \n [Trigger] Rest up to 1 of your opponent''s Characters.'),
       ('OP08-037', 'en', 'Garchu',
        '[Main] You may rest 1 of your {Minks} type Characters: Rest up to 1 of your opponent''s Characters. \n [Trigger] Draw 1 card.'),
       ('OP08-037', 'fr', 'Garchu',
        '[Main] You may rest 1 of your {Minks} type Characters: Rest up to 1 of your opponent''s Characters. \n [Trigger] Draw 1 card.'),
       ('OP08-038', 'en', 'We Would Never Sell a Comrade to an Enemy!!!',
        '[Main] You may rest 2 of your Characters: None of your Characters can be K.O.''d by your opponent''s effects until the end of your opponent''s next turn. \n [Trigger] Rest up to 1 of your opponent''s Characters with a cost of 3 or less.'),
       ('OP08-038', 'fr', 'We Would Never Sell a Comrade to an Enemy!!!',
        '[Main] You may rest 2 of your Characters: None of your Characters can be K.O.''d by your opponent''s effects until the end of your opponent''s next turn. \n [Trigger] Rest up to 1 of your opponent''s Characters with a cost of 3 or less.'),
       ('OP08-039', 'en', 'Zou',
        '[Activate: Main] You may rest this Stage: If your Leader has the {Minks} type, set up to 1 of your DON!! cards as active. \n [End of Your Turn] Set up to 1 of your {Minks} type Characters as active.'),
       ('OP08-039', 'fr', 'Zou',
        '[Activate: Main] You may rest this Stage: If your Leader has the {Minks} type, set up to 1 of your DON!! cards as active. \n [End of Your Turn] Set up to 1 of your {Minks} type Characters as active.'),
       ('OP08-040', 'en', 'Atmos',
        '[On Play] You may reveal 2 cards with a type including "Whitebeard Pirates" from your hand: If your Leader''s type includes "Whitebeard Pirates", return up to 1 of your opponent''s Characters with a cost of 4 or less to the owner''s hand.'),
       ('OP08-040', 'fr', 'Atmos',
        '[On Play] You may reveal 2 cards with a type including "Whitebeard Pirates" from your hand: If your Leader''s type includes "Whitebeard Pirates", return up to 1 of your opponent''s Characters with a cost of 4 or less to the owner''s hand.'),
       ('OP08-041', 'en', 'Aphelandra',
        '[Activate: Main] You may return this Character to the owner''s hand: If your Leader has the {Kuja Pirates} type, place up to 1 of your opponent''s Characters with a cost of 1 or less at the bottom of the owner''s deck.'),
       ('OP08-041', 'fr', 'Aphelandra',
        '[Activate: Main] You may return this Character to the owner''s hand: If your Leader has the {Kuja Pirates} type, place up to 1 of your opponent''s Characters with a cost of 1 or less at the bottom of the owner''s deck.'),
       ('OP08-042', 'en', 'Edward Weevil',
        '[DON!! x1] [When Attacking] Return up to 1 Character with a cost of 3 or less to the owner''s hand.'),
       ('OP08-042', 'fr', 'Edward Weevil',
        '[DON!! x1] [When Attacking] Return up to 1 Character with a cost of 3 or less to the owner''s hand.'),
       ('OP08-043', 'en', 'Edward.Newgate',
        '[On Play] If your Leader''s type includes "Whitebeard Pirates" and you have 2 or less Life cards, select all of your opponent''s Characters on their field. Until the end of your opponent''s next turn, none of the selected Characters can attack unless your opponent trashes 2 cards from their hand whenever they attack.'),
       ('OP08-043', 'fr', 'Edward.Newgate',
        '[On Play] If your Leader''s type includes "Whitebeard Pirates" and you have 2 or less Life cards, select all of your opponent''s Characters on their field. Until the end of your opponent''s next turn, none of the selected Characters can attack unless your opponent trashes 2 cards from their hand whenever they attack.'),
       ('OP08-044', 'en', 'Kingdew',
        '[Activate: Main] [Once Per Turn] You may reveal 2 cards with a type including "Whitebeard Pirates" from your hand: This Character gains +2000 power during this turn.'),
       ('OP08-044', 'fr', 'Kingdew',
        '[Activate: Main] [Once Per Turn] You may reveal 2 cards with a type including "Whitebeard Pirates" from your hand: This Character gains +2000 power during this turn.'),
       ('OP08-045', 'en', 'Thatch',
        'If this Character would be removed from the field by your opponent''s effect or K.O.''d, trash this Character and draw 1 card instead.'),
       ('OP08-045', 'fr', 'Thatch',
        'If this Character would be removed from the field by your opponent''s effect or K.O.''d, trash this Character and draw 1 card instead.'),
       ('OP08-046', 'en', 'Shakuyaku',
        '[Your Turn] [Once Per Turn] When a Character is removed from the field by your effect, if your opponent has 5 or more cards in their hand, your opponent places 1 card from their hand at the bottom of their deck. Then, rest this Character.'),
       ('OP08-046', 'fr', 'Shakuyaku',
        '[Your Turn] [Once Per Turn] When a Character is removed from the field by your effect, if your opponent has 5 or more cards in their hand, your opponent places 1 card from their hand at the bottom of their deck. Then, rest this Character.'),
       ('OP08-047', 'en', 'Jozu',
        '[On Play] You may return 1 of your Characters other than this Character to the owner''s hand: Return up to 1 Character with a cost of 6 or less to the owner''s hand.'),
       ('OP08-047', 'fr', 'Jozu',
        '[On Play] You may return 1 of your Characters other than this Character to the owner''s hand: Return up to 1 Character with a cost of 6 or less to the owner''s hand.'),
       ('OP08-048', 'en', 'Sweetpea', NULL),
       ('OP08-048', 'fr', 'Sweetpea', NULL),
       ('OP08-049', 'en', 'Speed Jil',
        '[On Play] Reveal 1 card from the top of your deck and place it at the top or bottom of your deck. If the revealed card''s type includes "Whitebeard Pirates", this Character gains [Rush] during this turn. \n (This card can attack on the turn in which it is played.)'),
       ('OP08-049', 'fr', 'Speed Jil',
        '[On Play] Reveal 1 card from the top of your deck and place it at the top or bottom of your deck. If the revealed card''s type includes "Whitebeard Pirates", this Character gains [Rush] during this turn. \n (This card can attack on the turn in which it is played.)'),
       ('OP08-050', 'en', 'Namule',
        '[Blocker] (After your opponent declares an attack, you may rest this card to make it the new target of the attack.) \n [On Play] Draw 2 cards and place 2 cards from your hand at the top or bottom of your deck in any order.'),
       ('OP08-050', 'fr', 'Namule',
        '[Blocker] (After your opponent declares an attack, you may rest this card to make it the new target of the attack.) \n [On Play] Draw 2 cards and place 2 cards from your hand at the top or bottom of your deck in any order.'),
       ('OP08-051', 'en', 'Buckin',
        '[Your Turn] [On Play] Up to 1 of your [Edward Weevil] cards gains +2000 power during this turn.'),
       ('OP08-051', 'fr', 'Buckin',
        '[Your Turn] [On Play] Up to 1 of your [Edward Weevil] cards gains +2000 power during this turn.'),
       ('OP08-052', 'en', 'Portgas.D.Ace',
        '[On Play] Reveal 1 card from the top of your deck and play up to 1 Character card with a type including "Whitebeard Pirates" and a cost of 4 or less. Then, place the rest at the top or bottom of your deck.'),
       ('OP08-052', 'fr', 'Portgas.D.Ace',
        '[On Play] Reveal 1 card from the top of your deck and play up to 1 Character card with a type including "Whitebeard Pirates" and a cost of 4 or less. Then, place the rest at the top or bottom of your deck.'),
       ('OP08-053', 'en', 'Thank You...for Loving Me!!',
        '[Main] If your Leader''s type includes "Whitebeard Pirates", look at 3 cards from the top of your deck; reveal up to 1 card with a type including "Whitebeard Pirates" or [Monkey.D.Luffy] and add it to your hand. Then, place the rest at the top or bottom of your deck in any order. \n [Trigger] Draw 1 card.'),
       ('OP08-053', 'fr', 'Thank You...for Loving Me!!',
        '[Main] If your Leader''s type includes "Whitebeard Pirates", look at 3 cards from the top of your deck; reveal up to 1 card with a type including "Whitebeard Pirates" or [Monkey.D.Luffy] and add it to your hand. Then, place the rest at the top or bottom of your deck in any order. \n [Trigger] Draw 1 card.'),
       ('OP08-054', 'en',
        'You Can''t Take Our King This Early IN the Game.', '[Counter] Up TO 1 OF your Leader OR CHARACTER cards gains +3000 power during this battle. Then,
        REVEAL 1 card FROM the top OF your deck AND play up TO 1 CHARACTER card WITH a TYPE INCLUDING "Whitebeard Pirates" AND a COST OF 3 OR less. Then,
        PLACE the rest AT the top OR bottom OF your deck.'),
       ('OP08-054', 'fr', 'You Can''t Take Our King This Early in the Game.',
        '[Counter] Up to 1 of your Leader or Character cards gains +3000 power during this battle. Then, reveal 1 card from the top of your deck and play up to 1 Character card with a type including "Whitebeard Pirates" and a cost of 3 or less. Then, place the rest at the top or bottom of your deck.'),
       ('OP08-055', 'en', 'Phoenix Brand',
        '[Main] You may reveal 2 cards with a type including "Whitebeard Pirates" from your hand: Place up to 1 Character with a cost of 6 or less at the bottom of the owner''s deck.'),
       ('OP08-055', 'fr', 'Phoenix Brand',
        '[Main] You may reveal 2 cards with a type including "Whitebeard Pirates" from your hand: Place up to 1 Character with a cost of 6 or less at the bottom of the owner''s deck.'),
       ('OP08-056', 'en', 'Moby Dick',
        '[Your Turn] [Once Per Turn] When your Character with a type including "Whitebeard Pirates" is removed from the field by an effect, draw 1 card. Then, place 1 card from your hand at the top or bottom of your deck. \n [Trigger] Play this card.'),
       ('OP08-056', 'fr', 'Moby Dick',
        '[Your Turn] [Once Per Turn] When your Character with a type including "Whitebeard Pirates" is removed from the field by an effect, draw 1 card. Then, place 1 card from your hand at the top or bottom of your deck. \n [Trigger] Play this card.'),
       ('OP08-057', 'en', 'King',
        '[Activate: Main] [Once Per Turn] DON!! −2 (You may return the specified number of DON!! cards from your field to your DON!! deck.): Choose one: \n • If you have 5 or less cards in your hand, draw 1 card. \n • Give up to 1 of your opponent''s Characters −2 cost during this turn.'),
       ('OP08-057', 'fr', 'King',
        '[Activate: Main] [Once Per Turn] DON!! −2 (You may return the specified number of DON!! cards from your field to your DON!! deck.): Choose one: \n • If you have 5 or less cards in your hand, draw 1 card. \n • Give up to 1 of your opponent''s Characters −2 cost during this turn.'),
       ('OP08-058', 'en', 'Charlotte Pudding',
        '[When Attacking] You may turn 2 cards from the top of your Life cards face-up: Add up to 1 DON!! card from your DON!! deck and rest it.'),
       ('OP08-058', 'fr', 'Charlotte Pudding',
        '[When Attacking] You may turn 2 cards from the top of your Life cards face-up: Add up to 1 DON!! card from your DON!! deck and rest it.'),
       ('OP08-059', 'en', 'Alber',
        '[Activate: Main] You may trash this Character: If your Leader has the {Animal Kingdom Pirates} type and you have 10 DON!! cards on your field, play up to 1 [King] with a cost of 7 or less from your hand.'),
       ('OP08-059', 'fr', 'Alber',
        '[Activate: Main] You may trash this Character: If your Leader has the {Animal Kingdom Pirates} type and you have 10 DON!! cards on your field, play up to 1 [King] with a cost of 7 or less from your hand.'),
       ('OP08-060', 'en', 'King',
        '[On Play] DON!! −1 (You may return the specified number of DON!! cards from your field to your DON!! deck.): If your opponent has 5 or more DON!! cards on their field, this Character gains [Rush] during this turn. \n (This card can attack on the turn in which it is played.)'),
       ('OP08-060', 'fr', 'King',
        '[On Play] DON!! −1 (You may return the specified number of DON!! cards from your field to your DON!! deck.): If your opponent has 5 or more DON!! cards on their field, this Character gains [Rush] during this turn. \n (This card can attack on the turn in which it is played.)'),
       ('OP08-061', 'en', 'Charlotte Oven',
        '[When Attacking] DON!! −1 (You may return the specified number of DON!! cards from your field to your DON!! deck.): K.O. up to 1 of your opponent''s Characters with a cost of 3 or less.'),
       ('OP08-061', 'fr', 'Charlotte Oven',
        '[When Attacking] DON!! −1 (You may return the specified number of DON!! cards from your field to your DON!! deck.): K.O. up to 1 of your opponent''s Characters with a cost of 3 or less.'),
       ('OP08-062', 'en', 'Charlotte Katakuri',
        '[Activate: Main] You may trash this Character: If your Leader has the {Big Mom Pirates} type, play up to 1 [Charlotte Katakuri] from your hand with a cost of 3 or more that is equal to or less than the number of DON!! cards on your opponent''s field.'),
       ('OP08-062', 'fr', 'Charlotte Katakuri',
        '[Activate: Main] You may trash this Character: If your Leader has the {Big Mom Pirates} type, play up to 1 [Charlotte Katakuri] from your hand with a cost of 3 or more that is equal to or less than the number of DON!! cards on your opponent''s field.'),
       ('OP08-063', 'en', 'Charlotte Katakuri',
        '[On Play] You may turn 1 card from the top of your Life cards face-down: Add up to 1 DON!! card from your DON!! deck and set it as active.'),
       ('OP08-063', 'fr', 'Charlotte Katakuri',
        '[On Play] You may turn 1 card from the top of your Life cards face-down: Add up to 1 DON!! card from your DON!! deck and set it as active.'),
       ('OP08-064', 'en', 'Charlotte Cracker',
        '[Activate: Main] [Once Per Turn] DON!! −1 (You may return the specified number of DON!! cards from your field to your DON!! deck.): Play up to 1 [Biscuit Warrior] from your hand.'),
       ('OP08-064', 'fr', 'Charlotte Cracker',
        '[Activate: Main] [Once Per Turn] DON!! −1 (You may return the specified number of DON!! cards from your field to your DON!! deck.): Play up to 1 [Biscuit Warrior] from your hand.'),
       ('OP08-065', 'en', 'Charlotte Smoothie', NULL),
       ('OP08-065', 'fr', 'Charlotte Smoothie', NULL),
       ('OP08-066', 'en', 'Charlotte Brulee',
        '[Blocker] (After your opponent declares an attack, you may rest this card to make it the new target of the attack.) \n [On K.O.] Add up to 1 DON!! card from your DON!! deck and rest it.'),
       ('OP08-066', 'fr', 'Charlotte Brulee',
        '[Blocker] (After your opponent declares an attack, you may rest this card to make it the new target of the attack.) \n [On K.O.] Add up to 1 DON!! card from your DON!! deck and rest it.'),
       ('OP08-067', 'en', 'Charlotte Pudding',
        '[Your Turn] [Once Per Turn] When a DON!! card on your field is returned to your DON!! deck, add up to 1 DON!! card from your DON!! deck and rest it.'),
       ('OP08-067', 'fr', 'Charlotte Pudding',
        '[Your Turn] [Once Per Turn] When a DON!! card on your field is returned to your DON!! deck, add up to 1 DON!! card from your DON!! deck and rest it.'),
       ('OP08-068', 'en', 'Charlotte Perospero',
        '[On K.O.] Add up to 1 DON!! card from your DON!! deck and rest it. \n [Trigger] DON!! −1 (You may return the specified number of DON!! cards from your field to your DON!! deck.): Play this card.'),
       ('OP08-068', 'fr', 'Charlotte Perospero',
        '[On K.O.] Add up to 1 DON!! card from your DON!! deck and rest it. \n [Trigger] DON!! −1 (You may return the specified number of DON!! cards from your field to your DON!! deck.): Play this card.'),
       ('OP08-069', 'en', 'Charlotte Linlin',
        '[On Play] DON!! −1, You may trash 1 card from your hand: Add up to 1 card from the top of your deck to the top of your Life cards. Then, add up to 1 of your opponent''s Characters with a cost of 6 or less to the top or bottom of your opponent''s Life cards face-up.'),
       ('OP08-069', 'fr', 'Charlotte Linlin',
        '[On Play] DON!! −1, You may trash 1 card from your hand: Add up to 1 card from the top of your deck to the top of your Life cards. Then, add up to 1 of your opponent''s Characters with a cost of 6 or less to the top or bottom of your opponent''s Life cards face-up.'),
       ('OP08-070', 'en', 'Baron Tamago',
        '[Blocker] (After your opponent declares an attack, you may rest this card to make it the new target of the attack.) \n [On K.O.] DON!! −1 (You may return the specified number of DON!! cards from your field to your DON!! deck.): Play up to 1 [Viscount Hiyoko] with a cost of 5 or less from your hand.'),
       ('OP08-070', 'fr', 'Baron Tamago',
        '[Blocker] (After your opponent declares an attack, you may rest this card to make it the new target of the attack.) \n [On K.O.] DON!! −1 (You may return the specified number of DON!! cards from your field to your DON!! deck.): Play up to 1 [Viscount Hiyoko] with a cost of 5 or less from your hand.'),
       ('OP08-071', 'en', 'Count Niwatori',
        '[Opponent''s Turn] [On K.O.] DON!! −1 (You may return the specified number of DON!! cards from your field to your DON!! deck.): Play up to 1 [Baron Tamago] with a cost of 4 or less from your deck. Then, shuffle your deck.'),
       ('OP08-071', 'fr', 'Count Niwatori',
        '[Opponent''s Turn] [On K.O.] DON!! −1 (You may return the specified number of DON!! cards from your field to your DON!! deck.): Play up to 1 [Baron Tamago] with a cost of 4 or less from your deck. Then, shuffle your deck.'),
       ('OP08-072', 'en', 'Biscuit Warrior',
        'Under the rules of this game, you may have any number of this card in your deck. \n [Blocker] (After your opponent declares an attack, you may rest this card to make it the new target of the attack.)'),
       ('OP08-072', 'fr', 'Biscuit Warrior',
        'Under the rules of this game, you may have any number of this card in your deck. \n [Blocker] (After your opponent declares an attack, you may rest this card to make it the new target of the attack.)'),
       ('OP08-073', 'en', 'Viscount Hiyoko',
        '[Opponent''s Turn] [On K.O.] DON!! −1 (You may return the specified number of DON!! cards from your field to your DON!! deck.): Play up to 1 [Count Niwatori] with a cost of 6 or less from your deck. Then, shuffle your deck.'),
       ('OP08-073', 'fr', 'Viscount Hiyoko',
        '[Opponent''s Turn] [On K.O.] DON!! −1 (You may return the specified number of DON!! cards from your field to your DON!! deck.): Play up to 1 [Count Niwatori] with a cost of 6 or less from your deck. Then, shuffle your deck.'),
       ('OP08-074', 'en', 'Black Maria',
        '[Activate: Main] [Once Per Turn] If you have no other [Black Maria] Characters, add up to 5 DON!! cards from your DON!! deck and rest them. Then, at the end of this turn, return DON!! cards from your field to your DON!! deck until you have the same number of DON!! cards on your field as your opponent.'),
       ('OP08-074', 'fr', 'Black Maria',
        '[Activate: Main] [Once Per Turn] If you have no other [Black Maria] Characters, add up to 5 DON!! cards from your DON!! deck and rest them. Then, at the end of this turn, return DON!! cards from your field to your DON!! deck until you have the same number of DON!! cards on your field as your opponent.'),
       ('OP08-075', 'en', 'Candy Maiden',
        '[Main] DON!! −1 (You may return the specified number of DON!! cards from your field to your DON!! deck.): Rest up to 1 of your opponent''s Characters with a cost of 2 or less. Then, turn all of your Life cards face-down. \n [Trigger] Add up to 1 DON!! card from your DON!! deck and set it as active.'),
       ('OP08-075', 'fr', 'Candy Maiden',
        '[Main] DON!! −1 (You may return the specified number of DON!! cards from your field to your DON!! deck.): Rest up to 1 of your opponent''s Characters with a cost of 2 or less. Then, turn all of your Life cards face-down. \n [Trigger] Add up to 1 DON!! card from your DON!! deck and set it as active.'),
       ('OP08-076', 'en',
        'It''S TO Die FOR...', '[MAIN] ADD up TO 1 DON!! card FROM your DON!! deck AND SET it AS active. Then,
        IF your opponent has a CHARACTER WITH 6000 power OR more, ADD up TO 1 DON!! card FROM your DON!! deck AND SET it AS active. \n [TRIGGER] ADD up TO 1 DON!! card FROM your DON!! deck AND SET it AS active.'),
       ('OP08-076', 'fr', 'It''s to Die For...',
        '[Main] Add up to 1 DON!! card from your DON!! deck and set it as active. Then, if your opponent has a Character with 6000 power or more, add up to 1 DON!! card from your DON!! deck and set it as active. \n [Trigger] Add up to 1 DON!! card from your DON!! deck and set it as active.'),
       ('OP08-077', 'en', 'Conquest of the Sea',
        '[Main] DON!! −2 (You may return the specified number of DON!! cards from your field to your DON!! deck.): If your Leader has the {Animal Kingdom Pirates} or {Big Mom Pirates} type, K.O. up to 2 of your opponent''s Characters with a cost of 6 or less.'),
       ('OP08-077', 'fr', 'Conquest of the Sea',
        '[Main] DON!! −2 (You may return the specified number of DON!! cards from your field to your DON!! deck.): If your Leader has the {Animal Kingdom Pirates} or {Big Mom Pirates} type, K.O. up to 2 of your opponent''s Characters with a cost of 6 or less.'),
       ('OP08-078', 'en', 'Ulti', NULL),
       ('OP08-078', 'fr', 'Ulti', NULL),
       ('OP08-079', 'en', 'Kaido',
        '[Activate: Main] [Once Per Turn] You may trash 1 card from your hand: If this Character was played on this turn, trash up to 1 of your opponent''s Characters with a cost of 7 or less. Then, your opponent trashes 1 card from their hand.'),
       ('OP08-079', 'fr', 'Kaido',
        '[Activate: Main] [Once Per Turn] You may trash 1 card from your hand: If this Character was played on this turn, trash up to 1 of your opponent''s Characters with a cost of 7 or less. Then, your opponent trashes 1 card from their hand.'),
       ('OP08-080', 'en', 'Queen',
        '[On Play] Look at 5 cards from the top of your deck; reveal up to 1 {Animal Kingdom Pirates} type card other than [Queen] and add it to your hand. Then, place the rest at the bottom of your deck in any order.'),
       ('OP08-080', 'fr', 'Queen',
        '[On Play] Look at 5 cards from the top of your deck; reveal up to 1 {Animal Kingdom Pirates} type card other than [Queen] and add it to your hand. Then, place the rest at the bottom of your deck in any order.'),
       ('OP08-081', 'en', 'Guernica',
        '[When Attacking] You may place 3 cards with a type including "CP" from your trash at the bottom of your deck in any order: K.O. up to 1 of your opponent''s Characters with a cost of 0.'),
       ('OP08-081', 'fr', 'Guernica',
        '[When Attacking] You may place 3 cards with a type including "CP" from your trash at the bottom of your deck in any order: K.O. up to 1 of your opponent''s Characters with a cost of 0.'),
       ('OP08-082', 'en', 'Sasaki',
        '[Activate: Main] Rest 1 of your DON!! cards and you may rest this Character: Give up to 1 of your opponent''s Characters −2 cost during this turn.'),
       ('OP08-082', 'fr', 'Sasaki',
        '[Activate: Main] Rest 1 of your DON!! cards and you may rest this Character: Give up to 1 of your opponent''s Characters −2 cost during this turn.'),
       ('OP08-083', 'en', 'Sheepshead', '[DON!! x1] [Your Turn] Give all of your opponent''s Characters −1 cost.'),
       ('OP08-083', 'fr', 'Sheepshead', '[DON!! x1] [Your Turn] Give all of your opponent''s Characters −1 cost.'),
       ('OP08-084', 'en', 'Jack',
        'This Character gains +4 cost. \n [Activate: Main] You may rest this Character: Draw 1 card and trash 1 card from your hand. Then, K.O. up to 1 of your opponent''s Characters with a cost of 3 or less.'),
       ('OP08-084', 'fr', 'Jack',
        'This Character gains +4 cost. \n [Activate: Main] You may rest this Character: Draw 1 card and trash 1 card from your hand. Then, K.O. up to 1 of your opponent''s Characters with a cost of 3 or less.'),
       ('OP08-085', 'en', 'Jinbe',
        '[DON!! x1] [When Attacking] If you have a Character with a cost of 8 or more, K.O. up to 1 of your opponent''s Characters with a cost of 4 or less.'),
       ('OP08-085', 'fr', 'Jinbe',
        '[DON!! x1] [When Attacking] If you have a Character with a cost of 8 or more, K.O. up to 1 of your opponent''s Characters with a cost of 4 or less.'),
       ('OP08-086', 'en', 'Ginrummy',
        '[On Play] If your opponent has a Character with a cost of 0, draw 2 cards and trash 2 cards from your hand.'),
       ('OP08-086', 'fr', 'Ginrummy',
        '[On Play] If your opponent has a Character with a cost of 0, draw 2 cards and trash 2 cards from your hand.'),
       ('OP08-087', 'en', 'Scratchmen Apoo',
        '[Blocker] (After your opponent declares an attack, you may rest this card to make it the new target of the attack.) \n [Activate: Main] [Once Per Turn] Give up to 1 of your opponent''s Characters −1 cost during this turn.'),
       ('OP08-087', 'fr', 'Scratchmen Apoo',
        '[Blocker] (After your opponent declares an attack, you may rest this card to make it the new target of the attack.) \n [Activate: Main] [Once Per Turn] Give up to 1 of your opponent''s Characters −1 cost during this turn.'),
       ('OP08-088', 'en', 'Duval',
        '[On Play] Up to 1 of your Characters gains +1 cost until the end of your opponent''s next turn.'),
       ('OP08-088', 'fr', 'Duval',
        '[On Play] Up to 1 of your Characters gains +1 cost until the end of your opponent''s next turn.'),
       ('OP08-089', 'en', 'Basil Hawkins', NULL),
       ('OP08-089', 'fr', 'Basil Hawkins', NULL),
       ('OP08-090', 'en', 'Hamlet',
        '[On Play] Play up to 1 {SMILE} type Character card with a cost of 2 or less from your trash.'),
       ('OP08-090', 'fr', 'Hamlet',
        '[On Play] Play up to 1 {SMILE} type Character card with a cost of 2 or less from your trash.'),
       ('OP08-091', 'en', 'Who''S.Who',
        '[ON Play] You may trash 1 card FROM your hand: K.O. up TO 1 OF your opponent''s Characters WITH a COST OF 3 OR less. \n [TRIGGER] K.O. up TO 1 OF your opponent''s Characters WITH a COST OF 3 OR less.'),
       ('OP08-091', 'fr', 'Who''s.Who',
        '[On Play] You may trash 1 card from your hand: K.O. up to 1 of your opponent''s Characters with a cost of 3 or less. \n [Trigger] K.O. up to 1 of your opponent''s Characters with a cost of 3 or less.'),
       ('OP08-092', 'en', 'Page One', '[On Play] Play up to 1 [Ulti] with a cost of 4 or less from your trash.'),
       ('OP08-092', 'fr', 'Page One', '[On Play] Play up to 1 [Ulti] with a cost of 4 or less from your trash.'),
       ('OP08-093', 'en', 'X.Drake', '[DON!! x1] This Character gains +2 cost.'),
       ('OP08-093', 'fr', 'X.Drake', '[DON!! x1] This Character gains +2 cost.'),
       ('OP08-094', 'en', 'Imperial Flame',
        '[Main]/[Counter] You may place 3 cards from your trash at the bottom of your deck in any order: K.O. up to 1 of your opponent''s Characters with a cost of 2 or less. \n [Trigger] Activate this card''s [Main] effect.'),
       ('OP08-094', 'fr', 'Imperial Flame',
        '[Main]/[Counter] You may place 3 cards from your trash at the bottom of your deck in any order: K.O. up to 1 of your opponent''s Characters with a cost of 2 or less. \n [Trigger] Activate this card''s [Main] effect.'),
       ('OP08-095', 'en', 'Iron Body Fang Flash',
        '[Main] If you have 10 or more cards in your trash, up to 1 of your Characters gains +2000 power until the end of your opponent''s next turn. \n [Trigger] Up to 1 of your Leader or Character cards gains +2000 power during this turn.'),
       ('OP08-095', 'fr', 'Iron Body Fang Flash',
        '[Main] If you have 10 or more cards in your trash, up to 1 of your Characters gains +2000 power until the end of your opponent''s next turn. \n [Trigger] Up to 1 of your Leader or Character cards gains +2000 power during this turn.'),
       ('OP08-096', 'en', 'People''S Dreams Don''t Ever End!!',
        '[Counter] Trash 1 card from the top of your deck. If the trashed card has a cost of 6 or more, up to 1 of your Leader or Character cards gains +5000 power during this battle. \n [Trigger] Play up to 1 black Character card with a cost of 3 or less from your trash.'),
       ('OP08-096', 'fr', 'People''S Dreams Don''t Ever End!!',
        '[Counter] Trash 1 card from the top of your deck. If the trashed card has a cost of 6 or more, up to 1 of your Leader or Character cards gains +5000 power during this battle. \n [Trigger] Play up to 1 black Character card with a cost of 3 or less from your trash.'),
       ('OP08-097', 'en', 'Heliceratops',
        '[Main] If your Leader has the {Animal Kingdom Pirates} type, give up to 1 of your opponent''s Characters −2 cost during this turn. Then, K.O. up to 1 of your opponent''s Characters with a cost of 0. \n [Trigger] K.O. up to 1 of your opponent''s Characters with a cost of 3 or less.'),
       ('OP08-097', 'fr', 'Heliceratops',
        '[Main] If your Leader has the {Animal Kingdom Pirates} type, give up to 1 of your opponent''s Characters −2 cost during this turn. Then, K.O. up to 1 of your opponent''s Characters with a cost of 0. \n [Trigger] K.O. up to 1 of your opponent''s Characters with a cost of 3 or less.'),
       ('OP08-098', 'en', 'Kalgara',
        '[DON!! x1] [When Attacking] Play up to 1 {Shandian Warrior} type Character card from your hand with a cost equal to or less than the number of DON!! cards on your field. If you do, add 1 card from the top of your Life cards to your hand.'),
       ('OP08-098', 'fr', 'Kalgara',
        '[DON!! x1] [When Attacking] Play up to 1 {Shandian Warrior} type Character card from your hand with a cost equal to or less than the number of DON!! cards on your field. If you do, add 1 card from the top of your Life cards to your hand.'),
       ('OP08-099', 'en', 'Kalgara', NULL),
       ('OP08-099', 'fr', 'Kalgara', NULL),
       ('OP08-100', 'en', 'South Bird',
        '[On Play] Look at 7 cards from the top of your deck and play up to 1 [Upper Yard]. Then, place the rest at the bottom of your deck in any order.'),
       ('OP08-100', 'fr', 'South Bird',
        '[On Play] Look at 7 cards from the top of your deck and play up to 1 [Upper Yard]. Then, place the rest at the bottom of your deck in any order.'),
       ('OP08-101', 'en', 'Charlotte Angel',
        '[Activate: Main] [Once Per Turn] You may trash 1 card from the top of your Life cards: If your Leader has the {Big Mom Pirates} type, add 1 card from the top of your deck to the top of your Life cards at the end of this turn.'),
       ('OP08-101', 'fr', 'Charlotte Angel',
        '[Activate: Main] [Once Per Turn] You may trash 1 card from the top of your Life cards: If your Leader has the {Big Mom Pirates} type, add 1 card from the top of your deck to the top of your Life cards at the end of this turn.'),
       ('OP08-102', 'en', 'Charlotte Opera',
        '[On Play] You may trash 1 card from your hand: K.O. up to 1 of your opponent''s Characters with a cost equal to or less than your number of Life cards.'),
       ('OP08-102', 'fr', 'Charlotte Opera',
        '[On Play] You may trash 1 card from your hand: K.O. up to 1 of your opponent''s Characters with a cost equal to or less than your number of Life cards.'),
       ('OP08-103', 'en', 'Charlotte Custard',
        '[Activate: Main] [Once Per Turn] You may add 1 card from the top of your Life cards to your hand: Up to 1 of your Characters gains +1000 power until the end of your opponent''s next turn.'),
       ('OP08-103', 'fr', 'Charlotte Custard',
        '[Activate: Main] [Once Per Turn] You may add 1 card from the top of your Life cards to your hand: Up to 1 of your Characters gains +1000 power until the end of your opponent''s next turn.'),
       ('OP08-104', 'en', 'Charlotte Poire',
        '[Trigger] You may trash 1 card from your hand: Play this card. Then, draw 1 card.'),
       ('OP08-104', 'fr', 'Charlotte Poire',
        '[Trigger] You may trash 1 card from your hand: Play this card. Then, draw 1 card.'),
       ('OP08-105', 'en', 'Jewelry Bonney',
        '[DON!! x1] [Your Turn] [Once Per Turn] When a card is removed from your opponent''s Life cards, draw 2 cards and trash 1 card from your hand. \n [Trigger] Draw 2 cards and trash 1 card from your hand.'),
       ('OP08-105', 'fr', 'Jewelry Bonney',
        '[DON!! x1] [Your Turn] [Once Per Turn] When a card is removed from your opponent''s Life cards, draw 2 cards and trash 1 card from your hand. \n [Trigger] Draw 2 cards and trash 1 card from your hand.'),
       ('OP08-106', 'en', 'Nami',
        '[On Play] You may trash 1 card with a [Trigger] from your hand: K.O. up to 1 of your opponent''s Characters with a cost of 5 or less. Then, if you have 3 or less cards in your hand, draw 1 card. \n [Trigger] Activate this card''s [On Play] effect.'),
       ('OP08-106', 'fr', 'Nami',
        '[On Play] You may trash 1 card with a [Trigger] from your hand: K.O. up to 1 of your opponent''s Characters with a cost of 5 or less. Then, if you have 3 or less cards in your hand, draw 1 card. \n [Trigger] Activate this card''s [On Play] effect.'),
       ('OP08-107', 'en', 'Nitro',
        '[Activate: Main] You may rest this Character: Up to 1 of your [Charlotte Pudding] cards gains +2000 power during this turn.'),
       ('OP08-107', 'fr', 'Nitro',
        '[Activate: Main] You may rest this Character: Up to 1 of your [Charlotte Pudding] cards gains +2000 power during this turn.'),
       ('OP08-108', 'en', 'Mont Blanc Cricket', NULL),
       ('OP08-108', 'fr', 'Mont Blanc Cricket', NULL),
       ('OP08-109', 'en', 'Mont Blanc Noland',
        '[On Play] If your Leader has the {Shandian Warrior} type and you have a [Kalgara] Character, add up to 1 card from the top of your deck to the top of your Life cards.'),
       ('OP08-109', 'fr', 'Mont Blanc Noland',
        '[On Play] If your Leader has the {Shandian Warrior} type and you have a [Kalgara] Character, add up to 1 card from the top of your deck to the top of your Life cards.'),
       ('OP08-110', 'en', 'Wyper',
        '[On Play] Look at 5 cards from the top of your deck; reveal up to 1 [Upper Yard] and add it to your hand. Then, place the rest at the bottom of your deck in any order and play up to 1 [Upper Yard] from your hand.'),
       ('OP08-110', 'fr', 'Wyper',
        '[On Play] Look at 5 cards from the top of your deck; reveal up to 1 [Upper Yard] and add it to your hand. Then, place the rest at the bottom of your deck in any order and play up to 1 [Upper Yard] from your hand.'),
       ('OP08-111', 'en', 'S-Shark',
        '[DON!! x1] [When Attacking] Your opponent cannot activate [Blocker] during this battle. \n [Trigger] You may trash 1 card from your hand: If you have 2 or less Life cards, play this card.'),
       ('OP08-111', 'fr', 'S-Shark',
        '[DON!! x1] [When Attacking] Your opponent cannot activate [Blocker] during this battle. \n [Trigger] You may trash 1 card from your hand: If you have 2 or less Life cards, play this card.'),
       ('OP08-112', 'en', 'S-Snake',
        '[On Play] Up to 1 of your opponent''s Characters with a cost of 6 or less other than [Monkey.D.Luffy] cannot attack until the end of your opponent''s next turn. \n [Trigger] Activate this card''s [On Play] effect.'),
       ('OP08-112', 'fr', 'S-Snake',
        '[On Play] Up to 1 of your opponent''s Characters with a cost of 6 or less other than [Monkey.D.Luffy] cannot attack until the end of your opponent''s next turn. \n [Trigger] Activate this card''s [On Play] effect.'),
       ('OP08-113', 'en', 'S-Bear',
        '[Trigger] You may trash 1 card from your hand: If you have 2 or less Life cards, play this card and K.O. up to 1 of your opponent''s Characters with a cost of 3 or less.'),
       ('OP08-113', 'fr', 'S-Bear',
        '[Trigger] You may trash 1 card from your hand: If you have 2 or less Life cards, play this card and K.O. up to 1 of your opponent''s Characters with a cost of 3 or less.'),
       ('OP08-114', 'en', 'S-Hawk',
        '[DON!! x1] If you have less Life cards than your opponent, this Character cannot be K.O.''d in battle by <Slash> attribute cards and gains +2000 power. \n [Trigger] You may trash 1 card from your hand: If you have 2 or less Life cards, play this card.'),
       ('OP08-114', 'fr', 'S-Hawk',
        '[DON!! x1] If you have less Life cards than your opponent, this Character cannot be K.O.''d in battle by <Slash> attribute cards and gains +2000 power. \n [Trigger] You may trash 1 card from your hand: If you have 2 or less Life cards, play this card.'),
       ('OP08-115', 'en', 'The Earth Will Not Lose!',
        '[Counter] If your Leader has the {Shandian Warrior} type, up to 1 of your Leader or Character cards gains +3000 power during this battle. Then, play up to 1 [Upper Yard] from your hand. \n [Trigger] Draw 2 cards and trash 1 card from your hand.'),
       ('OP08-115', 'fr', 'The Earth Will Not Lose!',
        '[Counter] If your Leader has the {Shandian Warrior} type, up to 1 of your Leader or Character cards gains +3000 power during this battle. Then, play up to 1 [Upper Yard] from your hand. \n [Trigger] Draw 2 cards and trash 1 card from your hand.'),
       ('OP08-116', 'en', 'Burn Bazooka',
        '[Counter] Up to 1 of your Leader or Character cards gains +4000 power during this battle. Then, you may add 1 card from the top or bottom of your Life cards to your hand. If you do, add up to 1 {Shandian Warrior} type card from your hand to the top of your Life cards face-up.'),
       ('OP08-116', 'fr', 'Burn Bazooka',
        '[Counter] Up to 1 of your Leader or Character cards gains +4000 power during this battle. Then, you may add 1 card from the top or bottom of your Life cards to your hand. If you do, add up to 1 {Shandian Warrior} type card from your hand to the top of your Life cards face-up.'),
       ('OP08-117', 'en', 'Burn Blade',
        '[Main] You may trash 1 card from the top of your Life cards: K.O. up to 1 of your opponent''s Characters with a cost of 7 or less. \n [Trigger] You may add 1 card from the top of your Life cards to your hand: Add up to 1 card from your hand to the top of your Life cards.'),
       ('OP08-117', 'fr', 'Burn Blade',
        '[Main] You may trash 1 card from the top of your Life cards: K.O. up to 1 of your opponent''s Characters with a cost of 7 or less. \n [Trigger] You may add 1 card from the top of your Life cards to your hand: Add up to 1 card from your hand to the top of your Life cards.'),
       ('OP08-118', 'en', 'Silvers Rayleigh',
        '[On Play] Select up to 2 of your opponent''s Characters, and give 1 Character −3000 power and the other −2000 power until the end of your opponent''s next turn. Then, K.O. up to 1 of your opponent''s Characters with 3000 power or less.'),
       ('OP08-118', 'fr', 'Silvers Rayleigh',
        '[On Play] Select up to 2 of your opponent''s Characters, and give 1 Character −3000 power and the other −2000 power until the end of your opponent''s next turn. Then, K.O. up to 1 of your opponent''s Characters with 3000 power or less.'),
       ('OP08-119', 'en', 'Kaido & Linlin',
        '[When Attacking] DON!! −10: K.O. all Characters other than this Character. Then, add up to 1 card from the top of your deck to the top of your Life cards and trash up to 1 card from the top of your opponent''s Life cards.'),
       ('OP08-119', 'fr', 'Kaido & Linlin',
        '[When Attacking] DON!! −10: K.O. all Characters other than this Character. Then, add up to 1 card from the top of your deck to the top of your Life cards and trash up to 1 card from the top of your opponent''s Life cards.')
ON CONFLICT DO NOTHING;
