INSERT INTO UT_PRODUCT(ID, RELEASE_DATE)
VALUES ('OP-05', '2023-12-08')
ON CONFLICT DO NOTHING;

INSERT INTO UT_PRODUCT_DESCRIPTION (PRODUCT_ID, LANGUAGE_CODE, NAME)
VALUES ('OP-05', 'en', '[OP-05] AWAKENING OF THE NEW ERA'),
       ('OP-05', 'fr', '[OP-05] AWAKENING OF THE NEW ERA')
ON CONFLICT DO NOTHING;

INSERT INTO UT_CARD (ID, TYPE_ID, ATTRIBUTE_ID, COST, POWER, LIFE, COUNTER)
VALUES ('OP05-001', 0, 2, NULL, 5000, 4, NULL),
       ('OP05-002', 0, 2, NULL, 5000, 4, NULL),
       ('OP05-003', 1, 4, 3, 4000, NULL, 1000),
       ('OP05-004', 1, 2, 4, 5000, NULL, 1000),
       ('OP05-005', 1, 2, 4, 5000, NULL, 1000),
       ('OP05-006', 1, 0, 2, 3000, NULL, 2000),
       ('OP05-007', 1, 2, 6, 7000, NULL, NULL),
       ('OP05-008', 1, 4, 5, 6000, NULL, 1000),
       ('OP05-009', 1, 3, 1, NULL, NULL, 2000),
       ('OP05-010', 1, 0, 1, 2000, NULL, 1000),
       ('OP05-011', 1, 0, 2, 2000, NULL, 1000),
       ('OP05-012', 1, 0, 3, 5000, NULL, 1000),
       ('OP05-013', 1, 1, 2, 2000, NULL, 1000),
       ('OP05-014', 1, 4, 3, 4000, NULL, 1000),
       ('OP05-015', 1, 2, 1, 2000, NULL, 1000),
       ('OP05-016', 1, 2, 3, 5000, NULL, NULL),
       ('OP05-017', 1, 2, 4, 5000, NULL, 1000),
       ('OP05-018', 3, NULL, 3, NULL, NULL, NULL),
       ('OP05-019', 3, NULL, 2, NULL, NULL, NULL),
       ('OP05-020', 3, NULL, 2, NULL, NULL, NULL),
       ('OP05-021', 2, NULL, 1, NULL, NULL, NULL),
       ('OP05-022', 0, 2, NULL, 5000, 4, NULL),
       ('OP05-023', 1, 0, 3, 4000, NULL, 1000),
       ('OP05-024', 1, 0, 2, 2000, NULL, 1000),
       ('OP05-025', 1, 2, 5, 6000, NULL, 1000),
       ('OP05-026', 1, 4, 4, 4000, NULL, 1000),
       ('OP05-027', 1, 3, 1, 2000, NULL, 1000),
       ('OP05-028', 1, 1, 1, 2000, NULL, 1000),
       ('OP05-029', 1, 2, 7, 8000, NULL, NULL),
       ('OP05-030', 1, 2, 2, 1000, NULL, 1000),
       ('OP05-031', 1, 0, 3, 4000, NULL, 1000),
       ('OP05-032', 1, 0, 4, 6000, NULL, NULL),
       ('OP05-033', 1, 2, 1, 1000, NULL, 1000),
       ('OP05-034', 1, 2, 1, 1000, NULL, 1000),
       ('OP05-035', 1, 0, 3, 5000, NULL, 1000),
       ('OP05-036', 1, 2, 3, 1000, NULL, 1000),
       ('OP05-037', 3, NULL, 0, NULL, NULL, NULL),
       ('OP05-038', 3, NULL, 2, NULL, NULL, NULL),
       ('OP05-039', 3, NULL, 2, NULL, NULL, NULL),
       ('OP05-040', 2, NULL, 5, NULL, NULL, NULL),
       ('OP05-041', 0, 2, NULL, 5000, 4, NULL),
       ('OP05-042', 1, 2, 6, 6000, NULL, 1000),
       ('OP05-043', 1, 0, 4, 5000, NULL, 1000),
       ('OP05-044', 1, 4, 8, 10000, NULL, 1000),
       ('OP05-045', 1, 4, 4, 5000, NULL, 1000),
       ('OP05-046', 1, 0, 4, 5000, NULL, 1000),
       ('OP05-047', 1, 4, 4, 5000, NULL, 1000),
       ('OP05-048', 1, 4, 5, 6000, NULL, 1000),
       ('OP05-049', 1, 0, 6, 7000, NULL, NULL),
       ('OP05-050', 1, 2, 3, 4000, NULL, 1000),
       ('OP05-051', 1, 2, 7, 8000, NULL, NULL),
       ('OP05-052', 1, 3, 2, 2000, NULL, 1000),
       ('OP05-053', 1, 4, 1, 2000, NULL, 1000),
       ('OP05-054', 1, 0, 3, 3000, NULL, 2000),
       ('OP05-055', 1, 4, 5, 6000, NULL, 1000),
       ('OP05-056', 1, 0, 2, 2000, NULL, 1000),
       ('OP05-057', 3, NULL, 2, NULL, NULL, NULL),
       ('OP05-058', 3, NULL, 8, NULL, NULL, NULL),
       ('OP05-059', 3, NULL, 5, NULL, NULL, NULL),
       ('OP05-060', 0, 0, NULL, 5000, 5, NULL),
       ('OP05-061', 1, 1, 3, 4000, NULL, 2000),
       ('OP05-062', 1, 2, 1, 1000, NULL, 1000),
       ('OP05-063', 1, 0, 4, 5000, NULL, 1000),
       ('OP05-064', 1, 4, 1, 2000, NULL, 1000),
       ('OP05-065', 1, 0, 6, 8000, NULL, 1000),
       ('OP05-066', 1, 0, 5, 6000, NULL, 1000),
       ('OP05-067', 1, 4, 3, 4000, NULL, 1000),
       ('OP05-068', 1, 3, 2, 3000, NULL, 1000),
       ('OP05-069', 1, 4, 3, 5000, NULL, NULL),
       ('OP05-070', 1, 0, 5, 4000, NULL, 2000),
       ('OP05-071', 1, 0, 3, 5000, NULL, NULL),
       ('OP05-072', 1, 4, 4, 6000, NULL, NULL),
       ('OP05-073', 1, 4, 4, 4000, NULL, 2000),
       ('OP05-074', 1, 2, 5, 6000, NULL, 1000),
       ('OP05-075', 1, 4, 1, 1000, NULL, 1000),
       ('OP05-076', 3, NULL, 1, NULL, NULL, NULL),
       ('OP05-077', 3, NULL, 2, NULL, NULL, NULL),
       ('OP05-078', 3, NULL, 2, NULL, NULL, NULL),
       ('OP05-079', 1, 2, 2, 3000, NULL, 1000),
       ('OP05-080', 1, 0, 4, 5000, NULL, 1000),
       ('OP05-081', 1, 0, 2, NULL, NULL, 2000),
       ('OP05-082', 1, 3, 1, NULL, NULL, 2000),
       ('OP05-083', 1, 3, 2, 4000, NULL, 1000),
       ('OP05-084', 1, 1, 3, NULL, NULL, 1000),
       ('OP05-085', 1, 3, 2, 1000, NULL, 1000),
       ('OP05-086', 1, 3, 1, 1000, NULL, 1000),
       ('OP05-087', 1, 4, 5, 6000, NULL, 1000),
       ('OP05-088', 1, 2, 1, NULL, NULL, 1000),
       ('OP05-089', 1, 3, 5, 1000, NULL, 1000),
       ('OP05-090', 1, 3, 4, 5000, NULL, 1000),
       ('OP05-091', 1, 3, 4, NULL, NULL, 1000),
       ('OP05-092', 1, 1, 5, NULL, NULL, 1000),
       ('OP05-093', 1, 0, 4, 6000, NULL, NULL),
       ('OP05-094', 3, NULL, 1, NULL, NULL, NULL),
       ('OP05-095', 3, NULL, 2, NULL, NULL, NULL),
       ('OP05-096', 3, NULL, 3, NULL, NULL, NULL),
       ('OP05-097', 2, NULL, 1, NULL, NULL, NULL),
       ('OP05-098', 0, 2, NULL, 5000, 4, NULL),
       ('OP05-099', 1, 3, 3, NULL, NULL, 1000),
       ('OP05-100', 1, 2, 7, 7000, NULL, NULL),
       ('OP05-101', 1, 4, 4, 5000, NULL, 1000),
       ('OP05-102', 1, 0, 5, 6000, NULL, 1000),
       ('OP05-103', 1, 2, 3, 3000, NULL, 1000),
       ('OP05-104', 1, 3, 1, NULL, NULL, 2000),
       ('OP05-105', 1, 0, 5, 5000, NULL, 2000),
       ('OP05-106', 1, 4, 2, 2000, NULL, 1000),
       ('OP05-107', 1, 1, 3, 4000, NULL, 1000),
       ('OP05-108', 1, 0, 5, 7000, NULL, 1000),
       ('OP05-109', 1, 3, 1, 1000, NULL, 1000),
       ('OP05-110', 1, 0, 3, 5000, NULL, 1000),
       ('OP05-111', 1, 2, 3, 3000, NULL, 1000),
       ('OP05-112', 1, 3, 3, 3000, NULL, 1000),
       ('OP05-113', 1, 4, 2, 2000, NULL, 1000),
       ('OP05-114', 3, NULL, 1, NULL, NULL, NULL),
       ('OP05-115', 3, NULL, 2, NULL, NULL, NULL),
       ('OP05-116', 3, NULL, 2, NULL, NULL, NULL),
       ('OP05-117', 2, NULL, 1, NULL, NULL, NULL),
       ('OP05-118', 1, 2, 10, 12000, NULL, NULL),
       ('OP05-119', 1, 0, 10, 12000, NULL, NULL)
ON CONFLICT DO NOTHING;

INSERT INTO UT_CARD_IMAGE (CARD_ID, NAME, RARITY_ID, PRODUCT_ID)
VALUES ('OP01-016', 'OP01-016_p4.png', 6, 'OP-05'),
       ('OP01-121', 'OP01-121_p2.png', 6, 'OP-05'),
       ('OP02-120', 'OP02-120_p2.png', 6, 'OP-05'),
       ('OP03-092', 'OP03-092_p2.png', 6, 'OP-05'),
       ('OP04-044', 'OP04-044_p2.png', 6, 'OP-05'),
       ('OP05-001', 'OP05-001.png', 0, 'OP-05'),
       ('OP05-001', 'OP05-001_p1.png', 0, 'OP-05'),
       ('OP05-002', 'OP05-002.png', 0, 'OP-05'),
       ('OP05-002', 'OP05-002_p1.png', 0, 'OP-05'),
       ('OP05-003', 'OP05-003.png', 2, 'OP-05'),
       ('OP05-004', 'OP05-004.png', 2, 'OP-05'),
       ('OP05-005', 'OP05-005.png', 5, 'OP-05'),
       ('OP05-006', 'OP05-006.png', 3, 'OP-05'),
       ('OP05-006', 'OP05-006_p1.png', 3, 'OP-05'),
       ('OP05-007', 'OP05-007.png', 3, 'OP-05'),
       ('OP05-007', 'OP05-007_p1.png', 3, 'OP-05'),
       ('OP05-008', 'OP05-008.png', 2, 'OP-05'),
       ('OP05-009', 'OP05-009.png', 1, 'OP-05'),
       ('OP05-010', 'OP05-010.png', 2, 'OP-05'),
       ('OP05-011', 'OP05-011.png', 1, 'OP-05'),
       ('OP05-012', 'OP05-012.png', 1, 'OP-05'),
       ('OP05-013', 'OP05-013.png', 1, 'OP-05'),
       ('OP05-014', 'OP05-014.png', 1, 'OP-05'),
       ('OP05-015', 'OP05-015.png', 5, 'OP-05'),
       ('OP05-015', 'OP05-015_p1.png', 5, 'OP-05'),
       ('OP05-016', 'OP05-016.png', 5, 'OP-05'),
       ('OP05-017', 'OP05-017.png', 5, 'OP-05'),
       ('OP05-018', 'OP05-018.png', 1, 'OP-05'),
       ('OP05-019', 'OP05-019.png', 5, 'OP-05'),
       ('OP05-020', 'OP05-020.png', 2, 'OP-05'),
       ('OP05-021', 'OP05-021.png', 2, 'OP-05'),
       ('OP05-022', 'OP05-022.png', 0, 'OP-05'),
       ('OP05-022', 'OP05-022_p1.png', 0, 'OP-05'),
       ('OP05-023', 'OP05-023.png', 5, 'OP-05'),
       ('OP05-024', 'OP05-024.png', 1, 'OP-05'),
       ('OP05-025', 'OP05-025.png', 1, 'OP-05'),
       ('OP05-026', 'OP05-026.png', 1, 'OP-05'),
       ('OP05-027', 'OP05-027.png', 2, 'OP-05'),
       ('OP05-028', 'OP05-028.png', 1, 'OP-05'),
       ('OP05-029', 'OP05-029.png', 2, 'OP-05'),
       ('OP05-030', 'OP05-030.png', 5, 'OP-05'),
       ('OP05-031', 'OP05-031.png', 1, 'OP-05'),
       ('OP05-032', 'OP05-032.png', 3, 'OP-05'),
       ('OP05-032', 'OP05-032_p1.png', 3, 'OP-05'),
       ('OP05-033', 'OP05-033.png', 1, 'OP-05'),
       ('OP05-034', 'OP05-034.png', 5, 'OP-05'),
       ('OP05-034', 'OP05-034_p1.png', 5, 'OP-05'),
       ('OP05-035', 'OP05-035.png', 1, 'OP-05'),
       ('OP05-036', 'OP05-036.png', 2, 'OP-05'),
       ('OP05-037', 'OP05-037.png', 5, 'OP-05'),
       ('OP05-038', 'OP05-038.png', 1, 'OP-05'),
       ('OP05-039', 'OP05-039.png', 2, 'OP-05'),
       ('OP05-040', 'OP05-040.png', 1, 'OP-05'),
       ('OP05-041', 'OP05-041.png', 0, 'OP-05'),
       ('OP05-041', 'OP05-041_p1.png', 0, 'OP-05'),
       ('OP05-042', 'OP05-042.png', 5, 'OP-05'),
       ('OP05-043', 'OP05-043.png', 3, 'OP-05'),
       ('OP05-043', 'OP05-043_p1.png', 3, 'OP-05'),
       ('OP05-044', 'OP05-044.png', 1, 'OP-05'),
       ('OP05-045', 'OP05-045.png', 1, 'OP-05'),
       ('OP05-046', 'OP05-046.png', 1, 'OP-05'),
       ('OP05-047', 'OP05-047.png', 1, 'OP-05'),
       ('OP05-048', 'OP05-048.png', 2, 'OP-05'),
       ('OP05-049', 'OP05-049.png', 2, 'OP-05'),
       ('OP05-050', 'OP05-050.png', 5, 'OP-05'),
       ('OP05-051', 'OP05-051.png', 3, 'OP-05'),
       ('OP05-051', 'OP05-051_p1.png', 3, 'OP-05'),
       ('OP05-052', 'OP05-052.png', 1, 'OP-05'),
       ('OP05-053', 'OP05-053.png', 1, 'OP-05'),
       ('OP05-054', 'OP05-054.png', 2, 'OP-05'),
       ('OP05-055', 'OP05-055.png', 5, 'OP-05'),
       ('OP05-055', 'OP05-055_p1.png', 5, 'OP-05'),
       ('OP05-056', 'OP05-056.png', 1, 'OP-05'),
       ('OP05-057', 'OP05-057.png', 5, 'OP-05'),
       ('OP05-058', 'OP05-058.png', 1, 'OP-05'),
       ('OP05-059', 'OP05-059.png', 2, 'OP-05'),
       ('OP05-060', 'OP05-060.png', 0, 'OP-05'),
       ('OP05-060', 'OP05-060_p1.png', 0, 'OP-05'),
       ('OP05-061', 'OP05-061.png', 2, 'OP-05'),
       ('OP05-062', 'OP05-062.png', 2, 'OP-05'),
       ('OP05-063', 'OP05-063.png', 1, 'OP-05'),
       ('OP05-064', 'OP05-064.png', 5, 'OP-05'),
       ('OP05-065', 'OP05-065.png', 1, 'OP-05'),
       ('OP05-066', 'OP05-066.png', 1, 'OP-05'),
       ('OP05-067', 'OP05-067.png', 5, 'OP-05'),
       ('OP05-067', 'OP05-067_p1.png', 5, 'OP-05'),
       ('OP05-068', 'OP05-068.png', 1, 'OP-05'),
       ('OP05-069', 'OP05-069.png', 3, 'OP-05'),
       ('OP05-069', 'OP05-069_p1.png', 3, 'OP-05'),
       ('OP05-069', 'OP05-069_p2.png', 3, 'OP-05'),
       ('OP05-070', 'OP05-070.png', 2, 'OP-05'),
       ('OP05-071', 'OP05-071.png', 5, 'OP-05'),
       ('OP05-072', 'OP05-072.png', 1, 'OP-05'),
       ('OP05-073', 'OP05-073.png', 2, 'OP-05'),
       ('OP05-074', 'OP05-074.png', 3, 'OP-05'),
       ('OP05-074', 'OP05-074_p1.png', 3, 'OP-05'),
       ('OP05-074', 'OP05-074_p2.png', 3, 'OP-05'),
       ('OP05-075', 'OP05-075.png', 1, 'OP-05'),
       ('OP05-076', 'OP05-076.png', 5, 'OP-05'),
       ('OP05-077', 'OP05-077.png', 1, 'OP-05'),
       ('OP05-078', 'OP05-078.png', 2, 'OP-05'),
       ('OP05-079', 'OP05-079.png', 2, 'OP-05'),
       ('OP05-080', 'OP05-080.png', 2, 'OP-05'),
       ('OP05-081', 'OP05-081.png', 2, 'OP-05'),
       ('OP05-082', 'OP05-082.png', 5, 'OP-05'),
       ('OP05-083', 'OP05-083.png', 1, 'OP-05'),
       ('OP05-084', 'OP05-084.png', 1, 'OP-05'),
       ('OP05-085', 'OP05-085.png', 2, 'OP-05'),
       ('OP05-086', 'OP05-086.png', 5, 'OP-05'),
       ('OP05-087', 'OP05-087.png', 1, 'OP-05'),
       ('OP05-088', 'OP05-088.png', 5, 'OP-05'),
       ('OP05-088', 'OP05-088_p1.png', 5, 'OP-05'),
       ('OP05-089', 'OP05-089.png', 1, 'OP-05'),
       ('OP05-090', 'OP05-090.png', 1, 'OP-05'),
       ('OP05-091', 'OP05-091.png', 3, 'OP-05'),
       ('OP05-091', 'OP05-091_p1.png', 3, 'OP-05'),
       ('OP05-092', 'OP05-092.png', 1, 'OP-05'),
       ('OP05-093', 'OP05-093.png', 3, 'OP-05'),
       ('OP05-093', 'OP05-093_p1.png', 3, 'OP-05'),
       ('OP05-094', 'OP05-094.png', 5, 'OP-05'),
       ('OP05-095', 'OP05-095.png', 1, 'OP-05'),
       ('OP05-096', 'OP05-096.png', 2, 'OP-05'),
       ('OP05-097', 'OP05-097.png', 1, 'OP-05'),
       ('OP05-098', 'OP05-098.png', 0, 'OP-05'),
       ('OP05-098', 'OP05-098_p1.png', 0, 'OP-05'),
       ('OP05-099', 'OP05-099.png', 2, 'OP-05'),
       ('OP05-100', 'OP05-100.png', 3, 'OP-05'),
       ('OP05-100', 'OP05-100_p1.png', 3, 'OP-05'),
       ('OP05-100', 'OP05-100_p2.png', 6, 'OP-05'),
       ('OP05-101', 'OP05-101.png', 5, 'OP-05'),
       ('OP05-102', 'OP05-102.png', 5, 'OP-05'),
       ('OP05-102', 'OP05-102_p1.png', 5, 'OP-05'),
       ('OP05-103', 'OP05-103.png', 2, 'OP-05'),
       ('OP05-104', 'OP05-104.png', 2, 'OP-05'),
       ('OP05-105', 'OP05-105.png', 5, 'OP-05'),
       ('OP05-106', 'OP05-106.png', 5, 'OP-05'),
       ('OP05-107', 'OP05-107.png', 1, 'OP-05'),
       ('OP05-108', 'OP05-108.png', 1, 'OP-05'),
       ('OP05-109', 'OP05-109.png', 1, 'OP-05'),
       ('OP05-110', 'OP05-110.png', 1, 'OP-05'),
       ('OP05-111', 'OP05-111.png', 2, 'OP-05'),
       ('OP05-112', 'OP05-112.png', 1, 'OP-05'),
       ('OP05-113', 'OP05-113.png', 1, 'OP-05'),
       ('OP05-114', 'OP05-114.png', 2, 'OP-05'),
       ('OP05-115', 'OP05-115.png', 5, 'OP-05'),
       ('OP05-116', 'OP05-116.png', 1, 'OP-05'),
       ('OP05-117', 'OP05-117.png', 2, 'OP-05'),
       ('OP05-118', 'OP05-118.png', 4, 'OP-05'),
       ('OP05-118', 'OP05-118_p1.png', 4, 'OP-05'),
       ('OP05-119', 'OP05-119.png', 4, 'OP-05'),
       ('OP05-119', 'OP05-119_p1.png', 4, 'OP-05'),
       ('OP05-119', 'OP05-119_p2.png', 4, 'OP-05'),
       ('ST01-012', 'ST01-012_p3.png', 3, 'OP-05'),
       ('ST01-012', 'ST01-012_p4.png', 3, 'OP-05')
ON CONFLICT DO NOTHING;

INSERT INTO UT_CARD_COLOR (COLOR_ID, CARD_ID)
VALUES (0, 'OP05-001'),
       (4, 'OP05-001'),
       (0, 'OP05-002'),
       (5, 'OP05-002'),
       (0, 'OP05-003'),
       (0, 'OP05-004'),
       (0, 'OP05-005'),
       (0, 'OP05-006'),
       (0, 'OP05-007'),
       (0, 'OP05-008'),
       (0, 'OP05-009'),
       (0, 'OP05-010'),
       (0, 'OP05-011'),
       (0, 'OP05-012'),
       (0, 'OP05-013'),
       (0, 'OP05-014'),
       (0, 'OP05-015'),
       (0, 'OP05-016'),
       (0, 'OP05-017'),
       (0, 'OP05-018'),
       (0, 'OP05-019'),
       (0, 'OP05-020'),
       (0, 'OP05-021'),
       (1, 'OP05-022'),
       (2, 'OP05-022'),
       (1, 'OP05-023'),
       (1, 'OP05-024'),
       (1, 'OP05-025'),
       (1, 'OP05-026'),
       (1, 'OP05-027'),
       (1, 'OP05-028'),
       (1, 'OP05-029'),
       (1, 'OP05-030'),
       (1, 'OP05-031'),
       (1, 'OP05-032'),
       (1, 'OP05-033'),
       (1, 'OP05-034'),
       (1, 'OP05-035'),
       (1, 'OP05-036'),
       (1, 'OP05-037'),
       (1, 'OP05-038'),
       (1, 'OP05-039'),
       (1, 'OP05-040'),
       (2, 'OP05-041'),
       (4, 'OP05-041'),
       (2, 'OP05-042'),
       (2, 'OP05-043'),
       (2, 'OP05-044'),
       (2, 'OP05-045'),
       (2, 'OP05-046'),
       (2, 'OP05-047'),
       (2, 'OP05-048'),
       (2, 'OP05-049'),
       (2, 'OP05-050'),
       (2, 'OP05-051'),
       (2, 'OP05-052'),
       (2, 'OP05-053'),
       (2, 'OP05-054'),
       (2, 'OP05-055'),
       (2, 'OP05-056'),
       (2, 'OP05-057'),
       (2, 'OP05-058'),
       (2, 'OP05-059'),
       (3, 'OP05-060'),
       (3, 'OP05-061'),
       (3, 'OP05-062'),
       (3, 'OP05-063'),
       (3, 'OP05-064'),
       (3, 'OP05-065'),
       (3, 'OP05-066'),
       (3, 'OP05-067'),
       (3, 'OP05-068'),
       (3, 'OP05-069'),
       (3, 'OP05-070'),
       (3, 'OP05-071'),
       (3, 'OP05-072'),
       (3, 'OP05-073'),
       (3, 'OP05-074'),
       (3, 'OP05-075'),
       (3, 'OP05-076'),
       (3, 'OP05-077'),
       (3, 'OP05-078'),
       (4, 'OP05-079'),
       (4, 'OP05-080'),
       (4, 'OP05-081'),
       (4, 'OP05-082'),
       (4, 'OP05-083'),
       (4, 'OP05-084'),
       (4, 'OP05-085'),
       (4, 'OP05-086'),
       (4, 'OP05-087'),
       (4, 'OP05-088'),
       (4, 'OP05-089'),
       (4, 'OP05-090'),
       (4, 'OP05-091'),
       (4, 'OP05-092'),
       (4, 'OP05-093'),
       (4, 'OP05-094'),
       (4, 'OP05-095'),
       (4, 'OP05-096'),
       (4, 'OP05-097'),
       (5, 'OP05-098'),
       (5, 'OP05-099'),
       (5, 'OP05-100'),
       (5, 'OP05-101'),
       (5, 'OP05-102'),
       (5, 'OP05-103'),
       (5, 'OP05-104'),
       (5, 'OP05-105'),
       (5, 'OP05-106'),
       (5, 'OP05-107'),
       (5, 'OP05-108'),
       (5, 'OP05-109'),
       (5, 'OP05-110'),
       (5, 'OP05-111'),
       (5, 'OP05-112'),
       (5, 'OP05-113'),
       (5, 'OP05-114'),
       (5, 'OP05-115'),
       (5, 'OP05-116'),
       (5, 'OP05-117'),
       (2, 'OP05-118'),
       (3, 'OP05-119')
ON CONFLICT DO NOTHING;

INSERT INTO UT_CARD_TAG (TAG_ID, CARD_ID)
VALUES (20, 'OP05-001'),
       (20, 'OP05-002'),
       (20, 'OP05-003'),
       (20, 'OP05-004'),
       (20, 'OP05-005'),
       (20, 'OP05-006'),
       (20, 'OP05-007'),
       (3, 'OP05-008'),
       (3, 'OP05-009'),
       (0, 'OP05-010'),
       (15, 'OP05-011'),
       (20, 'OP05-011'),
       (4, 'OP05-012'),
       (20, 'OP05-012'),
       (20, 'OP05-013'),
       (3, 'OP05-014'),
       (20, 'OP05-015'),
       (39, 'OP05-016'),
       (20, 'OP05-016'),
       (13, 'OP05-017'),
       (20, 'OP05-017'),
       (20, 'OP05-018'),
       (20, 'OP05-019'),
       (4, 'OP05-020'),
       (20, 'OP05-020'),
       (20, 'OP05-021'),
       (8, 'OP05-022'),
       (19, 'OP05-022'),
       (8, 'OP05-023'),
       (19, 'OP05-023'),
       (19, 'OP05-024'),
       (19, 'OP05-025'),
       (83, 'OP05-026'),
       (19, 'OP05-027'),
       (19, 'OP05-028'),
       (19, 'OP05-029'),
       (8, 'OP05-030'),
       (19, 'OP05-030'),
       (19, 'OP05-031'),
       (19, 'OP05-032'),
       (19, 'OP05-033'),
       (19, 'OP05-034'),
       (19, 'OP05-035'),
       (19, 'OP05-036'),
       (19, 'OP05-037'),
       (19, 'OP05-038'),
       (19, 'OP05-039'),
       (19, 'OP05-040'),
       (8, 'OP05-041'),
       (8, 'OP05-042'),
       (26, 'OP05-043'),
       (39, 'OP05-044'),
       (8, 'OP05-044'),
       (8, 'OP05-045'),
       (8, 'OP05-046'),
       (26, 'OP05-047'),
       (12, 'OP05-047'),
       (8, 'OP05-048'),
       (39, 'OP05-049'),
       (26, 'OP05-049'),
       (8, 'OP05-050'),
       (8, 'OP05-051'),
       (8, 'OP05-052'),
       (8, 'OP05-053'),
       (8, 'OP05-054'),
       (8, 'OP05-055'),
       (14, 'OP05-055'),
       (26, 'OP05-055'),
       (59, 'OP05-056'),
       (8, 'OP05-057'),
       (8, 'OP05-058'),
       (25, 'OP05-059'),
       (26, 'OP05-059'),
       (0, 'OP05-060'),
       (0, 'OP05-061'),
       (0, 'OP05-062'),
       (0, 'OP05-063'),
       (5, 'OP05-064'),
       (0, 'OP05-065'),
       (4, 'OP05-066'),
       (0, 'OP05-066'),
       (0, 'OP05-067'),
       (2, 'OP05-068'),
       (0, 'OP05-068'),
       (11, 'OP05-069'),
       (0, 'OP05-070'),
       (13, 'OP05-071'),
       (11, 'OP05-071'),
       (0, 'OP05-072'),
       (16, 'OP05-073'),
       (5, 'OP05-074'),
       (16, 'OP05-075'),
       (35, 'OP05-076'),
       (11, 'OP05-077'),
       (5, 'OP05-078'),
       (49, 'OP05-079'),
       (89, 'OP05-080'),
       (49, 'OP05-080'),
       (49, 'OP05-081'),
       (70, 'OP05-082'),
       (87, 'OP05-083'),
       (85, 'OP05-084'),
       (3, 'OP05-085'),
       (3, 'OP05-086'),
       (49, 'OP05-087'),
       (37, 'OP05-087'),
       (80, 'OP05-088'),
       (49, 'OP05-088'),
       (85, 'OP05-089'),
       (49, 'OP05-090'),
       (49, 'OP05-091'),
       (85, 'OP05-092'),
       (77, 'OP05-093'),
       (80, 'OP05-094'),
       (49, 'OP05-094'),
       (49, 'OP05-095'),
       (20, 'OP05-095'),
       (85, 'OP05-096'),
       (90, 'OP05-097'),
       (88, 'OP05-098'),
       (88, 'OP05-099'),
       (88, 'OP05-100'),
       (88, 'OP05-101'),
       (91, 'OP05-101'),
       (88, 'OP05-102'),
       (91, 'OP05-102'),
       (88, 'OP05-103'),
       (88, 'OP05-104'),
       (88, 'OP05-105'),
       (91, 'OP05-105'),
       (88, 'OP05-106'),
       (91, 'OP05-106'),
       (86, 'OP05-107'),
       (2, 'OP05-108'),
       (88, 'OP05-108'),
       (88, 'OP05-109'),
       (2, 'OP05-110'),
       (88, 'OP05-110'),
       (88, 'OP05-111'),
       (88, 'OP05-112'),
       (88, 'OP05-113'),
       (88, 'OP05-114'),
       (88, 'OP05-115'),
       (88, 'OP05-116'),
       (88, 'OP05-117'),
       (25, 'OP05-118'),
       (26, 'OP05-118'),
       (25, 'OP05-119'),
       (0, 'OP05-119')
ON CONFLICT DO NOTHING;

INSERT INTO UT_CARD_DESCRIPTION (CARD_ID, LANGUAGE_CODE, NAME, EFFECT)
VALUES ('OP05-001', 'en', 'Sabo',
        '[DON!! x1] [Opponent''s Turn] [Once Per Turn] If your Character with 5000 power or more would be K.O.''d, you may give that Character −1000 power during this turn instead of that Character being K.O.''d.'),
       ('OP05-001', 'fr', 'Sabo',
        '[DON!! x1] [Opponent''s Turn] [Once Per Turn] If your Character with 5000 power or more would be K.O.''d, you may give that Character −1000 power during this turn instead of that Character being K.O.''d.'),
       ('OP05-002', 'en', 'Belo Betty',
        '[Activate: Main] [Once Per Turn] You may trash 1 {Revolutionary Army} type card from your hand: Up to 3 of your {Revolutionary Army} type Characters or Characters with a [Trigger] gain +3000 power during this turn.'),
       ('OP05-002', 'fr', 'Belo Betty',
        '[Activate: Main] [Once Per Turn] You may trash 1 {Revolutionary Army} type card from your hand: Up to 3 of your {Revolutionary Army} type Characters or Characters with a [Trigger] gain +3000 power during this turn.'),
       ('OP05-003', 'en', 'Inazuma',
        'If you have a Character with 7000 power or more other than this Character, this Character gains [Rush]. \n (This card can attack on the turn in which it is played.)'),
       ('OP05-003', 'fr', 'Inazuma',
        'If you have a Character with 7000 power or more other than this Character, this Character gains [Rush]. \n (This card can attack on the turn in which it is played.)'),
       ('OP05-004', 'en', 'Emporio.Ivankov',
        '[Activate: Main] [Once Per Turn] If this Character has 7000 power or more, play up to 1 {Revolutionary Army} type Character card with 5000 power or less other than [Emporio.Ivankov] from your hand.'),
       ('OP05-004', 'fr', 'Emporio.Ivankov',
        '[Activate: Main] [Once Per Turn] If this Character has 7000 power or more, play up to 1 {Revolutionary Army} type Character card with 5000 power or less other than [Emporio.Ivankov] from your hand.'),
       ('OP05-005', 'en', 'Karasu',
        '[On Play] If your Leader has the {Revolutionary Army} type, give up to 1 of your opponent''s Leader or Character cards −1000 power during this turn. \n [When Attacking] If this Character has 7000 power or more, give up to 1 of your opponent''s Leader or Character cards −1000 power during this turn.'),
       ('OP05-005', 'fr', 'Karasu',
        '[On Play] If your Leader has the {Revolutionary Army} type, give up to 1 of your opponent''s Leader or Character cards −1000 power during this turn. \n [When Attacking] If this Character has 7000 power or more, give up to 1 of your opponent''s Leader or Character cards −1000 power during this turn.'),
       ('OP05-006', 'en', 'Koala',
        '[On Play] If your Leader has the {Revolutionary Army} type, give up to 1 of your opponent''s Characters −3000 power during this turn.'),
       ('OP05-006', 'fr', 'Koala',
        '[On Play] If your Leader has the {Revolutionary Army} type, give up to 1 of your opponent''s Characters −3000 power during this turn.'),
       ('OP05-007', 'en', 'Sabo',
        '[On Play] K.O. up to 2 of your opponent''s Characters with a total power of 4000 or less.'),
       ('OP05-007', 'fr', 'Sabo',
        '[On Play] K.O. up to 2 of your opponent''s Characters with a total power of 4000 or less.'),
       ('OP05-008', 'en', 'Chaka',
        '[DON!! x1] [Activate: Main] [Once Per Turn] Give up to 2 rested DON!! cards to your Leader or 1 of your Characters.'),
       ('OP05-008', 'fr', 'Chaka',
        '[DON!! x1] [Activate: Main] [Once Per Turn] Give up to 2 rested DON!! cards to your Leader or 1 of your Characters.'),
       ('OP05-009', 'en', 'Toh-Toh', '[On Play] Draw 1 card if your Leader has 0 power or less.'),
       ('OP05-009', 'fr', 'Toh-Toh', '[On Play] Draw 1 card if your Leader has 0 power or less.'),
       ('OP05-010', 'en', 'Nico Robin',
        '[On Play] K.O. up to 1 of your opponent''s Characters with 1000 power or less.'),
       ('OP05-010', 'fr', 'Nico Robin',
        '[On Play] K.O. up to 1 of your opponent''s Characters with 1000 power or less.'),
       ('OP05-011', 'en', 'Bartholomew Kuma',
        '[On Play] K.O. up to 1 of your opponent''s Characters with 2000 power or less. \n [Trigger] If your Leader is multicolored, play this card.'),
       ('OP05-011', 'fr', 'Bartholomew Kuma',
        '[On Play] K.O. up to 1 of your opponent''s Characters with 2000 power or less. \n [Trigger] If your Leader is multicolored, play this card.'),
       ('OP05-012', 'en', 'Hack', NULL),
       ('OP05-012', 'fr', 'Hack', NULL),
       ('OP05-013', 'en', 'Bunny Joe',
        '[Blocker] (After your opponent declares an attack, you may rest this card to make it the new target of the attack.)'),
       ('OP05-013', 'fr', 'Bunny Joe',
        '[Blocker] (After your opponent declares an attack, you may rest this card to make it the new target of the attack.)'),
       ('OP05-014', 'en', 'Pell',
        '[DON!! x1] [When Attacking] Give up to 1 of your opponent''s Characters −2000 power during this turn.'),
       ('OP05-014', 'fr', 'Pell',
        '[DON!! x1] [When Attacking] Give up to 1 of your opponent''s Characters −2000 power during this turn.'),
       ('OP05-015', 'en', 'Belo Betty',
        '[On Play] Look at 5 cards from the top of your deck; reveal up to 1 {Revolutionary Army} type card other than [Belo Betty] and add it to your hand. Then, place the rest at the bottom of your deck in any order.'),
       ('OP05-015', 'fr', 'Belo Betty',
        '[On Play] Look at 5 cards from the top of your deck; reveal up to 1 {Revolutionary Army} type card other than [Belo Betty] and add it to your hand. Then, place the rest at the bottom of your deck in any order.'),
       ('OP05-016', 'en', 'Morley',
        '[When Attacking] If this Character has 7000 power or more, your opponent cannot activate [Blocker] during this battle. \n [Trigger] You may trash 1 card from your hand: If your Leader is multicolored, play this card.'),
       ('OP05-016', 'fr', 'Morley',
        '[When Attacking] If this Character has 7000 power or more, your opponent cannot activate [Blocker] during this battle. \n [Trigger] You may trash 1 card from your hand: If your Leader is multicolored, play this card.'),
       ('OP05-017', 'en', 'Lindbergh',
        '[When Attacking] If this Character has 7000 power or more, K.O. up to 1 of your opponent''s Characters with 3000 power or less. \n [Trigger] You may trash 1 card from your hand: If your Leader is multicolored, play this card.'),
       ('OP05-017', 'fr', 'Lindbergh',
        '[When Attacking] If this Character has 7000 power or more, K.O. up to 1 of your opponent''s Characters with 3000 power or less. \n [Trigger] You may trash 1 card from your hand: If your Leader is multicolored, play this card.'),
       ('OP05-018', 'en', 'Emporio Energy Hormone',
        '[Counter] Up to 1 of your Leader or Character cards gains +3000 power during this battle. Then, play up to 1 {Revolutionary Army} type Character card with 5000 power or less from your hand. \n [Trigger] Play up to 1 {Revolutionary Army} type Character card with 5000 power or less from your hand.'),
       ('OP05-018', 'fr', 'Emporio Energy Hormone',
        '[Counter] Up to 1 of your Leader or Character cards gains +3000 power during this battle. Then, play up to 1 {Revolutionary Army} type Character card with 5000 power or less from your hand. \n [Trigger] Play up to 1 {Revolutionary Army} type Character card with 5000 power or less from your hand.'),
       ('OP05-019', 'en', 'Fire Fist',
        '[Main] Give up to 1 of your opponent''s Characters −4000 power during this turn. Then, if you have 2 or less Life cards, K.O. up to 1 of your opponent''s Characters with 0 power or less. \n [Trigger] Activate this card''s [Main] effect.'),
       ('OP05-019', 'fr', 'Fire Fist',
        '[Main] Give up to 1 of your opponent''s Characters −4000 power during this turn. Then, if you have 2 or less Life cards, K.O. up to 1 of your opponent''s Characters with 0 power or less. \n [Trigger] Activate this card''s [Main] effect.'),
       ('OP05-020', 'en', 'Four Thousand-Brick Fist',
        '[Main] Up to 1 of your Leader or Character cards gains +2000 power during this turn. Then, K.O. up to 1 of your opponent''s Characters with 2000 power or less. \n [Trigger] Up to 1 of your Leader or Character cards gains +1000 power during this turn.'),
       ('OP05-020', 'fr', 'Four Thousand-Brick Fist',
        '[Main] Up to 1 of your Leader or Character cards gains +2000 power during this turn. Then, K.O. up to 1 of your opponent''s Characters with 2000 power or less. \n [Trigger] Up to 1 of your Leader or Character cards gains +1000 power during this turn.'),
       ('OP05-021', 'en', 'Revolutionary Army HQ',
        '[Activate: Main] You may trash 1 card from your hand and rest this Stage: Look at 3 cards from the top of your deck; reveal up to 1 {Revolutionary Army} type card and add it to your hand. Then, place the rest at the bottom of your deck in any order.'),
       ('OP05-021', 'fr', 'Revolutionary Army HQ',
        '[Activate: Main] You may trash 1 card from your hand and rest this Stage: Look at 3 cards from the top of your deck; reveal up to 1 {Revolutionary Army} type card and add it to your hand. Then, place the rest at the bottom of your deck in any order.'),
       ('OP05-022', 'en', 'Donquixote Rosinante',
        '[Blocker] (After your opponent declares an attack, you may rest this card to make it the new target of the attack.) \n [End of Your Turn] If you have 6 or less cards in your hand, set this Leader as active.'),
       ('OP05-022', 'fr', 'Donquixote Rosinante',
        '[Blocker] (After your opponent declares an attack, you may rest this card to make it the new target of the attack.) \n [End of Your Turn] If you have 6 or less cards in your hand, set this Leader as active.'),
       ('OP05-023', 'en', 'Vergo',
        '[DON!! x1] [When Attacking] K.O. up to 1 of your opponent''s rested Characters with a cost of 3 or less.'),
       ('OP05-023', 'fr', 'Vergo',
        '[DON!! x1] [When Attacking] K.O. up to 1 of your opponent''s rested Characters with a cost of 3 or less.'),
       ('OP05-024', 'en', 'Kuween',
        '[Blocker] (After your opponent declares an attack, you may rest this card to make it the new target of the attack.)'),
       ('OP05-024', 'fr', 'Kuween',
        '[Blocker] (After your opponent declares an attack, you may rest this card to make it the new target of the attack.)'),
       ('OP05-025', 'en', 'Gladius',
        '[Activate: Main] You may rest this Character: Rest up to 1 of your opponent''s Characters with a cost of 3 or less.'),
       ('OP05-025', 'fr', 'Gladius',
        '[Activate: Main] You may rest this Character: Rest up to 1 of your opponent''s Characters with a cost of 3 or less.'),
       ('OP05-026', 'en', 'Sarquiss',
        '[DON!! x1] [When Attacking] [Once Per Turn] You may rest 1 of your Characters with a cost of 3 or more: Set this Character as active.'),
       ('OP05-026', 'fr', 'Sarquiss',
        '[DON!! x1] [When Attacking] [Once Per Turn] You may rest 1 of your Characters with a cost of 3 or more: Set this Character as active.'),
       ('OP05-027', 'en', 'Trafalgar Law',
        '[Activate: Main] You may trash this Character: Rest up to 1 of your opponent''s Characters with a cost of 3 or less.'),
       ('OP05-027', 'fr', 'Trafalgar Law',
        '[Activate: Main] You may trash this Character: Rest up to 1 of your opponent''s Characters with a cost of 3 or less.'),
       ('OP05-028', 'en', 'Donquixote Doflamingo',
        '[Activate: Main] You may trash this Character: K.O. up to 1 of your opponent''s rested Characters with a cost of 2 or less.'),
       ('OP05-028', 'fr', 'Donquixote Doflamingo',
        '[Activate: Main] You may trash this Character: K.O. up to 1 of your opponent''s rested Characters with a cost of 2 or less.'),
       ('OP05-029', 'en', 'Donquixote Doflamingo',
        '[On Your Opponent''s Attack] [Once Per Turn] ➀ (You may rest the specified number of DON!! cards in your cost area.): Rest up to 1 of your opponent''s Characters with a cost of 6 or less.'),
       ('OP05-029', 'fr', 'Donquixote Doflamingo',
        '[On Your Opponent''s Attack] [Once Per Turn] ➀ (You may rest the specified number of DON!! cards in your cost area.): Rest up to 1 of your opponent''s Characters with a cost of 6 or less.'),
       ('OP05-030', 'en', 'Donquixote Rosinante',
        '[Blocker] (After your opponent declares an attack, you may rest this card to make it the new target of the attack.) \n [Opponent''s Turn] If your rested Character would be K.O.''d, you may trash this Character instead.'),
       ('OP05-030', 'fr', 'Donquixote Rosinante',
        '[Blocker] (After your opponent declares an attack, you may rest this card to make it the new target of the attack.) \n [Opponent''s Turn] If your rested Character would be K.O.''d, you may trash this Character instead.'),
       ('OP05-031', 'en', 'Buffalo',
        '[When Attacking] [Once Per Turn] If you have 2 or more rested Characters, set up to 1 of your rested Characters with a cost of 1 as active.'),
       ('OP05-031', 'fr', 'Buffalo',
        '[When Attacking] [Once Per Turn] If you have 2 or more rested Characters, set up to 1 of your rested Characters with a cost of 1 as active.'),
       ('OP05-032', 'en', 'Pica',
        '[End of Your Turn] ①: Set this Character as active. \n [Once Per Turn] If this Character would be K.O.''d, you may rest 1 of your Characters with a cost of 3 or more other than [Pica] instead.'),
       ('OP05-032', 'fr', 'Pica',
        '[End of Your Turn] ①: Set this Character as active. \n [Once Per Turn] If this Character would be K.O.''d, you may rest 1 of your Characters with a cost of 3 or more other than [Pica] instead.'),
       ('OP05-033', 'en', 'Baby 5',
        '[Activate: Main] ➀ (You may rest the specified number of DON!! cards in your cost area.) You may rest this Character: Play up to 1 {Donquixote Pirates} type Character card with a cost of 2 or less from your hand.'),
       ('OP05-033', 'fr', 'Baby 5',
        '[Activate: Main] ➀ (You may rest the specified number of DON!! cards in your cost area.) You may rest this Character: Play up to 1 {Donquixote Pirates} type Character card with a cost of 2 or less from your hand.'),
       ('OP05-034', 'en', 'Baby 5',
        '[Activate: Main] ➀ (You may rest the specified number of DON!! cards in your cost area.) You may rest this Character: Look at 5 cards from the top of your deck; reveal up to 1 {Donquixote Pirates} type card and add it to your hand. Then, place the rest at the bottom of your deck in any order.'),
       ('OP05-034', 'fr', 'Baby 5',
        '[Activate: Main] ➀ (You may rest the specified number of DON!! cards in your cost area.) You may rest this Character: Look at 5 cards from the top of your deck; reveal up to 1 {Donquixote Pirates} type card and add it to your hand. Then, place the rest at the bottom of your deck in any order.'),
       ('OP05-035', 'en', 'Bellamy', NULL),
       ('OP05-035', 'fr', 'Bellamy', NULL),
       ('OP05-036', 'en', 'Monet',
        '[Blocker] (After your opponent declares an attack, you may rest this card to make it the new target of the attack.) \n [On Block] Rest up to 1 of your opponent''s Characters with a cost of 4 or less.'),
       ('OP05-036', 'fr', 'Monet',
        '[Blocker] (After your opponent declares an attack, you may rest this card to make it the new target of the attack.) \n [On Block] Rest up to 1 of your opponent''s Characters with a cost of 4 or less.'),
       ('OP05-037', 'en', 'Because the Side of Justice Will Be Whichever Side Wins!!',
        '[Counter] You may trash 1 card from your hand: Up to 1 of your Leader or Character cards gains +3000 power during this battle. \n [Trigger] Rest up to 1 of your opponent''s Characters with a cost of 4 or less.'),
       ('OP05-037', 'fr', 'Because the Side of Justice Will Be Whichever Side Wins!!',
        '[Counter] You may trash 1 card from your hand: Up to 1 of your Leader or Character cards gains +3000 power during this battle. \n [Trigger] Rest up to 1 of your opponent''s Characters with a cost of 4 or less.'),
       ('OP05-038', 'en', 'Charlestone',
        '[Counter] Up to 1 of your Leader or Character cards gains +4000 power during this battle. Then, you may trash 1 card from your hand. If you do, set up to 3 of your DON!! cards as active. \n [Trigger] Rest up to 1 of your opponent''s Leader or Character cards with a cost of 3 or less.'),
       ('OP05-038', 'fr', 'Charlestone',
        '[Counter] Up to 1 of your Leader or Character cards gains +4000 power during this battle. Then, you may trash 1 card from your hand. If you do, set up to 3 of your DON!! cards as active. \n [Trigger] Rest up to 1 of your opponent''s Leader or Character cards with a cost of 3 or less.'),
       ('OP05-039', 'en', 'Stick-Stickem Meteora',
        '[Counter] Up to 1 of your Leader or Character cards gains +4000 power during this battle. Then, K.O. up to 1 of your opponent''s rested Characters with a cost of 3 or less. \n [Trigger] K.O. up to 1 of your opponent''s rested Characters with a cost of 5 or less.'),
       ('OP05-039', 'fr', 'Stick-Stickem Meteora',
        '[Counter] Up to 1 of your Leader or Character cards gains +4000 power during this battle. Then, K.O. up to 1 of your opponent''s rested Characters with a cost of 3 or less. \n [Trigger] K.O. up to 1 of your opponent''s rested Characters with a cost of 5 or less.'),
       ('OP05-040', 'en', 'Birdcage',
        'If your Leader is [Donquixote Doflamingo], all Characters with a cost of 5 or less do not become active in your and your opponent''s Refresh Phases. \n [End of Your Turn] If you have 10 DON!! cards on your field, K.O. all rested Characters with a cost of 5 or less. Then, trash this Stage.'),
       ('OP05-040', 'fr', 'Birdcage',
        'If your Leader is [Donquixote Doflamingo], all Characters with a cost of 5 or less do not become active in your and your opponent''s Refresh Phases. \n [End of Your Turn] If you have 10 DON!! cards on your field, K.O. all rested Characters with a cost of 5 or less. Then, trash this Stage.'),
       ('OP05-041', 'en', 'Sakazuki',
        '[Activate: Main] [Once Per Turn] You may trash 1 card from your hand: Draw 1 card. \n [When Attacking] Give up to 1 of your opponent''s Characters −1 cost during this turn.'),
       ('OP05-041', 'fr', 'Sakazuki',
        '[Activate: Main] [Once Per Turn] You may trash 1 card from your hand: Draw 1 card. \n [When Attacking] Give up to 1 of your opponent''s Characters −1 cost during this turn.'),
       ('OP05-042', 'en', 'Issho',
        '[On Play] Up to 1 of your opponent''s Characters with a cost of 7 or less cannot attack until the start of your next turn.'),
       ('OP05-042', 'fr', 'Issho',
        '[On Play] Up to 1 of your opponent''s Characters with a cost of 7 or less cannot attack until the start of your next turn.'),
       ('OP05-043', 'en', 'Ulti',
        '[On Play] If your Leader is multicolored, look at 3 cards from the top of your deck and add up to 1 card to your hand. Then, place the rest at the top or bottom of the deck in any order.'),
       ('OP05-043', 'fr', 'Ulti',
        '[On Play] If your Leader is multicolored, look at 3 cards from the top of your deck and add up to 1 card to your hand. Then, place the rest at the top or bottom of the deck in any order.'),
       ('OP05-044', 'en', 'John Giant', NULL),
       ('OP05-044', 'fr', 'John Giant', NULL),
       ('OP05-045', 'en', 'Stainless',
        '[Activate: Main] You may trash 1 card from your hand and rest this Character: Place up to 1 Character with a cost of 2 or less at the bottom of the owner''s deck.'),
       ('OP05-045', 'fr', 'Stainless',
        '[Activate: Main] You may trash 1 card from your hand and rest this Character: Place up to 1 Character with a cost of 2 or less at the bottom of the owner''s deck.'),
       ('OP05-046', 'en', 'Dalmatian',
        '[On K.O.] Draw 1 card and place 1 card from your hand at the bottom of your deck.'),
       ('OP05-046', 'fr', 'Dalmatian',
        '[On K.O.] Draw 1 card and place 1 card from your hand at the bottom of your deck.'),
       ('OP05-047', 'en', 'Basil Hawkins',
        '[Blocker] (After your opponent declares an attack, you may rest this card to make it the new target of the attack.) \n [On Block] Draw 1 card if you have 3 or less cards in your hand. Then, this Character gains +1000 power during this battle.'),
       ('OP05-047', 'fr', 'Basil Hawkins',
        '[Blocker] (After your opponent declares an attack, you may rest this card to make it the new target of the attack.) \n [On Block] Draw 1 card if you have 3 or less cards in your hand. Then, this Character gains +1000 power during this battle.'),
       ('OP05-048', 'en', 'Bastille',
        '[DON!! x1] [When Attacking] Place up to 1 Character with a cost of 2 or less at the bottom of the owner''s deck.'),
       ('OP05-048', 'fr', 'Bastille',
        '[DON!! x1] [When Attacking] Place up to 1 Character with a cost of 2 or less at the bottom of the owner''s deck.'),
       ('OP05-049', 'en', 'Haccha',
        '[DON!! x1] [When Attacking] Return up to 1 Character with a cost of 3 or less to the owner''s hand.'),
       ('OP05-049', 'fr', 'Haccha',
        '[DON!! x1] [When Attacking] Return up to 1 Character with a cost of 3 or less to the owner''s hand.'),
       ('OP05-050', 'en', 'Hina', '[On Play] Draw 1 card if you have 5 or less cards in your hand.'),
       ('OP05-050', 'fr', 'Hina', '[On Play] Draw 1 card if you have 5 or less cards in your hand.'),
       ('OP05-051', 'en', 'Borsalino',
        '[On Play] Place up to 1 Character with a cost of 4 or less at the bottom of the owner''s deck.'),
       ('OP05-051', 'fr', 'Borsalino',
        '[On Play] Place up to 1 Character with a cost of 4 or less at the bottom of the owner''s deck.'),
       ('OP05-052', 'en', 'Maynard',
        '[Blocker] (After your opponent declares an attack, you may rest this card to make it the new target of the attack.)'),
       ('OP05-052', 'fr', 'Maynard',
        '[Blocker] (After your opponent declares an attack, you may rest this card to make it the new target of the attack.)'),
       ('OP05-053', 'en', 'Mozambia',
        '[Your Turn] [Once Per Turn] When you draw a card outside of your Draw Phase, this Character gains +2000 power during this turn.'),
       ('OP05-053', 'fr', 'Mozambia',
        '[Your Turn] [Once Per Turn] When you draw a card outside of your Draw Phase, this Character gains +2000 power during this turn.'),
       ('OP05-054', 'en', 'Monkey.D.Garp',
        '[On Play] Draw 2 cards and place 2 cards from your hand at the bottom of your deck in any order.'),
       ('OP05-054', 'fr', 'Monkey.D.Garp',
        '[On Play] Draw 2 cards and place 2 cards from your hand at the bottom of your deck in any order.'),
       ('OP05-055', 'en', 'X.Drake',
        '[Blocker] (After your opponent declares an attack, you may rest this card to make it the new target of the attack.) \n [On Play] Look at 5 cards from the top of your deck and place them at the top or bottom of the deck in any order.'),
       ('OP05-055', 'fr', 'X.Drake',
        '[Blocker] (After your opponent declares an attack, you may rest this card to make it the new target of the attack.) \n [On Play] Look at 5 cards from the top of your deck and place them at the top or bottom of the deck in any order.'),
       ('OP05-056', 'en', 'X.Barrels',
        '[On Play] You may place 1 of your Characters other than this Character at the bottom of your deck: Draw 1 card.'),
       ('OP05-056', 'fr', 'X.Barrels',
        '[On Play] You may place 1 of your Characters other than this Character at the bottom of your deck: Draw 1 card.'),
       ('OP05-057', 'en', 'Hound Blaze',
        '[Main] Up to 1 of your Leader or Character cards gains +3000 power during this turn. Then, place up to 1 Character with a cost of 2 or less at the bottom of the owner''s deck. \n [Trigger] Return up to 1 Character with a cost of 3 or less to the owner''s hand.'),
       ('OP05-057', 'fr', 'Hound Blaze',
        '[Main] Up to 1 of your Leader or Character cards gains +3000 power during this turn. Then, place up to 1 Character with a cost of 2 or less at the bottom of the owner''s deck. \n [Trigger] Return up to 1 Character with a cost of 3 or less to the owner''s hand.'),
       ('OP05-058', 'en',
        'It''S a Waste OF Human Life!!', '[MAIN] Place ALL Characters WITH a COST OF 3 OR less AT the bottom OF the OWNER''S deck. Then,
        YOU AND YOUR opponent trash cards FROM your hands UNTIL you EACH have 5 cards IN your hands. \n [TRIGGER] Place ALL Characters WITH a COST OF 2 OR less AT the bottom OF the OWNER''S deck.'),
       ('OP05-058', 'fr', 'It''s a Waste of Human Life!!',
        '[Main] Place all Characters with a cost of 3 or less at the bottom of the owner''s deck. Then, you and your opponent trash cards from your hands until you each have 5 cards in your hands. \n [Trigger] Place all Characters with a cost of 2 or less at the bottom of the owner''s deck.'),
       ('OP05-059', 'en', 'Let Us Begin the World of Violence!!!',
        '[Main] If your Leader is multicolored, draw 1 card. Then, return up to 1 Character with a cost of 5 or less to the owner''s hand. \n [Trigger] If your Leader is multicolored, draw 2 cards.'),
       ('OP05-059', 'fr', 'Let Us Begin the World of Violence!!!',
        '[Main] If your Leader is multicolored, draw 1 card. Then, return up to 1 Character with a cost of 5 or less to the owner''s hand. \n [Trigger] If your Leader is multicolored, draw 2 cards.'),
       ('OP05-060', 'en', 'Monkey.D.Luffy',
        '[Activate: Main] [Once Per Turn] You may add 1 card from the top of your Life cards to your hand: If you have 0 or 3 or more DON!! cards on your field, add up to 1 DON!! card from your DON!! deck and set it as active.'),
       ('OP05-060', 'fr', 'Monkey.D.Luffy',
        '[Activate: Main] [Once Per Turn] You may add 1 card from the top of your Life cards to your hand: If you have 0 or 3 or more DON!! cards on your field, add up to 1 DON!! card from your DON!! deck and set it as active.'),
       ('OP05-061', 'en', 'Uso-Hachi',
        '[DON!! x1] [When Attacking] If you have 8 or more DON!! cards on your field, rest up to 1 of your opponent''s Characters with a cost of 4 or less.'),
       ('OP05-061', 'fr', 'Uso-Hachi',
        '[DON!! x1] [When Attacking] If you have 8 or more DON!! cards on your field, rest up to 1 of your opponent''s Characters with a cost of 4 or less.'),
       ('OP05-062', 'en', 'O-Nami',
        'If you have 10 DON!! cards on your field, this Character gains [Blocker]. \n (After your opponent declares an attack, you may rest this card to make it the new target of the attack.)'),
       ('OP05-062', 'fr', 'O-Nami',
        'If you have 10 DON!! cards on your field, this Character gains [Blocker]. \n (After your opponent declares an attack, you may rest this card to make it the new target of the attack.)'),
       ('OP05-063', 'en', 'O-Robi',
        '[On Play] If you have 8 or more DON!! cards on your field, K.O. up to 1 of your opponent''s Characters with a cost of 3 or less.'),
       ('OP05-063', 'fr', 'O-Robi',
        '[On Play] If you have 8 or more DON!! cards on your field, K.O. up to 1 of your opponent''s Characters with a cost of 3 or less.'),
       ('OP05-064', 'en', 'Killer',
        '[On Play] Look at 5 cards from the top of your deck; reveal up to 1 {Kid Pirates} type card other than [Killer] and add it to your hand. Then, place the rest at the bottom of your deck in any order.'),
       ('OP05-064', 'fr', 'Killer',
        '[On Play] Look at 5 cards from the top of your deck; reveal up to 1 {Kid Pirates} type card other than [Killer] and add it to your hand. Then, place the rest at the bottom of your deck in any order.'),
       ('OP05-065', 'en', 'San-Gorou', NULL),
       ('OP05-065', 'fr', 'San-Gorou', NULL),
       ('OP05-066', 'en', 'Jinbe',
        '[Blocker] (After your opponent declares an attack, you may rest this card to make it the new target of the attack.) \n [Opponent''s Turn] If you have 10 DON!! cards on your field, this Character gains +1000 power.'),
       ('OP05-066', 'fr', 'Jinbe',
        '[Blocker] (After your opponent declares an attack, you may rest this card to make it the new target of the attack.) \n [Opponent''s Turn] If you have 10 DON!! cards on your field, this Character gains +1000 power.'),
       ('OP05-067', 'en', 'Zoro-Juurou',
        '[When Attacking] If you have 3 or less Life cards, add up to 1 DON!! card from your DON!! deck and set it as active.'),
       ('OP05-067', 'fr', 'Zoro-Juurou',
        '[When Attacking] If you have 3 or less Life cards, add up to 1 DON!! card from your DON!! deck and set it as active.'),
       ('OP05-068', 'en', 'Chopa-Emon',
        '[On Play] If you have 8 or more DON!! cards on your field, set up to 1 of your purple {Straw Hat Crew} type Characters with 6000 power or less as active.'),
       ('OP05-068', 'fr', 'Chopa-Emon',
        '[On Play] If you have 8 or more DON!! cards on your field, set up to 1 of your purple {Straw Hat Crew} type Characters with 6000 power or less as active.'),
       ('OP05-069', 'en', 'Trafalgar Law',
        '[When Attacking] If your opponent has more DON!! cards on their field than you, look at 5 cards from the top of your deck; reveal up to 1 {Heart Pirates} type card and add it to your hand. Then, place the rest at the bottom of your deck in any order.'),
       ('OP05-069', 'fr', 'Trafalgar Law',
        '[When Attacking] If your opponent has more DON!! cards on their field than you, look at 5 cards from the top of your deck; reveal up to 1 {Heart Pirates} type card and add it to your hand. Then, place the rest at the bottom of your deck in any order.'),
       ('OP05-070', 'en', 'Fra-Nosuke',
        '[DON!! x1] If you have 8 or more DON!! cards on your field, this Character gains [Rush]. \n (This card can attack on the turn in which it is played.)'),
       ('OP05-070', 'fr', 'Fra-Nosuke',
        '[DON!! x1] If you have 8 or more DON!! cards on your field, this Character gains [Rush]. \n (This card can attack on the turn in which it is played.)'),
       ('OP05-071', 'en', 'Bepo',
        '[When Attacking] If your opponent has more DON!! cards on their field than you, give up to 1 of your opponent''s Characters −2000 power during this turn.'),
       ('OP05-071', 'fr', 'Bepo',
        '[When Attacking] If your opponent has more DON!! cards on their field than you, give up to 1 of your opponent''s Characters −2000 power during this turn.'),
       ('OP05-072', 'en', 'Hone-Kichi',
        '[On Play] If you have 8 or more DON!! cards on your field, give up to 2 of your opponent''s Characters −2000 power during this turn.'),
       ('OP05-072', 'fr', 'Hone-Kichi',
        '[On Play] If you have 8 or more DON!! cards on your field, give up to 2 of your opponent''s Characters −2000 power during this turn.'),
       ('OP05-073', 'en', 'Miss Doublefinger(Zala)',
        '[On Play] You may trash 1 card from your hand: Add up to 1 DON!! card from your DON!! deck and rest it. \n [Trigger] DON!! −1 (You may return the specified number of DON!! cards from your field to your DON!! deck.): Play this card.'),
       ('OP05-073', 'fr', 'Miss Doublefinger(Zala)',
        '[On Play] You may trash 1 card from your hand: Add up to 1 DON!! card from your DON!! deck and rest it. \n [Trigger] DON!! −1 (You may return the specified number of DON!! cards from your field to your DON!! deck.): Play this card.'),
       ('OP05-074', 'en', 'Eustass"Captain"Kid',
        '[Blocker] \n [Your Turn] [Once Per Turn] When a DON!! card on your field is returned to your DON!! deck, add up to 1 DON!! card from your DON!! deck and set it as active.'),
       ('OP05-074', 'fr', 'Eustass"Captain"Kid',
        '[Blocker] \n [Your Turn] [Once Per Turn] When a DON!! card on your field is returned to your DON!! deck, add up to 1 DON!! card from your DON!! deck and set it as active.'),
       ('OP05-075', 'en', 'Mr.1(Daz.Bonez)',
        '[On Your Opponent''s Attack] [Once Per Turn] DON!! −1 (You may return the specified number of DON!! cards from your field to your DON!! deck.): Play up to 1 {Baroque Works} type Character card with a cost of 3 or less from your hand.'),
       ('OP05-075', 'fr', 'Mr.1(Daz.Bonez)',
        '[On Your Opponent''s Attack] [Once Per Turn] DON!! −1 (You may return the specified number of DON!! cards from your field to your DON!! deck.): Play up to 1 {Baroque Works} type Character card with a cost of 3 or less from your hand.'),
       ('OP05-076', 'en',
        'When You''re AT Sea You Fight against Pirates!!', '[MAIN] Look AT 3 cards FROM the top OF your deck;
reveal up TO 1 {Straw Hat Crew}, {Kid Pirates}, OR {Heart Pirates} TYPE card AND ADD it TO your hand. Then, place the rest AT the bottom OF your deck IN ANY ORDER. \n [Trigger] Activate this card''s [Main] effect.'),
       ('OP05-076', 'fr', 'When You''re at Sea You Fight against Pirates!!',
        '[Main] Look at 3 cards from the top of your deck; reveal up to 1 {Straw Hat Crew}, {Kid Pirates}, or {Heart Pirates} type card and add it to your hand. Then, place the rest at the bottom of your deck in any order. \n [Trigger] Activate this card''s [Main] effect.'),
       ('OP05-077', 'en', 'Gamma Knife',
        '[Main] DON!! −1 (You may return the specified number of DON!! cards from your field to your DON!! deck.): Give up to 1 of your opponent''s Characters −5000 power during this turn. \n [Trigger] Add up to 1 DON!! card from your DON!! deck and set it as active.'),
       ('OP05-077', 'fr', 'Gamma Knife',
        '[Main] DON!! −1 (You may return the specified number of DON!! cards from your field to your DON!! deck.): Give up to 1 of your opponent''s Characters −5000 power during this turn. \n [Trigger] Add up to 1 DON!! card from your DON!! deck and set it as active.'),
       ('OP05-078', 'en', 'Punk Rotten',
        '[Main] DON!! −1 (You may return the specified number of DON!! cards from your field to your DON!! deck.): Up to 1 of your {Kid Pirates} type Leader or Character cards gains +5000 power during this turn. \n [Trigger] Add up to 1 DON!! card from your DON!! deck and set it as active.'),
       ('OP05-078', 'fr', 'Punk Rotten',
        '[Main] DON!! −1 (You may return the specified number of DON!! cards from your field to your DON!! deck.): Up to 1 of your {Kid Pirates} type Leader or Character cards gains +5000 power during this turn. \n [Trigger] Add up to 1 DON!! card from your DON!! deck and set it as active.'),
       ('OP05-079', 'en', 'Viola',
        '[On Play] Your opponent places 3 cards from their trash at the bottom of their deck in any order.'),
       ('OP05-079', 'fr', 'Viola',
        '[On Play] Your opponent places 3 cards from their trash at the bottom of their deck in any order.'),
       ('OP05-080', 'en', 'Elizabello II',
        '[When Attacking] [Once Per Turn] You may return 20 cards from your trash to your deck and shuffle it: This Character gains [Double Attack] and +10000 power during this battle. \n (This card deals 2 damage.)'),
       ('OP05-080', 'fr', 'Elizabello II',
        '[When Attacking] [Once Per Turn] You may return 20 cards from your trash to your deck and shuffle it: This Character gains [Double Attack] and +10000 power during this battle. \n (This card deals 2 damage.)'),
       ('OP05-081', 'en', 'One-Legged Toy Soldier',
        '[Activate: Main] You may trash this Character: Give up to 1 of your opponent''s Characters −3 cost during this turn.'),
       ('OP05-081', 'fr', 'One-Legged Toy Soldier',
        '[Activate: Main] You may trash this Character: Give up to 1 of your opponent''s Characters −3 cost during this turn.'),
       ('OP05-082', 'en', 'Shirahoshi',
        '[Activate: Main] You may rest this Character and place 2 cards from your trash at the bottom of your deck in any order: If your opponent has 6 or more cards in their hand, your opponent trashes 1 card from their hand.'),
       ('OP05-082', 'fr', 'Shirahoshi',
        '[Activate: Main] You may rest this Character and place 2 cards from your trash at the bottom of your deck in any order: If your opponent has 6 or more cards in their hand, your opponent trashes 1 card from their hand.'),
       ('OP05-083', 'en', 'Sterry', NULL),
       ('OP05-083', 'fr', 'Sterry', NULL),
       ('OP05-084', 'en', 'Saint Charlos',
        '[Your Turn] If the only Characters on your field are {Celestial Dragons} type Characters, give all of your opponent''s Characters −4 cost.'),
       ('OP05-084', 'fr', 'Saint Charlos',
        '[Your Turn] If the only Characters on your field are {Celestial Dragons} type Characters, give all of your opponent''s Characters −4 cost.'),
       ('OP05-085', 'en', 'Nefeltari Cobra',
        '[Blocker] (After your opponent declares an attack, you may rest this card to make it the new target of the attack.) \n [On Play] Trash 1 card from the top of your deck.'),
       ('OP05-085', 'fr', 'Nefeltari Cobra',
        '[Blocker] (After your opponent declares an attack, you may rest this card to make it the new target of the attack.) \n [On Play] Trash 1 card from the top of your deck.'),
       ('OP05-086', 'en', 'Nefeltari Vivi',
        'If you have 10 or more cards in your trash, this Character gains [Blocker]. \n (After your opponent declares an attack, you may rest this card to make it the new target of the attack.)'),
       ('OP05-086', 'fr', 'Nefeltari Vivi',
        'If you have 10 or more cards in your trash, this Character gains [Blocker]. \n (After your opponent declares an attack, you may rest this card to make it the new target of the attack.)'),
       ('OP05-087', 'en', 'Hakuba',
        '[DON!! x1] [When Attacking] You may K.O. 1 of your Characters other than this Character: Give up to 1 of your opponent''s Characters −5 cost during this turn.'),
       ('OP05-087', 'fr', 'Hakuba',
        '[DON!! x1] [When Attacking] You may K.O. 1 of your Characters other than this Character: Give up to 1 of your opponent''s Characters −5 cost during this turn.'),
       ('OP05-088', 'en', 'Mansherry',
        '[Activate: Main] ➀ (You may rest the specified number of DON!! cards in your cost area.) You may rest this Character and place 2 cards from your trash at the bottom of your deck in any order: Add up to 1 black Character card with a cost of 3 to 5 from your trash to your hand.'),
       ('OP05-088', 'fr', 'Mansherry',
        '[Activate: Main] ➀ (You may rest the specified number of DON!! cards in your cost area.) You may rest this Character and place 2 cards from your trash at the bottom of your deck in any order: Add up to 1 black Character card with a cost of 3 to 5 from your trash to your hand.'),
       ('OP05-089', 'en', 'Saint Mjosgard',
        '[Activate: Main] ➀ (You may rest the specified number of DON!! cards in your cost area.) You may rest this Character and 1 of your Characters: Add up to 1 black Character card with a cost of 1 from your trash to your hand.'),
       ('OP05-089', 'fr', 'Saint Mjosgard',
        '[Activate: Main] ➀ (You may rest the specified number of DON!! cards in your cost area.) You may rest this Character and 1 of your Characters: Add up to 1 black Character card with a cost of 1 from your trash to your hand.'),
       ('OP05-090', 'en', 'Riku Doldo III',
        '[Blocker] (After your opponent declares an attack, you may rest this card to make it the new target of the attack.) \n [On Play]/[On K.O.] Up to 1 of your {Dressrosa} type Characters gains +2000 power during this turn.'),
       ('OP05-090', 'fr', 'Riku Doldo III',
        '[Blocker] (After your opponent declares an attack, you may rest this card to make it the new target of the attack.) \n [On Play]/[On K.O.] Up to 1 of your {Dressrosa} type Characters gains +2000 power during this turn.'),
       ('OP05-091', 'en', 'Rebecca',
        '[Blocker] \n [On Play] Add up to 1 black Character card with a cost of 3 to 7 other than [Rebecca] from your trash to your hand. Then, play up to 1 black Character card with a cost of 3 or less from your hand rested.'),
       ('OP05-091', 'fr', 'Rebecca',
        '[Blocker] \n [On Play] Add up to 1 black Character card with a cost of 3 to 7 other than [Rebecca] from your trash to your hand. Then, play up to 1 black Character card with a cost of 3 or less from your hand rested.'),
       ('OP05-092', 'en', 'Saint Rosward',
        '[Your Turn] If the only Characters on your field are {Celestial Dragons} type Characters, give all of your opponent''s Characters −6 cost.'),
       ('OP05-092', 'fr', 'Saint Rosward',
        '[Your Turn] If the only Characters on your field are {Celestial Dragons} type Characters, give all of your opponent''s Characters −6 cost.'),
       ('OP05-093', 'en', 'Rob Lucci',
        '[On Play] You may place 3 cards from your trash at the bottom of your deck in any order: K.O. up to 1 of your opponent''s Characters with a cost of 2 or less and up to 1 of your opponent''s Characters with a cost of 1 or less.'),
       ('OP05-093', 'fr', 'Rob Lucci',
        '[On Play] You may place 3 cards from your trash at the bottom of your deck in any order: K.O. up to 1 of your opponent''s Characters with a cost of 2 or less and up to 1 of your opponent''s Characters with a cost of 1 or less.'),
       ('OP05-094', 'en', 'Haute Couture Patch★Work',
        '[Main] Give up to 1 of your opponent''s Characters −3 cost during this turn. Then, up to 1 of your opponent''s Characters with a cost of 0 will not become active in the next Refresh Phase. \n [Trigger] Draw 2 cards and trash 1 card from your hand.'),
       ('OP05-094', 'fr', 'Haute Couture Patch★Work',
        '[Main] Give up to 1 of your opponent''s Characters −3 cost during this turn. Then, up to 1 of your opponent''s Characters with a cost of 0 will not become active in the next Refresh Phase. \n [Trigger] Draw 2 cards and trash 1 card from your hand.'),
       ('OP05-095', 'en', 'Dragon Claw',
        '[Counter] Up to 1 of your Leader or Character cards gains +4000 power during this battle. Then, if you have 15 or more cards in your trash, K.O. up to 1 of your opponent''s Characters with a cost of 4 or less.'),
       ('OP05-095', 'fr', 'Dragon Claw',
        '[Counter] Up to 1 of your Leader or Character cards gains +4000 power during this battle. Then, if you have 15 or more cards in your trash, K.O. up to 1 of your opponent''s Characters with a cost of 4 or less.'),
       ('OP05-096', 'en', 'I Bid 500 Million!!',
        '[Main] Choose one: \n • K.O. up to 1 of your opponent''s Characters with a cost of 1 or less. \n • Return up to 1 of your opponent''s Characters with a cost of 1 or less to the owner''s hand. \n • Place up to 1 of your opponent''s Characters with a cost of 1 or less at the top or bottom of their Life cards face-up. \n Then, if you have a {Celestial Dragons} type Character, draw 1 card. \n [Trigger] K.O. up to 1 of your opponent''s Characters with a cost of 6 or less, or return it to the owner''s hand.'),
       ('OP05-096', 'fr', 'I Bid 500 Million!!',
        '[Main] Choose one: \n • K.O. up to 1 of your opponent''s Characters with a cost of 1 or less. \n • Return up to 1 of your opponent''s Characters with a cost of 1 or less to the owner''s hand. \n • Place up to 1 of your opponent''s Characters with a cost of 1 or less at the top or bottom of their Life cards face-up. \n Then, if you have a {Celestial Dragons} type Character, draw 1 card. \n [Trigger] K.O. up to 1 of your opponent''s Characters with a cost of 6 or less, or return it to the owner''s hand.'),
       ('OP05-097', 'en', 'Mary Geoise',
        '[Your Turn] The cost of playing {Celestial Dragons} type Character cards with a cost of 2 or more from your hand will be reduced by 1.'),
       ('OP05-097', 'fr', 'Mary Geoise',
        '[Your Turn] The cost of playing {Celestial Dragons} type Character cards with a cost of 2 or more from your hand will be reduced by 1.'),
       ('OP05-098', 'en', 'Enel',
        '[Opponent''s Turn] [Once Per Turn] When your number of Life cards becomes 0, add 1 card from the top of your deck to the top of your Life cards. Then, trash 1 card from your hand.'),
       ('OP05-098', 'fr', 'Enel',
        '[Opponent''s Turn] [Once Per Turn] When your number of Life cards becomes 0, add 1 card from the top of your deck to the top of your Life cards. Then, trash 1 card from your hand.'),
       ('OP05-099', 'en', 'Amazon',
        '[On Your Opponent''s Attack] You may rest this Character: Your opponent may trash 1 card from the top of their Life cards. If they do not, give up to 1 of your opponent''s Leader or Character cards −2000 power during this turn.'),
       ('OP05-099', 'fr', 'Amazon',
        '[On Your Opponent''s Attack] You may rest this Character: Your opponent may trash 1 card from the top of their Life cards. If they do not, give up to 1 of your opponent''s Leader or Character cards −2000 power during this turn.'),
       ('OP05-100', 'en', 'Enel',
        '[Rush] \n [Once Per Turn] If this Character would leave the field, you may trash 1 card from the top of your Life cards instead. If there is a [Monkey.D.Luffy] Character, this effect is negated.'),
       ('OP05-100', 'fr', 'Enel',
        '[Rush] \n [Once Per Turn] If this Character would leave the field, you may trash 1 card from the top of your Life cards instead. If there is a [Monkey.D.Luffy] Character, this effect is negated.'),
       ('OP05-101', 'en', 'Ohm',
        'If you have 2 or less Life cards, this Character gains +1000 power. \n [On Play] Look at 5 cards from the top of your deck; reveal up to 1 [Holly] and add it to your hand. Then, place the rest at the bottom of your deck in any order and play up to 1 [Holly] from your hand.'),
       ('OP05-101', 'fr', 'Ohm',
        'If you have 2 or less Life cards, this Character gains +1000 power. \n [On Play] Look at 5 cards from the top of your deck; reveal up to 1 [Holly] and add it to your hand. Then, place the rest at the bottom of your deck in any order and play up to 1 [Holly] from your hand.'),
       ('OP05-102', 'en', 'Gedatsu',
        '[On Play] K.O. up to 1 of your opponent''s Characters with a cost equal to or less than the number of your opponent''s Life cards.'),
       ('OP05-102', 'fr', 'Gedatsu',
        '[On Play] K.O. up to 1 of your opponent''s Characters with a cost equal to or less than the number of your opponent''s Life cards.'),
       ('OP05-103', 'en', 'Kotori',
        '[On Play] If you have [Hotori], K.O. up to 1 of your opponent''s Characters with a cost equal to or less than the number of your opponent''s Life cards.'),
       ('OP05-103', 'fr', 'Kotori',
        '[On Play] If you have [Hotori], K.O. up to 1 of your opponent''s Characters with a cost equal to or less than the number of your opponent''s Life cards.'),
       ('OP05-104', 'en', 'Conis',
        '[On Play] You may place 1 of your Stages at the bottom of your deck: Draw 1 card and trash 1 card from your hand.'),
       ('OP05-104', 'fr', 'Conis',
        '[On Play] You may place 1 of your Stages at the bottom of your deck: Draw 1 card and trash 1 card from your hand.'),
       ('OP05-105', 'en', 'Satori', '[Trigger] You may trash 1 card from your hand: Play this card.'),
       ('OP05-105', 'fr', 'Satori', '[Trigger] You may trash 1 card from your hand: Play this card.'),
       ('OP05-106', 'en', 'Shura',
        '[On Play] Look at 5 cards from the top of your deck; reveal up to 1 {Sky Island} type card other than [Shura] and add it to your hand. Then, place the rest at the bottom of your deck in any order. \n [Trigger] Play this card.'),
       ('OP05-106', 'fr', 'Shura',
        '[On Play] Look at 5 cards from the top of your deck; reveal up to 1 {Sky Island} type card other than [Shura] and add it to your hand. Then, place the rest at the bottom of your deck in any order. \n [Trigger] Play this card.'),
       ('OP05-107', 'en', 'Lieutenant Spacey',
        '[Your Turn] [Once Per Turn] When a card is added to your hand from your Life, this Character gains +2000 power during this turn.'),
       ('OP05-107', 'fr', 'Lieutenant Spacey',
        '[Your Turn] [Once Per Turn] When a card is added to your hand from your Life, this Character gains +2000 power during this turn.'),
       ('OP05-108', 'en', 'Nola', NULL),
       ('OP05-108', 'fr', 'Nola', NULL),
       ('OP05-109', 'en', 'Pagaya',
        '[Once Per Turn] When a [Trigger] activates, draw 2 cards and trash 2 cards from your hand.'),
       ('OP05-109', 'fr', 'Pagaya',
        '[Once Per Turn] When a [Trigger] activates, draw 2 cards and trash 2 cards from your hand.'),
       ('OP05-110', 'en', 'Holly', NULL),
       ('OP05-110', 'fr', 'Holly', NULL),
       ('OP05-111', 'en', 'Hotori',
        '[On Play] You may play 1 [Kotori] from your hand: Add up to 1 of your opponent''s Characters with a cost of 3 or less to the top or bottom of your opponent''s Life cards face-up.'),
       ('OP05-111', 'fr', 'Hotori',
        '[On Play] You may play 1 [Kotori] from your hand: Add up to 1 of your opponent''s Characters with a cost of 3 or less to the top or bottom of your opponent''s Life cards face-up.'),
       ('OP05-112', 'en', 'Captain McKinley',
        '[Blocker] (After your opponent declares an attack, you may rest this card to make it the new target of the attack.) \n [On K.O.] Play up to 1 {Sky Island} type Character card with a cost of 1 from your hand.'),
       ('OP05-112', 'fr', 'Captain McKinley',
        '[Blocker] (After your opponent declares an attack, you may rest this card to make it the new target of the attack.) \n [On K.O.] Play up to 1 {Sky Island} type Character card with a cost of 1 from your hand.'),
       ('OP05-113', 'en', 'Yama',
        '[Blocker] (After your opponent declares an attack, you may rest this card to make it the new target of the attack.)'),
       ('OP05-113', 'fr', 'Yama',
        '[Blocker] (After your opponent declares an attack, you may rest this card to make it the new target of the attack.)'),
       ('OP05-114', 'en', 'El Thor',
        '[Counter] Up to 1 of your Leader or Character cards gains +2000 power during this battle. Then, if your opponent has 2 or less Life cards, that card gains an additional +2000 power during this battle. \n [Trigger] K.O. up to 1 of your opponent''s Characters with a cost equal to or less than the number of your opponent''s Life cards.'),
       ('OP05-114', 'fr', 'El Thor',
        '[Counter] Up to 1 of your Leader or Character cards gains +2000 power during this battle. Then, if your opponent has 2 or less Life cards, that card gains an additional +2000 power during this battle. \n [Trigger] K.O. up to 1 of your opponent''s Characters with a cost equal to or less than the number of your opponent''s Life cards.'),
       ('OP05-115', 'en', 'Two-Hundred Million Volts Amaru',
        '[Main] Up to 1 of your Leader or Character cards gains +3000 power during this turn. Then, if you have 1 or less Life cards, rest up to 1 of your opponent''s Characters with a cost of 4 or less. \n [Trigger] You may trash 2 cards from your hand: Add up to 1 card from the top of your deck to the top of your Life cards.'),
       ('OP05-115', 'fr', 'Two-Hundred Million Volts Amaru',
        '[Main] Up to 1 of your Leader or Character cards gains +3000 power during this turn. Then, if you have 1 or less Life cards, rest up to 1 of your opponent''s Characters with a cost of 4 or less. \n [Trigger] You may trash 2 cards from your hand: Add up to 1 card from the top of your deck to the top of your Life cards.'),
       ('OP05-116', 'en', 'Hino Bird Zap',
        '[Main] K.O. up to 1 of your opponent''s Characters with a cost equal to or less than the number of your opponent''s Life cards. \n [Trigger] Activate this card''s [Main] effect.'),
       ('OP05-116', 'fr', 'Hino Bird Zap',
        '[Main] K.O. up to 1 of your opponent''s Characters with a cost equal to or less than the number of your opponent''s Life cards. \n [Trigger] Activate this card''s [Main] effect.'),
       ('OP05-117', 'en', 'Upper Yard',
        '[On Play] Look at 5 cards from the top of your deck; reveal up to 1 {Sky Island} type card and add it to your hand. Then, place the rest at the bottom of your deck in any order.'),
       ('OP05-117', 'fr', 'Upper Yard',
        '[On Play] Look at 5 cards from the top of your deck; reveal up to 1 {Sky Island} type card and add it to your hand. Then, place the rest at the bottom of your deck in any order.'),
       ('OP05-118', 'en', 'Kaido', '[On Play] Draw 4 cards if your opponent has 3 or less Life cards.'),
       ('OP05-118', 'fr', 'Kaido', '[On Play] Draw 4 cards if your opponent has 3 or less Life cards.'),
       ('OP05-119', 'en', 'Monkey.D.Luffy',
        '[On Play] DON!! −10: Place all of your Characters except this Character at the bottom of your deck in any order. Then, take an extra turn after this one. \n [Activate: Main] [Once Per Turn] ➀: Add up to 1 DON!! card from your DON!! deck and set it as active.'),
       ('OP05-119', 'fr', 'Monkey.D.Luffy',
        '[On Play] DON!! −10: Place all of your Characters except this Character at the bottom of your deck in any order. Then, take an extra turn after this one. \n [Activate: Main] [Once Per Turn] ➀: Add up to 1 DON!! card from your DON!! deck and set it as active.')
ON CONFLICT
    DO NOTHING;







