INSERT INTO UT_TAG
VALUES (141)
ON CONFLICT DO NOTHING;

INSERT INTO UT_TAG_DESCRIPTION(TAG_ID, LANGUAGE_CODE, NAME)
VALUES (141, 'en', 'Brownbeard Pirates'),
       (141, 'fr', 'Brownbeard Pirates')
ON CONFLICT DO NOTHING;

INSERT INTO UT_PRODUCT(ID, RELEASE_DATE)
VALUES ('OP-10', '2025-03-21')
ON CONFLICT DO NOTHING;

INSERT INTO UT_PRODUCT_DESCRIPTION (PRODUCT_ID, LANGUAGE_CODE, NAME)
VALUES ('OP-10', 'en', '[OP-10] ROYAL BLOOD'),
       ('OP-10', 'fr', '[OP-10] ROYAL BLOOD')
ON CONFLICT DO NOTHING;

INSERT INTO UT_CARD (ID, TYPE_ID, ATTRIBUTE_ID, COST, POWER, LIFE, COUNTER)
VALUES ('OP10-001', 0, 4, NULL, 5000, 4, NULL),
       ('OP10-002', 0, 2, NULL, 5000, 4, NULL),
       ('OP10-003', 0, 2, NULL, 5000, 4, NULL),
       ('OP10-004', 1, 0, 1, 2000, NULL, 1000),
       ('OP10-005', 1, 2, 3, 3000, NULL, 1000),
       ('OP10-006', 1, 2, 7, 7000, NULL, NULL),
       ('OP10-007', 1, 3, 3, 4000, NULL, 1000),
       ('OP10-008', 1, 1, 2, 1000, NULL, 1000),
       ('OP10-009', 1, 2, 5, 6000, NULL, 1000),
       ('OP10-010', 1, 4, 3, 5000, NULL, NULL),
       ('OP10-011', 1, 0, 4, 4000, NULL, 2000),
       ('OP10-012', 1, 2, 2, 2000, NULL, 1000),
       ('OP10-013', 1, 0, 5, 7000, NULL, 1000),
       ('OP10-014', 1, 0, 6, 8000, NULL, 1000),
       ('OP10-015', 1, 0, 3, 3000, NULL, 2000),
       ('OP10-016', 1, 2, 2, 3000, NULL, 1000),
       ('OP10-017', 1, 1, 2, 3000, NULL, 1000),
       ('OP10-018', 3, NULL, 2, NULL, NULL, NULL),
       ('OP10-019', 3, NULL, 1, NULL, NULL, NULL),
       ('OP10-020', 3, NULL, 2, NULL, NULL, NULL),
       ('OP10-021', 2, NULL, 1, NULL, NULL, NULL),
       ('OP10-022', 0, 4, NULL, 5000, 4, NULL),
       ('OP10-023', 1, 4, 5, 6000, NULL, 1000),
       ('OP10-024', 1, 2, 5, 6000, NULL, 1000),
       ('OP10-025', 1, 2, 5, 6000, NULL, 1000),
       ('OP10-026', 1, 4, 2, 1000, NULL, 1000),
       ('OP10-027', 1, 4, 2, NULL, NULL, 2000),
       ('OP10-028', 1, 2, 1, 1000, NULL, 1000),
       ('OP10-029', 1, 4, 5, 6000, NULL, 1000),
       ('OP10-030', 1, 4, 5, 7000, NULL, NULL),
       ('OP10-031', 1, 3, 5, 7000, NULL, 1000),
       ('OP10-032', 1, 2, 3, 4000, NULL, 2000),
       ('OP10-033', 1, 2, 2, 2000, NULL, 2000),
       ('OP10-034', 1, 0, 4, 5000, NULL, 1000),
       ('OP10-035', 1, 4, 3, 5000, NULL, NULL),
       ('OP10-036', 1, 2, 4, 5000, NULL, 1000),
       ('OP10-037', 1, 3, 1, NULL, NULL, 1000),
       ('OP10-038', 1, 4, 5, 6000, NULL, 1000),
       ('OP10-039', 3, NULL, 3, NULL, NULL, NULL),
       ('OP10-040', 3, NULL, 5, NULL, NULL, NULL),
       ('OP10-041', 3, NULL, 4, NULL, NULL, NULL),
       ('OP10-042', 0, 1, NULL, 5000, 4, NULL),
       ('OP10-043', 1, 0, 2, 2000, NULL, 2000),
       ('OP10-044', 1, 4, 1, 2000, NULL, 1000),
       ('OP10-045', 1, 4, 4, 6000, NULL, NULL),
       ('OP10-046', 1, 4, 7, 9000, NULL, NULL),
       ('OP10-047', 1, 0, 2, 3000, NULL, 1000),
       ('OP10-048', 1, 4, 3, 5000, NULL, NULL),
       ('OP10-049', 1, 2, 4, 5000, NULL, 2000),
       ('OP10-050', 1, 0, 7, 9000, NULL, 1000),
       ('OP10-051', 1, 0, 4, 5000, NULL, 1000),
       ('OP10-052', 1, 2, 5, 6000, NULL, NULL),
       ('OP10-053', 1, 4, 1, 1000, NULL, 1000),
       ('OP10-054', 1, 0, 3, 5000, NULL, 1000),
       ('OP10-055', 1, 2, 3, 5000, NULL, NULL),
       ('OP10-056', 1, 2, 2, NULL, NULL, 1000),
       ('OP10-057', 1, 0, 1, 2000, NULL, 1000),
       ('OP10-058', 1, 4, 7, 4000, NULL, 1000),
       ('OP10-059', 3, NULL, 1, NULL, NULL, NULL),
       ('OP10-060', 3, NULL, 5, NULL, NULL, NULL),
       ('OP10-061', 3, NULL, 3, NULL, NULL, NULL),
       ('OP10-062', 1, 2, 3, 4000, NULL, 1000),
       ('OP10-063', 1, 0, 1, 2000, NULL, 1000),
       ('OP10-064', 1, 1, 2, 2000, NULL, 1000),
       ('OP10-065', 1, 2, 1, 1000, NULL, 1000),
       ('OP10-066', 1, 2, 2, 2000, NULL, 2000),
       ('OP10-067', 1, 2, 5, 6000, NULL, NULL),
       ('OP10-068', 1, 4, 5, 7000, NULL, 1000),
       ('OP10-069', 1, 0, 4, 6000, NULL, NULL),
       ('OP10-070', 1, 2, 4, 5000, NULL, 1000),
       ('OP10-071', 1, 2, 8, 9000, NULL, NULL),
       ('OP10-072', 1, 2, 5, 6000, NULL, 1000),
       ('OP10-073', 1, 0, 4, 6000, NULL, 1000),
       ('OP10-074', 1, 0, 4, 5000, NULL, 1000),
       ('OP10-075', 1, 2, 2, 1000, NULL, 2000),
       ('OP10-076', 1, 2, 3, 1000, NULL, 2000),
       ('OP10-077', 1, 0, 3, 4000, NULL, 1000),
       ('OP10-078', 3, NULL, 1, NULL, NULL, NULL),
       ('OP10-079', 3, NULL, 5, NULL, NULL, NULL),
       ('OP10-080', 3, NULL, 3, NULL, NULL, NULL),
       ('OP10-081', 1, 1, 4, 5000, NULL, 1000),
       ('OP10-082', 1, 2, 5, 5000, NULL, NULL),
       ('OP10-083', 1, 4, 2, NULL, NULL, 2000),
       ('OP10-084', 1, 2, 5, 7000, NULL, 1000),
       ('OP10-085', 1, 0, 5, 6000, NULL, NULL),
       ('OP10-086', 1, 4, 4, 5000, NULL, 1000),
       ('OP10-087', 1, 0, 2, NULL, NULL, 1000),
       ('OP10-088', 1, 2, 2, NULL, NULL, 1000),
       ('OP10-089', 1, 0, 6, 8000, NULL, 1000),
       ('OP10-090', 1, 0, 4, 5000, NULL, 1000),
       ('OP10-091', 1, 4, 3, NULL, NULL, 1000),
       ('OP10-092', 1, 2, 4, 5000, NULL, 1000),
       ('OP10-093', 1, 3, 1, NULL, NULL, 1000),
       ('OP10-094', 1, 4, 4, 6000, NULL, NULL),
       ('OP10-095', 1, 4, 4, 6000, NULL, NULL),
       ('OP10-096', 3, NULL, 4, NULL, NULL, NULL),
       ('OP10-097', 3, NULL, 1, NULL, NULL, NULL),
       ('OP10-098', 3, NULL, 6, NULL, NULL, NULL),
       ('OP10-099', 0, 2, NULL, 5000, 5, NULL),
       ('OP10-100', 1, 4, 4, 5000, NULL, 1000),
       ('OP10-101', 1, 0, 5, 7000, NULL, 1000),
       ('OP10-102', 1, 2, 5, 6000, NULL, 1000),
       ('OP10-103', 1, 1, 1, NULL, NULL, 2000),
       ('OP10-104', 1, 2, 4, 5000, NULL, 1000),
       ('OP10-105', 1, 4, 6, 8000, NULL, 1000),
       ('OP10-106', 1, 4, 3, 5000, NULL, NULL),
       ('OP10-107', 1, 2, 3, 4000, NULL, 1000),
       ('OP10-108', 1, 1, 1, 1000, NULL, 1000),
       ('OP10-109', 1, 4, 4, 5000, NULL, 1000),
       ('OP10-110', 1, 4, 3, 4000, NULL, 1000),
       ('OP10-111', 1, 0, 1, 2000, NULL, 1000),
       ('OP10-112', 1, 2, 8, 9000, NULL, NULL),
       ('OP10-113', 1, 4, 3, 5000, NULL, NULL),
       ('OP10-114', 1, 4, 3, 3000, NULL, 2000),
       ('OP10-115', 3, NULL, 2, NULL, NULL, NULL),
       ('OP10-116', 3, NULL, 4, NULL, NULL, NULL),
       ('OP10-117', 3, NULL, 1, NULL, NULL, NULL),
       ('OP10-118', 1, 0, 6, 7000, NULL, 1000),
       ('OP10-119', 1, 4, 7, 9000, NULL, NULL)
ON CONFLICT DO NOTHING;

INSERT INTO UT_CARD_IMAGE (CARD_ID, NAME, RARITY_ID, PRODUCT_ID)
VALUES ('EB01-056', 'EB01-056_p2.png', 6, 'OP-10'),
       ('OP07-021', 'OP07-021_p1.png', 6, 'OP-10'),
       ('OP10-001', 'OP10-001.png', 0, 'OP-10'),
       ('OP10-001', 'OP10-001_p1.png', 0, 'OP-10'),
       ('OP10-002', 'OP10-002.png', 0, 'OP-10'),
       ('OP10-002', 'OP10-002_p1.png', 0, 'OP-10'),
       ('OP10-003', 'OP10-003.png', 0, 'OP-10'),
       ('OP10-003', 'OP10-003_p1.png', 0, 'OP-10'),
       ('OP10-004', 'OP10-004.png', 5, 'OP-10'),
       ('OP10-005', 'OP10-005.png', 3, 'OP-10'),
       ('OP10-005', 'OP10-005_p1.png', 3, 'OP-10'),
       ('OP10-006', 'OP10-006.png', 2, 'OP-10'),
       ('OP10-007', 'OP10-007.png', 2, 'OP-10'),
       ('OP10-008', 'OP10-008.png', 1, 'OP-10'),
       ('OP10-009', 'OP10-009.png', 5, 'OP-10'),
       ('OP10-010', 'OP10-010.png', 1, 'OP-10'),
       ('OP10-011', 'OP10-011.png', 5, 'OP-10'),
       ('OP10-012', 'OP10-012.png', 1, 'OP-10'),
       ('OP10-013', 'OP10-013.png', 1, 'OP-10'),
       ('OP10-014', 'OP10-014.png', 1, 'OP-10'),
       ('OP10-015', 'OP10-015.png', 2, 'OP-10'),
       ('OP10-016', 'OP10-016.png', 3, 'OP-10'),
       ('OP10-016', 'OP10-016_p1.png', 3, 'OP-10'),
       ('OP10-017', 'OP10-017.png', 1, 'OP-10'),
       ('OP10-018', 'OP10-018.png', 1, 'OP-10'),
       ('OP10-019', 'OP10-019.png', 5, 'OP-10'),
       ('OP10-019', 'OP10-019_p1.png', 5, 'OP-10'),
       ('OP10-020', 'OP10-020.png', 2, 'OP-10'),
       ('OP10-021', 'OP10-021.png', 1, 'OP-10'),
       ('OP10-022', 'OP10-022.png', 0, 'OP-10'),
       ('OP10-022', 'OP10-022_p1.png', 0, 'OP-10'),
       ('OP10-023', 'OP10-023.png', 1, 'OP-10'),
       ('OP10-024', 'OP10-024.png', 1, 'OP-10'),
       ('OP10-025', 'OP10-025.png', 5, 'OP-10'),
       ('OP10-026', 'OP10-026.png', 1, 'OP-10'),
       ('OP10-027', 'OP10-027.png', 2, 'OP-10'),
       ('OP10-028', 'OP10-028.png', 2, 'OP-10'),
       ('OP10-029', 'OP10-029.png', 5, 'OP-10'),
       ('OP10-030', 'OP10-030.png', 3, 'OP-10'),
       ('OP10-030', 'OP10-030_p1.png', 3, 'OP-10'),
       ('OP10-031', 'OP10-031.png', 1, 'OP-10'),
       ('OP10-032', 'OP10-032.png', 3, 'OP-10'),
       ('OP10-032', 'OP10-032_p1.png', 3, 'OP-10'),
       ('OP10-033', 'OP10-033.png', 2, 'OP-10'),
       ('OP10-034', 'OP10-034.png', 1, 'OP-10'),
       ('OP10-035', 'OP10-035.png', 1, 'OP-10'),
       ('OP10-036', 'OP10-036.png', 1, 'OP-10'),
       ('OP10-037', 'OP10-037.png', 5, 'OP-10'),
       ('OP10-037', 'OP10-037_p1.png', 5, 'OP-10'),
       ('OP10-038', 'OP10-038.png', 1, 'OP-10'),
       ('OP10-039', 'OP10-039.png', 2, 'OP-10'),
       ('OP10-040', 'OP10-040.png', 1, 'OP-10'),
       ('OP10-041', 'OP10-041.png', 5, 'OP-10'),
       ('OP10-042', 'OP10-042.png', 0, 'OP-10'),
       ('OP10-042', 'OP10-042_p1.png', 0, 'OP-10'),
       ('OP10-043', 'OP10-043.png', 1, 'OP-10'),
       ('OP10-044', 'OP10-044.png', 2, 'OP-10'),
       ('OP10-045', 'OP10-045.png', 5, 'OP-10'),
       ('OP10-045', 'OP10-045_p1.png', 5, 'OP-10'),
       ('OP10-046', 'OP10-046.png', 3, 'OP-10'),
       ('OP10-046', 'OP10-046_p1.png', 3, 'OP-10'),
       ('OP10-047', 'OP10-047.png', 2, 'OP-10'),
       ('OP10-048', 'OP10-048.png', 1, 'OP-10'),
       ('OP10-049', 'OP10-049.png', 5, 'OP-10'),
       ('OP10-050', 'OP10-050.png', 1, 'OP-10'),
       ('OP10-051', 'OP10-051.png', 2, 'OP-10'),
       ('OP10-052', 'OP10-052.png', 1, 'OP-10'),
       ('OP10-053', 'OP10-053.png', 1, 'OP-10'),
       ('OP10-054', 'OP10-054.png', 1, 'OP-10'),
       ('OP10-055', 'OP10-055.png', 5, 'OP-10'),
       ('OP10-056', 'OP10-056.png', 2, 'OP-10'),
       ('OP10-057', 'OP10-057.png', 5, 'OP-10'),
       ('OP10-058', 'OP10-058.png', 3, 'OP-10'),
       ('OP10-058', 'OP10-058_p1.png', 3, 'OP-10'),
       ('OP10-059', 'OP10-059.png', 5, 'OP-10'),
       ('OP10-060', 'OP10-060.png', 1, 'OP-10'),
       ('OP10-061', 'OP10-061.png', 2, 'OP-10'),
       ('OP10-062', 'OP10-062.png', 5, 'OP-10'),
       ('OP10-063', 'OP10-063.png', 5, 'OP-10'),
       ('OP10-064', 'OP10-064.png', 1, 'OP-10'),
       ('OP10-065', 'OP10-065.png', 5, 'OP-10'),
       ('OP10-066', 'OP10-066.png', 2, 'OP-10'),
       ('OP10-067', 'OP10-067.png', 5, 'OP-10'),
       ('OP10-067', 'OP10-067_p1.png', 5, 'OP-10'),
       ('OP10-068', 'OP10-068.png', 1, 'OP-10'),
       ('OP10-069', 'OP10-069.png', 1, 'OP-10'),
       ('OP10-070', 'OP10-070.png', 1, 'OP-10'),
       ('OP10-071', 'OP10-071.png', 3, 'OP-10'),
       ('OP10-071', 'OP10-071_p1.png', 3, 'OP-10'),
       ('OP10-072', 'OP10-072.png', 3, 'OP-10'),
       ('OP10-072', 'OP10-072_p1.png', 3, 'OP-10'),
       ('OP10-073', 'OP10-073.png', 1, 'OP-10'),
       ('OP10-074', 'OP10-074.png', 2, 'OP-10'),
       ('OP10-075', 'OP10-075.png', 2, 'OP-10'),
       ('OP10-076', 'OP10-076.png', 2, 'OP-10'),
       ('OP10-077', 'OP10-077.png', 1, 'OP-10'),
       ('OP10-078', 'OP10-078.png', 5, 'OP-10'),
       ('OP10-079', 'OP10-079.png', 2, 'OP-10'),
       ('OP10-080', 'OP10-080.png', 1, 'OP-10'),
       ('OP10-081', 'OP10-081.png', 1, 'OP-10'),
       ('OP10-082', 'OP10-082.png', 3, 'OP-10'),
       ('OP10-082', 'OP10-082_p1.png', 3, 'OP-10'),
       ('OP10-083', 'OP10-083.png', 2, 'OP-10'),
       ('OP10-084', 'OP10-084.png', 1, 'OP-10'),
       ('OP10-085', 'OP10-085.png', 2, 'OP-10'),
       ('OP10-086', 'OP10-086.png', 5, 'OP-10'),
       ('OP10-087', 'OP10-087.png', 2, 'OP-10'),
       ('OP10-088', 'OP10-088.png', 2, 'OP-10'),
       ('OP10-089', 'OP10-089.png', 1, 'OP-10'),
       ('OP10-090', 'OP10-090.png', 5, 'OP-10'),
       ('OP10-090', 'OP10-090_p1.png', 5, 'OP-10'),
       ('OP10-091', 'OP10-091.png', 1, 'OP-10'),
       ('OP10-092', 'OP10-092.png', 1, 'OP-10'),
       ('OP10-093', 'OP10-093.png', 1, 'OP-10'),
       ('OP10-094', 'OP10-094.png', 2, 'OP-10'),
       ('OP10-095', 'OP10-095.png', 5, 'OP-10'),
       ('OP10-096', 'OP10-096.png', 2, 'OP-10'),
       ('OP10-097', 'OP10-097.png', 1, 'OP-10'),
       ('OP10-098', 'OP10-098.png', 5, 'OP-10'),
       ('OP10-099', 'OP10-099.png', 0, 'OP-10'),
       ('OP10-099', 'OP10-099_p1.png', 0, 'OP-10'),
       ('OP10-100', 'OP10-100.png', 1, 'OP-10'),
       ('OP10-101', 'OP10-101.png', 1, 'OP-10'),
       ('OP10-102', 'OP10-102.png', 1, 'OP-10'),
       ('OP10-103', 'OP10-103.png', 5, 'OP-10'),
       ('OP10-104', 'OP10-104.png', 2, 'OP-10'),
       ('OP10-105', 'OP10-105.png', 1, 'OP-10'),
       ('OP10-106', 'OP10-106.png', 2, 'OP-10'),
       ('OP10-107', 'OP10-107.png', 2, 'OP-10'),
       ('OP10-108', 'OP10-108.png', 1, 'OP-10'),
       ('OP10-109', 'OP10-109.png', 5, 'OP-10'),
       ('OP10-110', 'OP10-110.png', 1, 'OP-10'),
       ('OP10-111', 'OP10-111.png', 5, 'OP-10'),
       ('OP10-111', 'OP10-111_p1.png', 5, 'OP-10'),
       ('OP10-112', 'OP10-112.png', 3, 'OP-10'),
       ('OP10-112', 'OP10-112_p1.png', 3, 'OP-10'),
       ('OP10-113', 'OP10-113.png', 2, 'OP-10'),
       ('OP10-114', 'OP10-114.png', 2, 'OP-10'),
       ('OP10-115', 'OP10-115.png', 1, 'OP-10'),
       ('OP10-116', 'OP10-116.png', 5, 'OP-10'),
       ('OP10-117', 'OP10-117.png', 2, 'OP-10'),
       ('OP10-118', 'OP10-118.png', 4, 'OP-10'),
       ('OP10-118', 'OP10-118_p1.png', 4, 'OP-10'),
       ('OP10-119', 'OP10-119.png', 4, 'OP-10'),
       ('OP10-119', 'OP10-119_p1.png', 4, 'OP-10'),
       ('OP10-119', 'OP10-119_p2.png', 4, 'OP-10'),
       ('ST12-012', 'ST12-012_p1.png', 6, 'OP-10'),
       ('ST14-003', 'ST14-003_p1.png', 6, 'OP-10'),
       ('ST15-002', 'ST15-002_p1.png', 6, 'OP-10'),
       ('ST18-001', 'ST18-001_p1.png', 6, 'OP-10')
ON CONFLICT DO NOTHING;

INSERT INTO UT_CARD_COLOR (COLOR_ID, CARD_ID)
VALUES (0, 'OP10-001'),
       (1, 'OP10-001'),
       (0, 'OP10-002'),
       (2, 'OP10-002'),
       (0, 'OP10-003'),
       (3, 'OP10-003'),
       (0, 'OP10-004'),
       (0, 'OP10-005'),
       (0, 'OP10-006'),
       (0, 'OP10-007'),
       (0, 'OP10-008'),
       (0, 'OP10-009'),
       (0, 'OP10-010'),
       (0, 'OP10-011'),
       (0, 'OP10-012'),
       (0, 'OP10-013'),
       (0, 'OP10-014'),
       (0, 'OP10-015'),
       (0, 'OP10-016'),
       (0, 'OP10-017'),
       (0, 'OP10-018'),
       (0, 'OP10-019'),
       (0, 'OP10-020'),
       (0, 'OP10-021'),
       (1, 'OP10-022'),
       (5, 'OP10-022'),
       (1, 'OP10-023'),
       (1, 'OP10-024'),
       (1, 'OP10-025'),
       (1, 'OP10-026'),
       (1, 'OP10-027'),
       (1, 'OP10-028'),
       (1, 'OP10-029'),
       (1, 'OP10-030'),
       (1, 'OP10-031'),
       (1, 'OP10-032'),
       (1, 'OP10-033'),
       (1, 'OP10-034'),
       (1, 'OP10-035'),
       (1, 'OP10-036'),
       (1, 'OP10-037'),
       (1, 'OP10-038'),
       (1, 'OP10-039'),
       (1, 'OP10-040'),
       (1, 'OP10-041'),
       (2, 'OP10-042'),
       (4, 'OP10-042'),
       (2, 'OP10-043'),
       (2, 'OP10-044'),
       (2, 'OP10-045'),
       (2, 'OP10-046'),
       (2, 'OP10-047'),
       (2, 'OP10-048'),
       (2, 'OP10-049'),
       (2, 'OP10-050'),
       (2, 'OP10-051'),
       (2, 'OP10-052'),
       (2, 'OP10-053'),
       (2, 'OP10-054'),
       (2, 'OP10-055'),
       (2, 'OP10-056'),
       (2, 'OP10-057'),
       (2, 'OP10-058'),
       (2, 'OP10-059'),
       (2, 'OP10-060'),
       (2, 'OP10-061'),
       (3, 'OP10-062'),
       (3, 'OP10-063'),
       (3, 'OP10-064'),
       (3, 'OP10-065'),
       (3, 'OP10-066'),
       (3, 'OP10-067'),
       (3, 'OP10-068'),
       (3, 'OP10-069'),
       (3, 'OP10-070'),
       (3, 'OP10-071'),
       (3, 'OP10-072'),
       (3, 'OP10-073'),
       (3, 'OP10-074'),
       (3, 'OP10-075'),
       (3, 'OP10-076'),
       (3, 'OP10-077'),
       (3, 'OP10-078'),
       (3, 'OP10-079'),
       (3, 'OP10-080'),
       (4, 'OP10-081'),
       (4, 'OP10-082'),
       (4, 'OP10-083'),
       (4, 'OP10-084'),
       (4, 'OP10-085'),
       (4, 'OP10-086'),
       (4, 'OP10-087'),
       (4, 'OP10-088'),
       (4, 'OP10-089'),
       (4, 'OP10-090'),
       (4, 'OP10-091'),
       (4, 'OP10-092'),
       (4, 'OP10-093'),
       (4, 'OP10-094'),
       (4, 'OP10-095'),
       (4, 'OP10-096'),
       (4, 'OP10-097'),
       (4, 'OP10-098'),
       (5, 'OP10-099'),
       (5, 'OP10-100'),
       (5, 'OP10-101'),
       (5, 'OP10-102'),
       (5, 'OP10-103'),
       (5, 'OP10-104'),
       (5, 'OP10-105'),
       (5, 'OP10-106'),
       (5, 'OP10-107'),
       (5, 'OP10-108'),
       (5, 'OP10-109'),
       (5, 'OP10-110'),
       (5, 'OP10-111'),
       (5, 'OP10-112'),
       (5, 'OP10-113'),
       (5, 'OP10-114'),
       (5, 'OP10-115'),
       (5, 'OP10-116'),
       (5, 'OP10-117'),
       (4, 'OP10-118'),
       (5, 'OP10-119')
ON CONFLICT DO NOTHING;

INSERT INTO UT_CARD_TAG (TAG_ID, CARD_ID)
VALUES (47, 'OP10-001'),
       (8, 'OP10-001'),
       (33, 'OP10-002'),
       (47, 'OP10-002'),
       (19, 'OP10-003'),
       (47, 'OP10-004'),
       (8, 'OP10-004'),
       (19, 'OP10-004'),
       (47, 'OP10-005'),
       (0, 'OP10-005'),
       (33, 'OP10-006'),
       (47, 'OP10-006'),
       (47, 'OP10-007'),
       (47, 'OP10-008'),
       (22, 'OP10-009'),
       (47, 'OP10-009'),
       (47, 'OP10-010'),
       (141, 'OP10-010'),
       (47, 'OP10-011'),
       (0, 'OP10-011'),
       (22, 'OP10-012'),
       (47, 'OP10-012'),
       (47, 'OP10-013'),
       (0, 'OP10-013'),
       (2, 'OP10-014'),
       (47, 'OP10-014'),
       (0, 'OP10-014'),
       (47, 'OP10-015'),
       (47, 'OP10-016'),
       (19, 'OP10-016'),
       (47, 'OP10-017'),
       (47, 'OP10-018'),
       (19, 'OP10-018'),
       (25, 'OP10-019'),
       (34, 'OP10-019'),
       (47, 'OP10-020'),
       (0, 'OP10-020'),
       (47, 'OP10-021'),
       (49, 'OP10-022'),
       (1, 'OP10-022'),
       (11, 'OP10-022'),
       (49, 'OP10-023'),
       (8, 'OP10-023'),
       (65, 'OP10-024'),
       (25, 'OP10-024'),
       (51, 'OP10-024'),
       (65, 'OP10-025'),
       (88, 'OP10-025'),
       (47, 'OP10-026'),
       (35, 'OP10-026'),
       (44, 'OP10-026'),
       (47, 'OP10-027'),
       (35, 'OP10-027'),
       (44, 'OP10-027'),
       (47, 'OP10-028'),
       (35, 'OP10-028'),
       (43, 'OP10-028'),
       (65, 'OP10-029'),
       (15, 'OP10-029'),
       (47, 'OP10-030'),
       (8, 'OP10-030'),
       (49, 'OP10-031'),
       (8, 'OP10-031'),
       (47, 'OP10-032'),
       (8, 'OP10-032'),
       (65, 'OP10-033'),
       (0, 'OP10-033'),
       (65, 'OP10-034'),
       (0, 'OP10-034'),
       (65, 'OP10-035'),
       (0, 'OP10-035'),
       (65, 'OP10-036'),
       (113, 'OP10-036'),
       (17, 'OP10-036'),
       (65, 'OP10-037'),
       (65, 'OP10-038'),
       (1, 'OP10-038'),
       (0, 'OP10-038'),
       (65, 'OP10-039'),
       (1, 'OP10-039'),
       (0, 'OP10-039'),
       (47, 'OP10-040'),
       (15, 'OP10-040'),
       (11, 'OP10-040'),
       (49, 'OP10-041'),
       (1, 'OP10-041'),
       (11, 'OP10-041'),
       (49, 'OP10-042'),
       (0, 'OP10-042'),
       (2, 'OP10-043'),
       (49, 'OP10-043'),
       (80, 'OP10-044'),
       (49, 'OP10-044'),
       (49, 'OP10-045'),
       (37, 'OP10-045'),
       (49, 'OP10-046'),
       (49, 'OP10-047'),
       (20, 'OP10-047'),
       (49, 'OP10-048'),
       (38, 'OP10-048'),
       (49, 'OP10-049'),
       (20, 'OP10-049'),
       (39, 'OP10-050'),
       (49, 'OP10-050'),
       (40, 'OP10-050'),
       (4, 'OP10-051'),
       (49, 'OP10-051'),
       (20, 'OP10-051'),
       (49, 'OP10-052'),
       (41, 'OP10-052'),
       (80, 'OP10-053'),
       (49, 'OP10-053'),
       (49, 'OP10-054'),
       (51, 'OP10-055'),
       (80, 'OP10-056'),
       (49, 'OP10-056'),
       (80, 'OP10-057'),
       (49, 'OP10-057'),
       (49, 'OP10-058'),
       (49, 'OP10-059'),
       (0, 'OP10-059'),
       (49, 'OP10-060'),
       (41, 'OP10-060'),
       (49, 'OP10-061'),
       (0, 'OP10-061'),
       (19, 'OP10-062'),
       (97, 'OP10-063'),
       (75, 'OP10-063'),
       (97, 'OP10-064'),
       (19, 'OP10-065'),
       (19, 'OP10-066'),
       (19, 'OP10-067'),
       (19, 'OP10-068'),
       (2, 'OP10-069'),
       (49, 'OP10-069'),
       (19, 'OP10-070'),
       (15, 'OP10-071'),
       (19, 'OP10-071'),
       (8, 'OP10-072'),
       (19, 'OP10-072'),
       (19, 'OP10-073'),
       (19, 'OP10-074'),
       (121, 'OP10-075'),
       (19, 'OP10-076'),
       (19, 'OP10-077'),
       (15, 'OP10-078'),
       (19, 'OP10-078'),
       (15, 'OP10-079'),
       (19, 'OP10-079'),
       (19, 'OP10-080'),
       (49, 'OP10-081'),
       (0, 'OP10-081'),
       (59, 'OP10-082'),
       (24, 'OP10-082'),
       (49, 'OP10-083'),
       (35, 'OP10-083'),
       (43, 'OP10-083'),
       (39, 'OP10-084'),
       (24, 'OP10-084'),
       (49, 'OP10-085'),
       (24, 'OP10-085'),
       (24, 'OP10-086'),
       (2, 'OP10-087'),
       (49, 'OP10-087'),
       (0, 'OP10-087'),
       (49, 'OP10-088'),
       (0, 'OP10-088'),
       (49, 'OP10-089'),
       (0, 'OP10-089'),
       (49, 'OP10-090'),
       (0, 'OP10-090'),
       (49, 'OP10-091'),
       (0, 'OP10-091'),
       (17, 'OP10-092'),
       (85, 'OP10-093'),
       (35, 'OP10-094'),
       (17, 'OP10-094'),
       (49, 'OP10-095'),
       (1, 'OP10-095'),
       (0, 'OP10-095'),
       (8, 'OP10-096'),
       (49, 'OP10-097'),
       (1, 'OP10-097'),
       (0, 'OP10-097'),
       (24, 'OP10-098'),
       (1, 'OP10-099'),
       (5, 'OP10-099'),
       (20, 'OP10-100'),
       (1, 'OP10-101'),
       (7, 'OP10-101'),
       (20, 'OP10-102'),
       (1, 'OP10-103'),
       (6, 'OP10-103'),
       (1, 'OP10-104'),
       (36, 'OP10-104'),
       (49, 'OP10-105'),
       (1, 'OP10-105'),
       (37, 'OP10-105'),
       (1, 'OP10-106'),
       (5, 'OP10-106'),
       (1, 'OP10-107'),
       (9, 'OP10-107'),
       (1, 'OP10-108'),
       (10, 'OP10-108'),
       (1, 'OP10-109'),
       (12, 'OP10-109'),
       (5, 'OP10-110'),
       (1, 'OP10-111'),
       (0, 'OP10-111'),
       (1, 'OP10-112'),
       (5, 'OP10-112'),
       (1, 'OP10-113'),
       (0, 'OP10-113'),
       (1, 'OP10-114'),
       (8, 'OP10-114'),
       (14, 'OP10-114'),
       (1, 'OP10-115'),
       (5, 'OP10-115'),
       (1, 'OP10-116'),
       (5, 'OP10-116'),
       (1, 'OP10-117'),
       (11, 'OP10-117'),
       (49, 'OP10-118'),
       (1, 'OP10-118'),
       (0, 'OP10-118'),
       (49, 'OP10-119'),
       (1, 'OP10-119'),
       (11, 'OP10-119')
ON CONFLICT DO NOTHING;

INSERT INTO UT_CARD_DESCRIPTION (CARD_ID, LANGUAGE_CODE, NAME, EFFECT)
VALUES ('OP10-001', 'en', 'Smoker',
        '[Opponent''s Turn] All of your {Navy} or {Punk Hazard} type Characters gain +1000 power. \n [Activate: Main] [Once Per Turn] If you have a Character with 7000 power or more, set up to 2 of your DON!! cards as active.'),
       ('OP10-001', 'fr', 'Smoker',
        '[Opponent''s Turn] All of your {Navy} or {Punk Hazard} type Characters gain +1000 power. \n [Activate: Main] [Once Per Turn] If you have a Character with 7000 power or more, set up to 2 of your DON!! cards as active.'),
       ('OP10-002', 'en', 'Caesar Clown',
        '[DON!! x2] [When Attacking] You may return 1 of your {Punk Hazard} type Characters with a cost of 2 or more to the owner''s hand: K.O. up to 1 of your opponent''s Characters with 4000 power or less.'),
       ('OP10-002', 'fr', 'Caesar Clown',
        '[DON!! x2] [When Attacking] You may return 1 of your {Punk Hazard} type Characters with a cost of 2 or more to the owner''s hand: K.O. up to 1 of your opponent''s Characters with 4000 power or less.'),
       ('OP10-003', 'en', 'Sugar',
        '[End of Your Turn] If you have a {Donquixote Pirates} type Character with 6000 power or more, set up to 1 of your DON!! cards as active. \n [Opponent''s Turn] [Once Per Turn] When you activate an Event, add up to 1 DON!! card from your DON!! deck and set it as active.'),
       ('OP10-003', 'fr', 'Sugar',
        '[End of Your Turn] If you have a {Donquixote Pirates} type Character with 6000 power or more, set up to 1 of your DON!! cards as active. \n [Opponent''s Turn] [Once Per Turn] When you activate an Event, add up to 1 DON!! card from your DON!! deck and set it as active.'),
       ('OP10-004', 'en', 'Vergo',
        '[On Play] Look at 5 cards from the top of your deck; reveal up to 1 {Punk Hazard} type card other than [Vergo] and add it to your hand. Then, place the rest at the bottom of your deck in any order.'),
       ('OP10-004', 'fr', 'Vergo',
        '[On Play] Look at 5 cards from the top of your deck; reveal up to 1 {Punk Hazard} type card other than [Vergo] and add it to your hand. Then, place the rest at the bottom of your deck in any order.'),
       ('OP10-005', 'en', 'Sanji', '[Your Turn] This Character gains +3000 power. \n [On K.O.] Draw 1 card.'),
       ('OP10-005', 'fr', 'Sanji', '[Your Turn] This Character gains +3000 power. \n [On K.O.] Draw 1 card.'),
       ('OP10-006', 'en', 'Caesar Clown',
        '[On Play] Look at 5 cards from the top of your deck; reveal up to 1 [Smiley] and add it to your hand. Then, place the rest at the bottom of your deck in any order and play up to 1 [Smiley] from your hand.'),
       ('OP10-006', 'fr', 'Caesar Clown',
        '[On Play] Look at 5 cards from the top of your deck; reveal up to 1 [Smiley] and add it to your hand. Then, place the rest at the bottom of your deck in any order and play up to 1 [Smiley] from your hand.'),
       ('OP10-007', 'en', 'Ceaser Soldier',
        '[On Play] Play up to 1 {Punk Hazard} type Character card with a cost of 2 or less from your hand.'),
       ('OP10-007', 'fr', 'Ceaser Soldier',
        '[On Play] Play up to 1 {Punk Hazard} type Character card with a cost of 2 or less from your hand.'),
       ('OP10-008', 'en', 'Scotch',
        '[Blocker] (After your opponent declares an attack, you may rest this card to make it the new target of the attack.) \n [On Play] If you don''t have [Rock], play up to 1 [Rock] from your hand.'),
       ('OP10-008', 'fr', 'Scotch',
        '[Blocker] (After your opponent declares an attack, you may rest this card to make it the new target of the attack.) \n [On Play] If you don''t have [Rock], play up to 1 [Rock] from your hand.'),
       ('OP10-009', 'en', 'Smiley',
        '[On Play] If your Leader has the {Punk Hazard} type, give up to 1 of your opponent''s Characters −3000 power during this turn.'),
       ('OP10-009', 'fr', 'Smiley',
        '[On Play] If your Leader has the {Punk Hazard} type, give up to 1 of your opponent''s Characters −3000 power during this turn.'),
       ('OP10-010', 'en', 'Chadros.Higelyges (Brownbeard)',
        '[When Attacking] If you have 1 or less Characters with 6000 power or more, this Character gains +1000 power during this turn.'),
       ('OP10-010', 'fr', 'Chadros.Higelyges (Brownbeard)',
        '[When Attacking] If you have 1 or less Characters with 6000 power or more, this Character gains +1000 power during this turn.'),
       ('OP10-011', 'en', 'Tony Tony.Chopper',
        '[Blocker] (After your opponent declares an attack, you may rest this card to make it the new target of the attack.) \n [Opponent''s Turn] This Character gains +2000 power.'),
       ('OP10-011', 'fr', 'Tony Tony.Chopper',
        '[Blocker] (After your opponent declares an attack, you may rest this card to make it the new target of the attack.) \n [Opponent''s Turn] This Character gains +2000 power.'),
       ('OP10-012', 'en', 'Dragon Number Thirteen',
        '[Blocker] (After your opponent declares an attack, you may rest this card to make it the new target of the attack.)'),
       ('OP10-012', 'fr', 'Dragon Number Thirteen',
        '[Blocker] (After your opponent declares an attack, you may rest this card to make it the new target of the attack.)'),
       ('OP10-013', 'en', 'Nami', NULL),
       ('OP10-013', 'fr', 'Nami', NULL),
       ('OP10-014', 'en', 'Franky', NULL),
       ('OP10-014', 'fr', 'Franky', NULL),
       ('OP10-015', 'en', 'Mocha',
        '[On Play] Give up to 1 of your opponent''s Characters −1000 power during this turn.'),
       ('OP10-015', 'fr', 'Mocha',
        '[On Play] Give up to 1 of your opponent''s Characters −1000 power during this turn.'),
       ('OP10-016', 'en', 'Monet',
        '[Activate: Main] You may rest this Character: Give up to 2 rested DON!! cards to your Leader or 1 of your Characters. Then, give up to 1 of your opponent''s Characters −1000 power during this turn.'),
       ('OP10-016', 'fr', 'Monet',
        '[Activate: Main] You may rest this Character: Give up to 2 rested DON!! cards to your Leader or 1 of your Characters. Then, give up to 1 of your opponent''s Characters −1000 power during this turn.'),
       ('OP10-017', 'en', 'Rock', '[On Play] If you don''t have [Scotch], play up to 1 [Scotch] from your hand.'),
       ('OP10-017', 'fr', 'Rock', '[On Play] If you don''t have [Scotch], play up to 1 [Scotch] from your hand.'),
       ('OP10-018', 'en', 'Ten-Layer Igloo',
        '[Counter] Up to 1 of your Leader or Character cards gains +3000 power during this battle. Then, give up to 1 of your opponent''s Leader or Character cards −2000 power during this turn. \n [Trigger] Up to 1 of your Leader or Character cards gains +1000 power during this turn.'),
       ('OP10-018', 'fr', 'Ten-Layer Igloo',
        '[Counter] Up to 1 of your Leader or Character cards gains +3000 power during this battle. Then, give up to 1 of your opponent''s Leader or Character cards −2000 power during this turn. \n [Trigger] Up to 1 of your Leader or Character cards gains +1000 power during this turn.'),
       ('OP10-019', 'en', 'Divine Departure',
        '[Main] You may rest 5 of your DON!! cards: K.O. up to 1 of your opponent''s Characters with 8000 power or less. \n [Counter] Up to 1 of your Leader gains +3000 power during this battle.'),
       ('OP10-019', 'fr', 'Divine Departure',
        '[Main] You may rest 5 of your DON!! cards: K.O. up to 1 of your opponent''s Characters with 8000 power or less. \n [Counter] Up to 1 of your Leader gains +3000 power during this battle.'),
       ('OP10-020', 'en', 'Gum-Gum UFO',
        '[Main] Give up to 1 of your opponent''s Characters −4000 power during this turn. Then, if you have 2 or less Life cards, up to 1 of your Leader or Character cards gains +1000 power during this turn. \n [Trigger] K.O. up to 1 of your opponent''s Characters with 3000 power or less.'),
       ('OP10-020', 'fr', 'Gum-Gum UFO',
        '[Main] Give up to 1 of your opponent''s Characters −4000 power during this turn. Then, if you have 2 or less Life cards, up to 1 of your Leader or Character cards gains +1000 power during this turn. \n [Trigger] K.O. up to 1 of your opponent''s Characters with 3000 power or less.'),
       ('OP10-021', 'en', 'Punk Hazard',
        '[Activate: Main] You may rest this Stage: If your Leader is [Caesar Clown], give up to 1 rested DON!! card to your Leader or 1 of your Characters.'),
       ('OP10-021', 'fr', 'Punk Hazard',
        '[Activate: Main] You may rest this Stage: If your Leader is [Caesar Clown], give up to 1 rested DON!! card to your Leader or 1 of your Characters.'),
       ('OP10-022', 'en', 'Trafalgar Law',
        '[DON!! x1] [Activate: Main] [Once Per Turn] If the total cost of your Characters is 5 or more, you may return 1 of your Characters to the owner''s hand: Reveal 1 card from the top of your Life cards. If that card is a {Supernovas} type Character card with a cost of 5 or less, you may play that card.'),
       ('OP10-022', 'fr', 'Trafalgar Law',
        '[DON!! x1] [Activate: Main] [Once Per Turn] If the total cost of your Characters is 5 or more, you may return 1 of your Characters to the owner''s hand: Reveal 1 card from the top of your Life cards. If that card is a {Supernovas} type Character card with a cost of 5 or less, you may play that card.'),
       ('OP10-023', 'en', 'Issho',
        '[On Play] If your Leader has the {Navy} type, rest up to 2 of your opponent''s Characters with a cost of 5 or less.'),
       ('OP10-023', 'fr', 'Issho',
        '[On Play] If your Leader has the {Navy} type, rest up to 2 of your opponent''s Characters with a cost of 5 or less.'),
       ('OP10-024', 'en', 'Edward.Newgate',
        '[On Play] If you have 2 or more rested Characters, rest up to 1 of your opponent''s Characters with a cost of 5 or less. Then, K.O. up to 1 of your opponent''s rested Characters with a cost of 3 or less.'),
       ('OP10-024', 'fr', 'Edward.Newgate',
        '[On Play] If you have 2 or more rested Characters, rest up to 1 of your opponent''s Characters with a cost of 5 or less. Then, K.O. up to 1 of your opponent''s rested Characters with a cost of 3 or less.'),
       ('OP10-025', 'en', 'Enel',
        '[On Play] If you have 2 or more rested Characters, draw 3 cards and trash 2 cards from your hand.'),
       ('OP10-025', 'fr', 'Enel',
        '[On Play] If you have 2 or more rested Characters, draw 3 cards and trash 2 cards from your hand.'),
       ('OP10-026', 'en', 'Kin''emon',
        '[Activate: MAIN] You may place this CHARACTER AND 1 [Kin''emon] WITH 0 power FROM your trash AT the bottom OF your deck IN ANY ORDER: Play up TO 1 [Kin''emon] WITH a COST OF 6 FROM your hand.'),
       ('OP10-026', 'fr', 'Kin''emon',
        '[Activate: Main] You may place this Character and 1 [Kin''emon] with 0 power from your trash at the bottom of your deck in any order: Play up to 1 [Kin''emon] with a cost of 6 from your hand.'),
       ('OP10-027', 'en', 'Kin''emon',
        '[Activate: MAIN] You may place this CHARACTER AND 1 [Kin''emon] WITH 1000 power FROM your trash AT the bottom OF your deck IN ANY ORDER: Play up TO 1 [Kin''emon] WITH a COST OF 6 FROM your hand.'),
       ('OP10-027', 'fr', 'Kin''emon',
        '[Activate: Main] You may place this Character and 1 [Kin''emon] with 1000 power from your trash at the bottom of your deck in any order: Play up to 1 [Kin''emon] with a cost of 6 from your hand.'),
       ('OP10-028', 'en', 'Kouzuki Momonosuke',
        '[Activate: Main] You may rest 2 of your DON!! cards and trash this Character: Look at 5 cards from the top of your deck; reveal up to 2 {The Akazaya Nine} type cards and add them to your hand. Then, place the rest at the bottom of your deck in any order.'),
       ('OP10-028', 'fr', 'Kouzuki Momonosuke',
        '[Activate: Main] You may rest 2 of your DON!! cards and trash this Character: Look at 5 cards from the top of your deck; reveal up to 2 {The Akazaya Nine} type cards and add them to your hand. Then, place the rest at the bottom of your deck in any order.'),
       ('OP10-029', 'en', 'Dracule Mihawk',
        '[On Play] If you have 2 or more rested Characters, set up to 1 of your rested {ODYSSEY} type Characters with a cost of 5 or less as active.'),
       ('OP10-029', 'fr', 'Dracule Mihawk',
        '[On Play] If you have 2 or more rested Characters, set up to 1 of your rested {ODYSSEY} type Characters with a cost of 5 or less as active.'),
       ('OP10-030', 'en', 'Smoker',
        '[Banish] (When this card deals damage, the target card is trashed without activating its Trigger.) \n [Activate: Main] Set up to 1 of your DON!! cards as active. Then, you cannot set DON!! cards as active using Character effects during this turn.'),
       ('OP10-030', 'fr', 'Smoker',
        '[Banish] (When this card deals damage, the target card is trashed without activating its Trigger.) \n [Activate: Main] Set up to 1 of your DON!! cards as active. Then, you cannot set DON!! cards as active using Character effects during this turn.'),
       ('OP10-031', 'en', 'Sengoku', NULL),
       ('OP10-031', 'fr', 'Sengoku', NULL),
       ('OP10-032', 'en', 'Tashigi',
        'If you have a green Character other than [Tashigi] that would be removed from the field by your opponent''s effect, you may rest this Character instead.'),
       ('OP10-032', 'fr', 'Tashigi',
        'If you have a green Character other than [Tashigi] that would be removed from the field by your opponent''s effect, you may rest this Character instead.'),
       ('OP10-033', 'en', 'Nami',
        '[On Play] If you have 2 or more rested {ODYSSEY} type Characters, up to 1 of your opponent''s rested DON!! cards will not become active in your opponent''s next Refresh Phase.'),
       ('OP10-033', 'fr', 'Nami',
        '[On Play] If you have 2 or more rested {ODYSSEY} type Characters, up to 1 of your opponent''s rested DON!! cards will not become active in your opponent''s next Refresh Phase.'),
       ('OP10-034', 'en', 'Franky',
        '[Once Per Turn] If this Character would be K.O.''d in battle, you may add 1 card from the top of your Life cards to your hand instead.'),
       ('OP10-034', 'fr', 'Franky',
        '[Once Per Turn] If this Character would be K.O.''d in battle, you may add 1 card from the top of your Life cards to your hand instead.'),
       ('OP10-035', 'en', 'Brook',
        '[On K.O.] Rest up to 1 of your opponent''s Leader or Character cards with a cost of 5 or less.'),
       ('OP10-035', 'fr', 'Brook',
        '[On K.O.] Rest up to 1 of your opponent''s Leader or Character cards with a cost of 5 or less.'),
       ('OP10-036', 'en', 'Perona',
        '[Your Turn] [Once Per Turn] If a Character is rested by your effect, set up to 1 of your DON!! cards as active.'),
       ('OP10-036', 'fr', 'Perona',
        '[Your Turn] [Once Per Turn] If a Character is rested by your effect, set up to 1 of your DON!! cards as active.'),
       ('OP10-037', 'en', 'Lim',
        '[Once Per Turn] If this Character would be removed from the field by your opponent''s effect, you may rest 1 of your {ODYSSEY} type Characters instead. \n [End of Your Turn] Set up to 1 of your {ODYSSEY} type Characters as active.'),
       ('OP10-037', 'fr', 'Lim',
        '[Once Per Turn] If this Character would be removed from the field by your opponent''s effect, you may rest 1 of your {ODYSSEY} type Characters instead. \n [End of Your Turn] Set up to 1 of your {ODYSSEY} type Characters as active.'),
       ('OP10-038', 'en', 'Roronoa Zoro',
        '[Opponent''s Turn] If you have 2 or more rested Characters, this Character gains +2000 power.'),
       ('OP10-038', 'fr', 'Roronoa Zoro',
        '[Opponent''s Turn] If you have 2 or more rested Characters, this Character gains +2000 power.'),
       ('OP10-039', 'en', 'Gum-Gum Dragon Fire Pistol Twister Star',
        '[Main] If your Leader has the {ODYSSEY} type, look at 5 cards from the top of your deck; reveal up to 2 {ODYSSEY} type Character cards and add them to your hand. Then, place the rest at the bottom of your deck in any order. \n [Trigger] Rest up to 1 of your opponent''s Characters with a cost of 5 or less.'),
       ('OP10-039', 'fr', 'Gum-Gum Dragon Fire Pistol Twister Star',
        '[Main] If your Leader has the {ODYSSEY} type, look at 5 cards from the top of your deck; reveal up to 2 {ODYSSEY} type Character cards and add them to your hand. Then, place the rest at the bottom of your deck in any order. \n [Trigger] Rest up to 1 of your opponent''s Characters with a cost of 5 or less.'),
       ('OP10-040', 'en', 'The Weak Do Not Have the Right to Choose How They Die',
        '[Main]/[Counter] K.O. up to 1 of your opponent''s rested Characters with a cost of 7 or less.'),
       ('OP10-040', 'fr', 'The Weak Do Not Have the Right to Choose How They Die',
        '[Main]/[Counter] K.O. up to 1 of your opponent''s rested Characters with a cost of 7 or less.'),
       ('OP10-041', 'en', 'Radio Knife',
        '[Main] Rest up to 1 of your opponent''s Characters with a cost of 6 or less. Then, K.O. up to 1 of your opponent''s rested Characters with a cost of 5 or less. \n [Trigger] Rest up to 1 of your opponent''s Characters with a cost of 4 or less.'),
       ('OP10-041', 'fr', 'Radio Knife',
        '[Main] Rest up to 1 of your opponent''s Characters with a cost of 6 or less. Then, K.O. up to 1 of your opponent''s rested Characters with a cost of 5 or less. \n [Trigger] Rest up to 1 of your opponent''s Characters with a cost of 4 or less.'),
       ('OP10-042', 'en', 'Usopp',
        'All of your {Dressrosa} type Characters with a cost of 2 or more gain +1 cost. \n [Opponent''s Turn] [Once Per Turn] This effect can be activated when your {Dressrosa} type Character is removed from the field by your opponent''s effect or K.O.''d. If you have 5 or less cards in your hand, draw 1 card.'),
       ('OP10-042', 'fr', 'Usopp',
        'All of your {Dressrosa} type Characters with a cost of 2 or more gain +1 cost. \n [Opponent''s Turn] [Once Per Turn] This effect can be activated when your {Dressrosa} type Character is removed from the field by your opponent''s effect or K.O.''d. If you have 5 or less cards in your hand, draw 1 card.'),
       ('OP10-043', 'en', 'Moocy',
        '[On Play] You may rest 1 of your {Dressrosa} type Leader or Stage cards: Up to 1 of your [Monkey.D.Luffy] Characters gains [Banish] during this turn.'),
       ('OP10-043', 'fr', 'Moocy',
        '[On Play] You may rest 1 of your {Dressrosa} type Leader or Stage cards: Up to 1 of your [Monkey.D.Luffy] Characters gains [Banish] during this turn.'),
       ('OP10-044', 'en', 'Cub',
        '[On Play] You may rest 1 of your {Dressrosa} type Leader or Stage cards: Return up to 1 of your opponent''s Characters with a cost of 1 or less to the owner''s hand.'),
       ('OP10-044', 'fr', 'Cub',
        '[On Play] You may rest 1 of your {Dressrosa} type Leader or Stage cards: Return up to 1 of your opponent''s Characters with a cost of 1 or less to the owner''s hand.'),
       ('OP10-045', 'en', 'Cavendish',
        '[When Attacking] [Once Per Turn] Draw 2 cards and trash 1 card from your hand.'),
       ('OP10-045', 'fr', 'Cavendish',
        '[When Attacking] [Once Per Turn] Draw 2 cards and trash 1 card from your hand.'),
       ('OP10-046', 'en', 'Kyros', '[On Play] Return up to 1 Character with a cost of 5 or less to the owner''s hand.'),
       ('OP10-046', 'fr', 'Kyros', '[On Play] Return up to 1 Character with a cost of 5 or less to the owner''s hand.'),
       ('OP10-047', 'en', 'Koala',
        '[When Attacking] You may return 1 of your {Revolutionary Army} type Characters with a cost of 3 or more to the owner''s hand: This Character gains +3000 power during this turn.'),
       ('OP10-047', 'fr', 'Koala',
        '[When Attacking] You may return 1 of your {Revolutionary Army} type Characters with a cost of 3 or more to the owner''s hand: This Character gains +3000 power during this turn.'),
       ('OP10-048', 'en', 'Sai',
        '[On Play] You may rest 1 of your {Dressrosa} type Leader or Stage cards: Return up to 1 of your opponent''s Characters with a cost of 1 or less to the owner''s hand.'),
       ('OP10-048', 'fr', 'Sai',
        '[On Play] You may rest 1 of your {Dressrosa} type Leader or Stage cards: Return up to 1 of your opponent''s Characters with a cost of 1 or less to the owner''s hand.'),
       ('OP10-049', 'en', 'Sabo',
        'If your Character with a base cost of 7 or less other than [Sabo] would be removed from the field by your opponent''s effect, you may return this Character to the owner''s hand instead.'),
       ('OP10-049', 'fr', 'Sabo',
        'If your Character with a base cost of 7 or less other than [Sabo] would be removed from the field by your opponent''s effect, you may return this Character to the owner''s hand instead.'),
       ('OP10-050', 'en', 'Hajrudin', NULL),
       ('OP10-050', 'fr', 'Hajrudin', NULL),
       ('OP10-051', 'en', 'Hack',
        '[DON!! x1] [When Attacking] Look at 3 cards from the top of your deck; reveal up to 1 {Revolutionary Army} type Character card and add it to your hand. Then, place the rest at the bottom of your deck in any order.'),
       ('OP10-051', 'fr', 'Hack',
        '[DON!! x1] [When Attacking] Look at 3 cards from the top of your deck; reveal up to 1 {Revolutionary Army} type Character card and add it to your hand. Then, place the rest at the bottom of your deck in any order.'),
       ('OP10-052', 'en', 'Bartolomeo',
        '[Blocker] (After your opponent declares an attack, you may rest this card to make it the new target of the attack.) \n [On Play] Place up to 1 Character with a cost of 1 or less at the bottom of the owner''s deck.'),
       ('OP10-052', 'fr', 'Bartolomeo',
        '[Blocker] (After your opponent declares an attack, you may rest this card to make it the new target of the attack.) \n [On Play] Place up to 1 Character with a cost of 1 or less at the bottom of the owner''s deck.'),
       ('OP10-053', 'en', 'Bian',
        'If you have a {The Tontattas} type Character other than [Bian], this Character gains [Blocker].'),
       ('OP10-053', 'fr', 'Bian',
        'If you have a {The Tontattas} type Character other than [Bian], this Character gains [Blocker].'),
       ('OP10-054', 'en', 'Blue Gilly', NULL),
       ('OP10-054', 'fr', 'Blue Gilly', NULL),
       ('OP10-055', 'en', 'Marco',
        '[Blocker] (After your opponent declares an attack, you may rest this card to make it the new target of the attack.) \n [On K.O.] Return up to 1 of your opponent''s Characters with a cost of 4 or less to the owner''s hand.'),
       ('OP10-055', 'fr', 'Marco',
        '[Blocker] (After your opponent declares an attack, you may rest this card to make it the new target of the attack.) \n [On K.O.] Return up to 1 of your opponent''s Characters with a cost of 4 or less to the owner''s hand.'),
       ('OP10-056', 'en', 'Mansherry',
        '[On Play] You may rest 1 of your {Dressrosa} type Leader or Stage cards, and return 1 of your {Dressrosa} type Characters with a cost of 4 or more to the owner''s hand: Return up to 1 of your opponent''s Characters with a cost of 4 or less to the owner''s hand.'),
       ('OP10-056', 'fr', 'Mansherry',
        '[On Play] You may rest 1 of your {Dressrosa} type Leader or Stage cards, and return 1 of your {Dressrosa} type Characters with a cost of 4 or more to the owner''s hand: Return up to 1 of your opponent''s Characters with a cost of 4 or less to the owner''s hand.'),
       ('OP10-057', 'en', 'Leo',
        '[On Play] You may rest your Leader or 1 of your Stage cards: If your Leader is [Usopp], look at 5 cards from the top of your deck; reveal up to 2 {Dressrosa} type cards other than [Leo] and add them to your hand. Then, place the rest at the bottom of your deck in any order, and trash 1 card from your hand.'),
       ('OP10-057', 'fr', 'Leo',
        '[On Play] You may rest your Leader or 1 of your Stage cards: If your Leader is [Usopp], look at 5 cards from the top of your deck; reveal up to 2 {Dressrosa} type cards other than [Leo] and add them to your hand. Then, place the rest at the bottom of your deck in any order, and trash 1 card from your hand.'),
       ('OP10-058', 'en', 'Rebecca',
        '[On Play] If there is a Character with a cost of 8 or more, draw 1 card. Then, reveal up to 2 {Dressrosa} type Character cards with a cost of 7 or less other than [Rebecca] from your hand. Play 1 of the revealed cards and play the other card rested if it has a cost of 4 or less.'),
       ('OP10-058', 'fr', 'Rebecca',
        '[On Play] If there is a Character with a cost of 8 or more, draw 1 card. Then, reveal up to 2 {Dressrosa} type Character cards with a cost of 7 or less other than [Rebecca] from your hand. Play 1 of the revealed cards and play the other card rested if it has a cost of 4 or less.'),
       ('OP10-059', 'en', 'Fo...llow...Me...and...I...Will...Gui...de...You',
        '[Main] Look at 5 cards from the top of your deck; reveal up to 1 {Dressrosa} type Character card and add it to your hand. Then, place the rest at the bottom of your deck in any order. \n [Trigger] Activate this card''s [Main] effect.'),
       ('OP10-059', 'fr', 'Fo...llow...Me...and...I...Will...Gui...de...You',
        '[Main] Look at 5 cards from the top of your deck; reveal up to 1 {Dressrosa} type Character card and add it to your hand. Then, place the rest at the bottom of your deck in any order. \n [Trigger] Activate this card''s [Main] effect.'),
       ('OP10-060', 'en', 'Barrier-Barrier Pistol',
        '[Main] Place up to 1 of your opponent''s Characters with 6000 power or less at the bottom of the owner''s deck. \n [Trigger] Activate this card''s [Main] effect.'),
       ('OP10-060', 'fr', 'Barrier-Barrier Pistol',
        '[Main] Place up to 1 of your opponent''s Characters with 6000 power or less at the bottom of the owner''s deck. \n [Trigger] Activate this card''s [Main] effect.'),
       ('OP10-061', 'en', 'Special Long-Range Attack!! Bagworm',
        '[Main] Draw 1 card. Then, return up to 1 of your opponent''s Characters with a cost of 2 or less to the owner''s hand. \n [Trigger] Return up to 1 Character with a cost of 2 or less to the owner''s hand.'),
       ('OP10-061', 'fr', 'Special Long-Range Attack!! Bagworm',
        '[Main] Draw 1 card. Then, return up to 1 of your opponent''s Characters with a cost of 2 or less to the owner''s hand. \n [Trigger] Return up to 1 Character with a cost of 2 or less to the owner''s hand.'),
       ('OP10-062', 'en', 'Violet',
        '[Blocker] \n [On K.O.] DON!! −1: If your Leader has the {Donquixote Pirates} type, add up to 1 purple Event from your trash to your hand.'),
       ('OP10-062', 'fr', 'Violet',
        '[Blocker] \n [On K.O.] DON!! −1: If your Leader has the {Donquixote Pirates} type, add up to 1 purple Event from your trash to your hand.'),
       ('OP10-063', 'en', 'Vinsmoke Sanji',
        '[On Play] If your Leader''s type includes "GERMA", look at 5 cards from the top of your deck; reveal up to 1 card with a type including "GERMA" and add it to your hand. Then, place the rest at the bottom of your deck in any order.'),
       ('OP10-063', 'fr', 'Vinsmoke Sanji',
        '[On Play] If your Leader''s type includes "GERMA", look at 5 cards from the top of your deck; reveal up to 1 card with a type including "GERMA" and add it to your hand. Then, place the rest at the bottom of your deck in any order.'),
       ('OP10-064', 'en', 'Clone Soldier',
        '[Blocker] (After your opponent declares an attack, you may rest this card to make it the new target of the attack.)'),
       ('OP10-064', 'fr', 'Clone Soldier',
        '[Blocker] (After your opponent declares an attack, you may rest this card to make it the new target of the attack.)'),
       ('OP10-065', 'en', 'Sugar',
        '[Activate: Main] You may rest 1 of your DON!! cards and this Character: Look at 5 cards from the top of your deck; reveal up to 1 {Donquixote Pirates} type card and add it to your hand. Then, place the rest at the bottom of your deck in any order.'),
       ('OP10-065', 'fr', 'Sugar',
        '[Activate: Main] You may rest 1 of your DON!! cards and this Character: Look at 5 cards from the top of your deck; reveal up to 1 {Donquixote Pirates} type card and add it to your hand. Then, place the rest at the bottom of your deck in any order.'),
       ('OP10-066', 'en', 'Giolla',
        '[On Your Opponent''s Attack] [Once Per Turn] You may rest 2 of your DON!! cards: Rest up to 1 of your opponent''s Characters with a cost of 4 or less.'),
       ('OP10-066', 'fr', 'Giolla',
        '[On Your Opponent''s Attack] [Once Per Turn] You may rest 2 of your DON!! cards: Rest up to 1 of your opponent''s Characters with a cost of 4 or less.'),
       ('OP10-067', 'en', 'Senor Pink',
        '[On Play] DON!! −1 (You may return the specified number of DON!! cards from your field to your DON!! deck.): Add up to 1 purple Event with a cost of 5 or less from your trash to your hand. Then, set up to 1 of your DON!! cards as active.'),
       ('OP10-067', 'fr', 'Senor Pink',
        '[On Play] DON!! −1 (You may return the specified number of DON!! cards from your field to your DON!! deck.): Add up to 1 purple Event with a cost of 5 or less from your trash to your hand. Then, set up to 1 of your DON!! cards as active.'),
       ('OP10-068', 'en', 'Diamante', NULL),
       ('OP10-068', 'fr', 'Diamante', NULL),
       ('OP10-069', 'en', 'Fighting Fish',
        '[DON!! x1] [When Attacking] DON!! −1 (You may return the specified number of DON!! cards from your field to your DON!! deck.): K.O. up to 1 of your opponent''s Characters with a cost of 1 or less.'),
       ('OP10-069', 'fr', 'Fighting Fish',
        '[DON!! x1] [When Attacking] DON!! −1 (You may return the specified number of DON!! cards from your field to your DON!! deck.): K.O. up to 1 of your opponent''s Characters with a cost of 1 or less.'),
       ('OP10-070', 'en', 'Trebol',
        '[Blocker] (After your opponent declares an attack, you may rest this card to make it the new target of the attack.) \n [On Play] All of your Characters with 1000 base power or less cannot be K.O.''d by your opponent''s effects until the end of your opponent''s next turn.'),
       ('OP10-070', 'fr', 'Trebol',
        '[Blocker] (After your opponent declares an attack, you may rest this card to make it the new target of the attack.) \n [On Play] All of your Characters with 1000 base power or less cannot be K.O.''d by your opponent''s effects until the end of your opponent''s next turn.'),
       ('OP10-071', 'en', 'Donquixote Doflamingo',
        '[On Play] DON!! −1: Play up to 1 {Donquixote Pirates} type Character card with a cost of 5 or less from your hand. \n [On Your Opponent''s Attack] [Once Per Turn] You may rest 1 of your DON!! cards: Add up to 1 DON!! card from your DON!! deck and set it as active.'),
       ('OP10-071', 'fr', 'Donquixote Doflamingo',
        '[On Play] DON!! −1: Play up to 1 {Donquixote Pirates} type Character card with a cost of 5 or less from your hand. \n [On Your Opponent''s Attack] [Once Per Turn] You may rest 1 of your DON!! cards: Add up to 1 DON!! card from your DON!! deck and set it as active.'),
       ('OP10-072', 'en', 'Donquixote Rosinante',
        '[On Play] You may trash 1 Event from your hand: Draw 2 cards. \n [End of Your Turn] If you have 7 or more DON!! cards on your field, set up to 2 of your DON!! cards as active.'),
       ('OP10-072', 'fr', 'Donquixote Rosinante',
        '[On Play] You may trash 1 Event from your hand: Draw 2 cards. \n [End of Your Turn] If you have 7 or more DON!! cards on your field, set up to 2 of your DON!! cards as active.'),
       ('OP10-073', 'en', 'Buffalo', NULL),
       ('OP10-073', 'fr', 'Buffalo', NULL),
       ('OP10-074', 'en', 'Pica',
        '[Once Per Turn] If this Character would be K.O.''d by your opponent''s effect, you may rest 2 of your active DON!! cards instead.'),
       ('OP10-074', 'fr', 'Pica',
        '[Once Per Turn] If this Character would be K.O.''d by your opponent''s effect, you may rest 2 of your active DON!! cards instead.'),
       ('OP10-075', 'en', 'Foxy',
        '[Activate: Main] You may trash this Character: If the number of DON!! cards on your field is equal to or less than the number on your opponent''s field, draw 1 card.'),
       ('OP10-075', 'fr', 'Foxy',
        '[Activate: Main] You may trash this Character: If the number of DON!! cards on your field is equal to or less than the number on your opponent''s field, draw 1 card.'),
       ('OP10-076', 'en', 'Baby 5',
        '[On Play] You may trash 1 card from your hand: If your Leader has the {Donquixote Pirates} type, add up to 1 DON!! card from your DON!! deck and set it as active.'),
       ('OP10-076', 'fr', 'Baby 5',
        '[On Play] You may trash 1 card from your hand: If your Leader has the {Donquixote Pirates} type, add up to 1 DON!! card from your DON!! deck and set it as active.'),
       ('OP10-077', 'en', 'Bellamy',
        '[Blocker] (After your opponent declares an attack, you may rest this card to make it the new target of the attack.) \n [On Block] You may rest 2 of your DON!! cards: Add up to 1 DON!! card from your DON!! deck and set it as active.'),
       ('OP10-077', 'fr', 'Bellamy',
        '[Blocker] (After your opponent declares an attack, you may rest this card to make it the new target of the attack.) \n [On Block] You may rest 2 of your DON!! cards: Add up to 1 DON!! card from your DON!! deck and set it as active.'),
       ('OP10-078', 'en', 'I Do Not Forgive Those Who Laugh at My Family!!!',
        '[Main]/[Counter] Look at 3 cards from the top of your deck; reveal up to 1 {Donquixote Pirates} type card other than [I Do Not Forgive Those Who Laugh at My Family!!!] and add it to your hand. Then, place the rest at the bottom of your deck in any order.'),
       ('OP10-078', 'fr', 'I Do Not Forgive Those Who Laugh at My Family!!!',
        '[Main]/[Counter] Look at 3 cards from the top of your deck; reveal up to 1 {Donquixote Pirates} type card other than [I Do Not Forgive Those Who Laugh at My Family!!!] and add it to your hand. Then, place the rest at the bottom of your deck in any order.'),
       ('OP10-079', 'en', 'God Thread',
        '[Main] K.O. up to 1 of your opponent''s Characters with a cost 5 or less. Then, add up to 1 DON!! card from your DON!! deck and set it as active. \n [Trigger] Add up to 1 DON!! card from your DON!! deck and set it as active.'),
       ('OP10-079', 'fr', 'God Thread',
        '[Main] K.O. up to 1 of your opponent''s Characters with a cost 5 or less. Then, add up to 1 DON!! card from your DON!! deck and set it as active. \n [Trigger] Add up to 1 DON!! card from your DON!! deck and set it as active.'),
       ('OP10-080', 'en', 'Little Black Bears',
        '[Counter] Up to 1 of your Leader or Character cards gains +4000 power during this battle. Then, if you have 7 or more DON!! cards on your field and 5 or less cards in your hand, draw 1 card. \n [Trigger] Add up to 1 DON!! card from your DON!! deck and set it as active.'),
       ('OP10-080', 'fr', 'Little Black Bears',
        '[Counter] Up to 1 of your Leader or Character cards gains +4000 power during this battle. Then, if you have 7 or more DON!! cards on your field and 5 or less cards in your hand, draw 1 card. \n [Trigger] Add up to 1 DON!! card from your DON!! deck and set it as active.'),
       ('OP10-081', 'en', 'Usopp',
        '[On Play] You may rest 1 of your {Dressrosa} type Leader or Stage cards: K.O. up to 1 of your opponent''s Characters with a cost of 2 or less. Then, trash 2 cards from the top of your deck.'),
       ('OP10-081', 'fr', 'Usopp',
        '[On Play] You may rest 1 of your {Dressrosa} type Leader or Stage cards: K.O. up to 1 of your opponent''s Characters with a cost of 2 or less. Then, trash 2 cards from the top of your deck.'),
       ('OP10-082', 'en', 'Kuzan',
        'This Character cannot be removed from the field by your opponent''s effects. \n [Activate: Main] You may trash this Character: Draw 1 card. Then, play up to 1 {Blackbeard Pirates} type Character card with a cost of 5 or less other than [Kuzan] from your trash.'),
       ('OP10-082', 'fr', 'Kuzan',
        'This Character cannot be removed from the field by your opponent''s effects. \n [Activate: Main] You may trash this Character: Draw 1 card. Then, play up to 1 {Blackbeard Pirates} type Character card with a cost of 5 or less other than [Kuzan] from your trash.'),
       ('OP10-083', 'en', 'Kouzuki Momonosuke',
        '[Activate: Main] You may rest this Character and 1 of your {Dressrosa} type Leader or Stage cards: Give up to 1 of your opponent''s Characters -2 cost during this turn.'),
       ('OP10-083', 'fr', 'Kouzuki Momonosuke',
        '[Activate: Main] You may rest this Character and 1 of your {Dressrosa} type Leader or Stage cards: Give up to 1 of your opponent''s Characters -2 cost during this turn.'),
       ('OP10-084', 'en', 'Sanjuan.Wolf', NULL),
       ('OP10-084', 'fr', 'Sanjuan.Wolf', NULL),
       ('OP10-085', 'en', 'Jesus Burgess',
        '[DON!! x1] If you have 8 or more cards in your trash, this Character gains [Rush].'),
       ('OP10-085', 'fr', 'Jesus Burgess',
        '[DON!! x1] If you have 8 or more cards in your trash, this Character gains [Rush].'),
       ('OP10-086', 'en', 'Shiryu',
        '[Opponent''s Turn] This Character gains +2000 power. \n [Activate: Main] [Once Per Turn] If your Leader has the {Blackbeard Pirates} type, and this Character was played on this turn, K.O. up to 1 of your opponent''s Characters with a base cost of 3 or less.'),
       ('OP10-086', 'fr', 'Shiryu',
        '[Opponent''s Turn] This Character gains +2000 power. \n [Activate: Main] [Once Per Turn] If your Leader has the {Blackbeard Pirates} type, and this Character was played on this turn, K.O. up to 1 of your opponent''s Characters with a base cost of 3 or less.'),
       ('OP10-087', 'en', 'Tony Tony.Chopper',
        '[Activate: Main] You may rest this Character and 1 of your {Dressrosa} type Leader or Stage cards: If your opponent has 5 or more cards in their hand, your opponent trashes 1 card from their hand. Then, trash 2 cards from the top of your deck.'),
       ('OP10-087', 'fr', 'Tony Tony.Chopper',
        '[Activate: Main] You may rest this Character and 1 of your {Dressrosa} type Leader or Stage cards: If your opponent has 5 or more cards in their hand, your opponent trashes 1 card from their hand. Then, trash 2 cards from the top of your deck.'),
       ('OP10-088', 'en', 'Nami',
        '[Activate: Main] You may rest this Character and 1 of your {Dressrosa} type Leader or Stage cards: Draw 1 card. Then, trash 2 cards from the top of your deck.'),
       ('OP10-088', 'fr', 'Nami',
        '[Activate: Main] You may rest this Character and 1 of your {Dressrosa} type Leader or Stage cards: Draw 1 card. Then, trash 2 cards from the top of your deck.'),
       ('OP10-089', 'en', 'Nico Robin', NULL),
       ('OP10-089', 'fr', 'Nico Robin', NULL),
       ('OP10-090', 'en', 'Franky',
        '[Blocker] \n [On K.O.] Play up to 1 {Dressrosa} type Character card with a cost of 3 or less from your trash rested.'),
       ('OP10-090', 'fr', 'Franky',
        '[Blocker] \n [On K.O.] Play up to 1 {Dressrosa} type Character card with a cost of 3 or less from your trash rested.'),
       ('OP10-091', 'en', 'Brook',
        '[Activate: Main] You may rest this Character and 1 of your {Dressrosa} type Leader or Stage cards: K.O. up to 1 of your opponent''s Characters with a cost of 1 or less. Then, trash 2 cards from the top of your deck.'),
       ('OP10-091', 'fr', 'Brook',
        '[Activate: Main] You may rest this Character and 1 of your {Dressrosa} type Leader or Stage cards: K.O. up to 1 of your opponent''s Characters with a cost of 1 or less. Then, trash 2 cards from the top of your deck.'),
       ('OP10-092', 'en', 'Perona',
        '[Activate: Main] [Once Per Turn] You may place 2 {Thriller Bark Pirates} type cards from your trash at the bottom of your deck in any order: Up to 1 of your Characters other than [Perona] gains +2000 power during this turn.'),
       ('OP10-092', 'fr', 'Perona',
        '[Activate: Main] [Once Per Turn] You may place 2 {Thriller Bark Pirates} type cards from your trash at the bottom of your deck in any order: Up to 1 of your Characters other than [Perona] gains +2000 power during this turn.'),
       ('OP10-093', 'en', 'Saint Homing',
        '[Activate: Main] You may trash this Character: Up to 1 of your black Characters gains +3 cost until the end of your opponent''s next turn.'),
       ('OP10-093', 'fr', 'Saint Homing',
        '[Activate: Main] You may trash this Character: Up to 1 of your black Characters gains +3 cost until the end of your opponent''s next turn.'),
       ('OP10-094', 'en', 'Ryuma', '[DON!! x1] This Character gains [Double Attack].'),
       ('OP10-094', 'fr', 'Ryuma', '[DON!! x1] This Character gains [Double Attack].'),
       ('OP10-095', 'en', 'Roronoa Zoro',
        '[On Play] You may rest 1 of your {Dressrosa} type Leader or Stage cards: K.O. up to 1 of your opponent''s Characters with a cost of 4 or less. Then, trash 2 cards from the top of your deck.'),
       ('OP10-095', 'fr', 'Roronoa Zoro',
        '[On Play] You may rest 1 of your {Dressrosa} type Leader or Stage cards: K.O. up to 1 of your opponent''s Characters with a cost of 4 or less. Then, trash 2 cards from the top of your deck.'),
       ('OP10-096', 'en', 'There’s No Longer Any Need for the Seven Warlords of the Sea!!!',
        '[Main] K.O. up to 1 of your opponent''s {The Seven Warlords of the Sea} type Characters with a cost of 8 or less. \n [Trigger] K.O. up to 1 of your opponent''s {The Seven Warlords of the Sea} type Characters with a cost of 4 or less.'),
       ('OP10-096', 'fr', 'There’s No Longer Any Need for the Seven Warlords of the Sea!!!',
        '[Main] K.O. up to 1 of your opponent''s {The Seven Warlords of the Sea} type Characters with a cost of 8 or less. \n [Trigger] K.O. up to 1 of your opponent''s {The Seven Warlords of the Sea} type Characters with a cost of 4 or less.'),
       ('OP10-097', 'en', 'Gum-Gum Rhino Schneider',
        '[Main] Up to 1 of your {Dressrosa} type Characters gains +2000 power during this turn. Then, if you have 10 or more cards in your trash, that card gains [Banish] during this turn. \n [Trigger] Draw 2 cards and trash 1 card from your hand.'),
       ('OP10-097', 'fr', 'Gum-Gum Rhino Schneider',
        '[Main] Up to 1 of your {Dressrosa} type Characters gains +2000 power during this turn. Then, if you have 10 or more cards in your trash, that card gains [Banish] during this turn. \n [Trigger] Draw 2 cards and trash 1 card from your hand.'),
       ('OP10-098', 'en', 'Liberation',
        '[Main] If the number of your Characters is at least 2 less than the number of your opponent''s Characters, K.O. up to 1 of your opponent''s Characters with a base cost of 6 or less and up to 1 of your opponent''s Characters with a base cost of 4 or less. \n [Trigger] Negate the effect of up to 1 of each of your opponent''s Leader and Character cards during this turn.'),
       ('OP10-098', 'fr', 'Liberation',
        '[Main] If the number of your Characters is at least 2 less than the number of your opponent''s Characters, K.O. up to 1 of your opponent''s Characters with a base cost of 6 or less and up to 1 of your opponent''s Characters with a base cost of 4 or less. \n [Trigger] Negate the effect of up to 1 of each of your opponent''s Leader and Character cards during this turn.'),
       ('OP10-099', 'en', 'Eustass"Captain"Kid',
        '[End of Your Turn] You may turn 1 card from the top of your Life cards face-up: Set up to 1 of your {Supernovas} type Characters with a cost of 3 to 8 as active. That Character gains [Blocker] until the end of your opponent''s next turn.'),
       ('OP10-099', 'fr', 'Eustass"Captain"Kid',
        '[End of Your Turn] You may turn 1 card from the top of your Life cards face-up: Set up to 1 of your {Supernovas} type Characters with a cost of 3 to 8 as active. That Character gains [Blocker] until the end of your opponent''s next turn.'),
       ('OP10-100', 'en', 'Inazuma',
        '[DON!! x1] [When Attacking] Rest up to 1 of your opponent''s Characters with a cost equal to or less than the total of your and your opponent''s Life cards. \n [Trigger] If your Leader has the {Revolutionary Army} type and you and your opponent have a total of 5 or less Life cards, play this card.'),
       ('OP10-100', 'fr', 'Inazuma',
        '[DON!! x1] [When Attacking] Rest up to 1 of your opponent''s Characters with a cost equal to or less than the total of your and your opponent''s Life cards. \n [Trigger] If your Leader has the {Revolutionary Army} type and you and your opponent have a total of 5 or less Life cards, play this card.'),
       ('OP10-101', 'en', 'Urouge', NULL),
       ('OP10-101', 'fr', 'Urouge', NULL),
       ('OP10-102', 'en', 'Emporio.Ivankov',
        '[Activate: Main] [Once Per Turn] Up to 3 of your {Revolutionary Army} type Characters gain +1000 power during this turn. Then, add 1 card from the top of your Life cards to your hand.'),
       ('OP10-102', 'fr', 'Emporio.Ivankov',
        '[Activate: Main] [Once Per Turn] Up to 3 of your {Revolutionary Army} type Characters gain +1000 power during this turn. Then, add 1 card from the top of your Life cards to your hand.'),
       ('OP10-103', 'en', 'Capone"Gang"Bege',
        '[On Play] You may add 1 card from the top or bottom of your Life cards to your hand: Add up to 1 {Supernovas} type Character card from your hand to the top of your Life cards face-up.'),
       ('OP10-103', 'fr', 'Capone"Gang"Bege',
        '[On Play] You may add 1 card from the top or bottom of your Life cards to your hand: Add up to 1 {Supernovas} type Character card from your hand to the top of your Life cards face-up.'),
       ('OP10-104', 'en', 'Caribou',
        '[DON!! x1] If your Leader has the {Supernovas} type and your opponent has 3 or more Life cards, this Character cannot be K.O.''d in battle.'),
       ('OP10-104', 'fr', 'Caribou',
        '[DON!! x1] If your Leader has the {Supernovas} type and your opponent has 3 or more Life cards, this Character cannot be K.O.''d in battle.'),
       ('OP10-105', 'en', 'Cavendish', NULL),
       ('OP10-105', 'fr', 'Cavendish', NULL),
       ('OP10-106', 'en', 'Killer',
        '[On K.O.] If your Leader has the {Supernovas} type, look at 3 cards from the top of your deck; reveal up to 1 {Supernovas} or {Kid Pirates} type card and add it to your hand. Then, place the rest at the bottom of your deck in any order.'),
       ('OP10-106', 'fr', 'Killer',
        '[On K.O.] If your Leader has the {Supernovas} type, look at 3 cards from the top of your deck; reveal up to 1 {Supernovas} or {Kid Pirates} type card and add it to your hand. Then, place the rest at the bottom of your deck in any order.'),
       ('OP10-107', 'en', 'Jewelry Bonney',
        '[Blocker] \n [On Play] You may add 1 card from the top or bottom of your Life cards to your hand: Add up to 1 {Supernovas} type Character card with a cost of 5 from your hand to the top of your Life cards face-up.'),
       ('OP10-107', 'fr', 'Jewelry Bonney',
        '[Blocker] \n [On Play] You may add 1 card from the top or bottom of your Life cards to your hand: Add up to 1 {Supernovas} type Character card with a cost of 5 from your hand to the top of your Life cards face-up.'),
       ('OP10-108', 'en', 'Scratchmen Apoo',
        'If you have a yellow {Supernovas} type Character other than [Scratchmen Apoo], this Character gains [Blocker].'),
       ('OP10-108', 'fr', 'Scratchmen Apoo',
        'If you have a yellow {Supernovas} type Character other than [Scratchmen Apoo], this Character gains [Blocker].'),
       ('OP10-109', 'en', 'Basil Hawkins',
        '[On K.O.] Trash up to 1 card from the top of your opponent''s Life cards. \n [Trigger] Draw 2 cards and trash 1 card from your hand.'),
       ('OP10-109', 'fr', 'Basil Hawkins',
        '[On K.O.] Trash up to 1 card from the top of your opponent''s Life cards. \n [Trigger] Draw 2 cards and trash 1 card from your hand.'),
       ('OP10-110', 'en', 'Heat & Wire',
        '[On Play] Rest up to 1 of your opponent''s Characters with a cost equal to or less than the number of your opponent''s Life cards. \n [Trigger] If you have 2 or less Life cards, play this card.'),
       ('OP10-110', 'fr', 'Heat & Wire',
        '[On Play] Rest up to 1 of your opponent''s Characters with a cost equal to or less than the number of your opponent''s Life cards. \n [Trigger] If you have 2 or less Life cards, play this card.'),
       ('OP10-111', 'en', 'Monkey.D.Luffy',
        '[On Play] Look at 5 cards from the top of your deck; reveal up to 1 {Supernovas} type card other than [Monkey.D.Luffy] and add it to your hand. Then, place the rest at the bottom of your deck in any order.'),
       ('OP10-111', 'fr', 'Monkey.D.Luffy',
        '[On Play] Look at 5 cards from the top of your deck; reveal up to 1 {Supernovas} type card other than [Monkey.D.Luffy] and add it to your hand. Then, place the rest at the bottom of your deck in any order.'),
       ('OP10-112', 'en', 'Eustass"Captain"Kid',
        '[On Play] You may rest this Character: Trash up to 1 card from the top of your opponent''s Life cards. \n [End of Your Turn] If your opponent has 2 or less Life cards, draw 1 card and trash 1 card from your hand.'),
       ('OP10-112', 'fr', 'Eustass"Captain"Kid',
        '[On Play] You may rest this Character: Trash up to 1 card from the top of your opponent''s Life cards. \n [End of Your Turn] If your opponent has 2 or less Life cards, draw 1 card and trash 1 card from your hand.'),
       ('OP10-113', 'en', 'Roronoa Zoro',
        'If you have less Life cards than your opponent, this Character gains [Rush]. \n [Trigger] You may trash 1 card from your hand: If your Leader has the {Supernovas} type, play this card.'),
       ('OP10-113', 'fr', 'Roronoa Zoro',
        'If you have less Life cards than your opponent, this Character gains [Rush]. \n [Trigger] You may trash 1 card from your hand: If your Leader has the {Supernovas} type, play this card.'),
       ('OP10-114', 'en', 'X.Drake',
        '[Activate: Main] You may rest this Character: If the number of your Life cards is equal to or less than the number of your opponent''s Life cards, rest up to 1 of your opponent''s Characters with a cost of 4 or less.'),
       ('OP10-114', 'fr', 'X.Drake',
        '[Activate: Main] You may rest this Character: If the number of your Life cards is equal to or less than the number of your opponent''s Life cards, rest up to 1 of your opponent''s Characters with a cost of 4 or less.'),
       ('OP10-115', 'en', 'Let''s Meet Again in the New World',
        '[Counter] Up to 1 of your Leader or Character cards gains +4000 power during this battle. Then, if you have 0 Life cards, draw 1 card. \n [Trigger] K.O. up to 1 of your opponent''s Characters with a cost equal to or less than the number of your opponent''s Life cards.'),
       ('OP10-115', 'fr', 'Let''s Meet Again in the New World',
        '[Counter] Up to 1 of your Leader or Character cards gains +4000 power during this battle. Then, if you have 0 Life cards, draw 1 card. \n [Trigger] K.O. up to 1 of your opponent''s Characters with a cost equal to or less than the number of your opponent''s Life cards.'),
       ('OP10-116', 'en', 'Damned Punk',
        '[Main] Look at up to 1 card from the top of your or your opponent''s Life cards and place it at the top or bottom of the Life cards. Then, K.O. up to 1 of your opponent''s Characters with a cost of 5 or less. \n [Trigger] Draw 2 cards and trash 1 card from your hand.'),
       ('OP10-116', 'fr', 'Damned Punk',
        '[Main] Look at up to 1 card from the top of your or your opponent''s Life cards and place it at the top or bottom of the Life cards. Then, K.O. up to 1 of your opponent''s Characters with a cost of 5 or less. \n [Trigger] Draw 2 cards and trash 1 card from your hand.'),
       ('OP10-117', 'en', 'ROOM',
        '[Counter] If you have 1 or less Life cards, up to 1 of your Leader or Character cards gains +3000 power during this battle. Then, set up to 1 of your Characters with a cost of 5 or less as active. \n [Trigger] Draw 1 card.'),
       ('OP10-117', 'fr', 'ROOM',
        '[Counter] If you have 1 or less Life cards, up to 1 of your Leader or Character cards gains +3000 power during this battle. Then, set up to 1 of your Characters with a cost of 5 or less as active. \n [Trigger] Draw 1 card.'),
       ('OP10-118', 'en', 'Monkey.D.Luffy',
        'Once per turn, this Character cannot be K.O.''d by your opponent''s effects. \n [When Attacking] You may place 3 cards from your trash at the bottom of your deck in any order: If your opponent has 5 or more cards in their hand, your opponent trashes 1 card from their hand.'),
       ('OP10-118', 'fr', 'Monkey.D.Luffy',
        'Once per turn, this Character cannot be K.O.''d by your opponent''s effects. \n [When Attacking] You may place 3 cards from your trash at the bottom of your deck in any order: If your opponent has 5 or more cards in their hand, your opponent trashes 1 card from their hand.'),
       ('OP10-119', 'en', 'Trafalgar Law',
        '[On Play] Reveal up to 1 {Supernovas} type Character card from your hand and add it to the top of your Life cards face-down. Then, give up to 1 rested DON!! card to 1 of your {Supernovas} type Leader.'),
       ('OP10-119', 'fr', 'Trafalgar Law',
        '[On Play] Reveal up to 1 {Supernovas} type Character card from your hand and add it to the top of your Life cards face-down. Then, give up to 1 rested DON!! card to 1 of your {Supernovas} type Leader.')

