INSERT INTO UT_PRODUCT(ID, RELEASE_DATE)
VALUES ('OP-02', '2023-03-10')
ON CONFLICT DO NOTHING;

INSERT INTO UT_PRODUCT_DESCRIPTION (PRODUCT_ID, LANGUAGE_CODE, NAME)
VALUES ('OP-02', 'en', 'PARAMOUNT WAR [OP-02]'),
       ('OP-02', 'fr', 'PARAMOUNT WAR [OP-02]')
ON CONFLICT DO NOTHING;


INSERT INTO UT_CARD (ID, TYPE_ID, ATTRIBUTE_ID, COST, POWER, LIFE, COUNTER)
VALUES ('OP02-001', 0, 2, NULL, 6000, 6, NULL),
       ('OP02-002', 0, 0, NULL, 5000, 4, NULL),
       ('OP02-003', 1, 4, 4, 6000, NULL, 1000),
       ('OP02-004', 1, 2, 9, 10000, NULL, NULL),
       ('OP02-005', 1, 4, 2, 3000, NULL, 1000),
       ('OP02-006', 1, 0, 5, 7000, NULL, 1000),
       ('OP02-007', 1, 3, 6, 8000, NULL, 1000),
       ('OP02-008', 1, 0, 4, 4000, NULL, 2000),
       ('OP02-009', 1, 4, 3, 5000, NULL, NULL),
       ('OP02-010', 1, 4, 1, 2000, NULL, 1000),
       ('OP02-011', 1, 4, 3, 3000, NULL, 1000),
       ('OP02-012', 1, 4, 2, 3000, NULL, NULL),
       ('OP02-013', 1, 2, 7, 7000, NULL, NULL),
       ('OP02-014', 1, 4, 1, 2000, NULL, 1000),
       ('OP02-015', 1, 3, 1, NULL, NULL, 2000),
       ('OP02-016', 1, 4, 1, 2000, NULL, 1000),
       ('OP02-017', 1, 3, 2, 3000, NULL, 2000),
       ('OP02-018', 1, 2, 4, 5000, NULL, 1000),
       ('OP02-019', 1, 0, 3, 4000, NULL, 1000),
       ('OP02-020', 1, 0, 7, 9000, NULL, 1000),
       ('OP02-021', 3, NULL, 1, NULL, NULL, NULL),
       ('OP02-022', 3, NULL, 1, NULL, NULL, NULL),
       ('OP02-023', 3, NULL, 1, NULL, NULL, NULL),
       ('OP02-024', 2, NULL, 2, NULL, NULL, NULL),
       ('OP02-025', 0, 4, NULL, 5000, 5, NULL),
       ('OP02-026', 0, 0, NULL, 5000, 4, NULL),
       ('OP02-027', 1, 4, 3, 4000, NULL, 1000),
       ('OP02-028', 1, 1, 3, 5000, NULL, 1000),
       ('OP02-029', 1, 2, 5, 5000, NULL, 2000),
       ('OP02-030', 1, 4, 8, 8000, NULL, NULL),
       ('OP02-031', 1, 3, 1, NULL, NULL, 1000),
       ('OP02-032', 1, 4, 2, 3000, NULL, 1000),
       ('OP02-033', 1, 0, 2, 4000, NULL, 1000),
       ('OP02-034', 1, 3, 2, 2000, NULL, 2000),
       ('OP02-035', 1, 4, 2, 3000, NULL, 1000),
       ('OP02-036', 1, 2, 3, 5000, NULL, NULL),
       ('OP02-037', 1, 0, 3, 4000, NULL, 1000),
       ('OP02-038', 1, 4, 3, 4000, NULL, NULL),
       ('OP02-039', 1, 2, 5, 7000, NULL, 1000),
       ('OP02-040', 1, 4, 4, 5000, NULL, 1000),
       ('OP02-041', 1, 0, 7, 7000, NULL, NULL),
       ('OP02-042', 1, 0, 4, 6000, NULL, NULL),
       ('OP02-043', 1, 4, 4, 6000, NULL, 1000),
       ('OP02-044', 1, 4, 2, 3000, NULL, 1000),
       ('OP02-045', 3, NULL, 3, NULL, NULL, NULL),
       ('OP02-046', 3, NULL, 2, NULL, NULL, NULL),
       ('OP02-047', 3, NULL, 1, NULL, NULL, NULL),
       ('OP02-048', 2, NULL, 1, NULL, NULL, NULL),
       ('OP02-049', 0, 2, NULL, 5000, 5, NULL),
       ('OP02-050', 1, 4, 4, 5000, NULL, 1000),
       ('OP02-051', 1, 2, 7, 7000, NULL, NULL),
       ('OP02-052', 1, 4, 2, 3000, NULL, 1000),
       ('OP02-053', 1, 2, 5, 7000, NULL, 1000),
       ('OP02-054', 1, 2, 4, 6000, NULL, 1000),
       ('OP02-055', 1, 4, 6, 8000, NULL, 1000),
       ('OP02-056', 1, 2, 1, 2000, NULL, NULL),
       ('OP02-057', 1, 0, 3, 3000, NULL, 1000),
       ('OP02-058', 1, 4, 1, 2000, NULL, 1000),
       ('OP02-059', 1, 2, 4, 5000, NULL, 1000),
       ('OP02-060', 1, 3, 1, 3000, NULL, 1000),
       ('OP02-061', 1, 2, 4, 5000, NULL, 1000),
       ('OP02-062', 1, 0, 6, 7000, NULL, NULL),
       ('OP02-063', 1, 4, 1, 1000, NULL, 1000),
       ('OP02-064', 1, 0, 5, 5000, NULL, 2000),
       ('OP02-065', 1, 2, 4, 5000, NULL, 1000),
       ('OP02-066', 3, NULL, 1, NULL, NULL, NULL),
       ('OP02-067', 3, NULL, 2, NULL, NULL, NULL),
       ('OP02-068', 3, NULL, 0, NULL, NULL, NULL),
       ('OP02-069', 3, NULL, 3, NULL, NULL, NULL),
       ('OP02-070', 2, NULL, 1, NULL, NULL, NULL),
       ('OP02-071', 0, 2, NULL, 5000, 5, NULL),
       ('OP02-072', 0, 0, NULL, 5000, 4, NULL),
       ('OP02-073', 1, 3, 3, 3000, NULL, 2000),
       ('OP02-074', 1, 3, 1, 2000, NULL, 1000),
       ('OP02-075', 1, 4, 2, 3000, NULL, 2000),
       ('OP02-076', 1, 4, 4, 5000, NULL, 1000),
       ('OP02-077', 1, 4, 3, 5000, NULL, 1000),
       ('OP02-078', 1, 1, 3, 5000, NULL, NULL),
       ('OP02-079', 1, 2, 5, 6000, NULL, 1000),
       ('OP02-080', 1, 0, 2, 4000, NULL, 1000),
       ('OP02-081', 1, 3, 2, 2000, NULL, 1000),
       ('OP02-082', 1, 0, 8, 8000, NULL, NULL),
       ('OP02-083', 1, 4, 1, 2000, NULL, 1000),
       ('OP02-084', 1, 4, 1, 3000, NULL, 1000),
       ('OP02-085', 1, 2, 5, 6000, NULL, NULL),
       ('OP02-086', 1, 0, 4, 5000, NULL, 1000),
       ('OP02-087', 1, 0, 4, 5000, NULL, 1000),
       ('OP02-088', 1, 0, 4, 6000, NULL, 1000),
       ('OP02-089', 3, NULL, 2, NULL, NULL, NULL),
       ('OP02-090', 3, NULL, 1, NULL, NULL, NULL),
       ('OP02-091', 3, NULL, 3, NULL, NULL, NULL),
       ('OP02-092', 2, NULL, 1, NULL, NULL, NULL),
       ('OP02-093', 0, 2, NULL, 5000, 5, NULL),
       ('OP02-094', 1, 4, 3, 4000, NULL, 1000),
       ('OP02-095', 1, 4, 5, 6000, NULL, 1000),
       ('OP02-096', 1, 2, 4, 5000, NULL, NULL),
       ('OP02-097', 1, 4, 1, 3000, NULL, 1000),
       ('OP02-098', 1, 0, 3, 4000, NULL, 1000),
       ('OP02-099', 1, 2, 6, 7000, NULL, NULL),
       ('OP02-100', 1, 4, 2, 3000, NULL, 1000),
       ('OP02-101', 1, 4, 4, 5000, NULL, NULL),
       ('OP02-102', 1, 2, 3, 4000, NULL, 1000),
       ('OP02-103', 1, 3, 2, 3000, NULL, 2000),
       ('OP02-104', 1, 4, 2, 3000, NULL, 1000),
       ('OP02-105', 1, 4, 3, 5000, NULL, NULL),
       ('OP02-106', 1, 3, 1, NULL, NULL, 2000),
       ('OP02-107', 1, 0, 2, 4000, NULL, 1000),
       ('OP02-108', 1, 2, 2, 2000, NULL, 1000),
       ('OP02-109', 1, 0, 4, 6000, NULL, 1000),
       ('OP02-110', 1, 2, 5, 6000, NULL, 1000),
       ('OP02-111', 1, 0, 2, 3000, NULL, 1000),
       ('OP02-112', 1, 1, 1, 1000, NULL, 1000),
       ('OP02-113', 1, 4, 3, 3000, NULL, 1000),
       ('OP02-114', 1, 2, 4, 5000, NULL, 1000),
       ('OP02-115', 1, 0, 2, 3000, NULL, 2000),
       ('OP02-116', 1, 4, 3, 5000, NULL, 1000),
       ('OP02-117', 3, NULL, 1, NULL, NULL, NULL),
       ('OP02-118', 3, NULL, 1, NULL, NULL, NULL),
       ('OP02-119', 3, NULL, 2, NULL, NULL, NULL),
       ('OP02-120', 1, 2, 8, 8000, NULL, NULL),
       ('OP02-121', 1, 2, 10, 10000, NULL, NULL)
ON CONFLICT DO NOTHING;

INSERT INTO UT_CARD_IMAGE (CARD_ID, NAME, RARITY_ID, PRODUCT_ID)
VALUES ('OP02-001', 'OP02-001.png', 0, 'OP-02'),
       ('OP02-001', 'OP02-001_p1.png', 0, 'OP-02'),
       ('OP02-002', 'OP02-002.png', 0, 'OP-02'),
       ('OP02-002', 'OP02-002_p1.png', 0, 'OP-02'),
       ('OP02-003', 'OP02-003.png', 1, 'OP-02'),
       ('OP02-004', 'OP02-004.png', 3, 'OP-02'),
       ('OP02-004', 'OP02-004_p1.png', 3, 'OP-02'),
       ('OP02-005', 'OP02-005.png', 2, 'OP-02'),
       ('OP02-006', 'OP02-006.png', 1, 'OP-02'),
       ('OP02-007', 'OP02-007.png', 1, 'OP-02'),
       ('OP02-008', 'OP02-008.png', 5, 'OP-02'),
       ('OP02-009', 'OP02-009.png', 2, 'OP-02'),
       ('OP02-009', 'OP02-009_p1.png', 2, 'OP-02'),
       ('OP02-010', 'OP02-010.png', 1, 'OP-02'),
       ('OP02-011', 'OP02-011.png', 5, 'OP-02'),
       ('OP02-012', 'OP02-012.png', 1, 'OP-02'),
       ('OP02-013', 'OP02-013.png', 3, 'OP-02'),
       ('OP02-013', 'OP02-013_p1.png', 3, 'OP-02'),
       ('OP02-013', 'OP02-013_p2.png', 3, 'OP-02'),
       ('OP02-014', 'OP02-014.png', 2, 'OP-02'),
       ('OP02-015', 'OP02-015.png', 2, 'OP-02'),
       ('OP02-016', 'OP02-016.png', 1, 'OP-02'),
       ('OP02-017', 'OP02-017.png', 5, 'OP-02'),
       ('OP02-017', 'OP02-017_p1.png', 5, 'OP-02'),
       ('OP02-018', 'OP02-018.png', 5, 'OP-02'),
       ('OP02-018', 'OP02-018_p1.png', 5, 'OP-02'),
       ('OP02-019', 'OP02-019.png', 2, 'OP-02'),
       ('OP02-020', 'OP02-020.png', 1, 'OP-02'),
       ('OP02-021', 'OP02-021.png', 5, 'OP-02'),
       ('OP02-022', 'OP02-022.png', 2, 'OP-02'),
       ('OP02-023', 'OP02-023.png', 1, 'OP-02'),
       ('OP02-024', 'OP02-024.png', 1, 'OP-02'),
       ('OP02-025', 'OP02-025.png', 0, 'OP-02'),
       ('OP02-025', 'OP02-025_p1.png', 0, 'OP-02'),
       ('OP02-026', 'OP02-026.png', 0, 'OP-02'),
       ('OP02-026', 'OP02-026_p1.png', 0, 'OP-02'),
       ('OP02-027', 'OP02-027.png', 2, 'OP-02'),
       ('OP02-028', 'OP02-028.png', 1, 'OP-02'),
       ('OP02-029', 'OP02-029.png', 5, 'OP-02'),
       ('OP02-030', 'OP02-030.png', 3, 'OP-02'),
       ('OP02-030', 'OP02-030_p1.png', 3, 'OP-02'),
       ('OP02-031', 'OP02-031.png', 2, 'OP-02'),
       ('OP02-031', 'OP02-031_p1.png', 2, 'OP-02'),
       ('OP02-032', 'OP02-032.png', 2, 'OP-02'),
       ('OP02-033', 'OP02-033.png', 1, 'OP-02'),
       ('OP02-034', 'OP02-034.png', 2, 'OP-02'),
       ('OP02-035', 'OP02-035.png', 1, 'OP-02'),
       ('OP02-036', 'OP02-036.png', 3, 'OP-02'),
       ('OP02-036', 'OP02-036_p1.png', 3, 'OP-02'),
       ('OP02-037', 'OP02-037.png', 2, 'OP-02'),
       ('OP02-038', 'OP02-038.png', 1, 'OP-02'),
       ('OP02-039', 'OP02-039.png', 1, 'OP-02'),
       ('OP02-040', 'OP02-040.png', 5, 'OP-02'),
       ('OP02-041', 'OP02-041.png', 5, 'OP-02'),
       ('OP02-041', 'OP02-041_p1.png', 5, 'OP-02'),
       ('OP02-042', 'OP02-042.png', 5, 'OP-02'),
       ('OP02-043', 'OP02-043.png', 1, 'OP-02'),
       ('OP02-044', 'OP02-044.png', 1, 'OP-02'),
       ('OP02-045', 'OP02-045.png', 1, 'OP-02'),
       ('OP02-046', 'OP02-046.png', 2, 'OP-02'),
       ('OP02-047', 'OP02-047.png', 5, 'OP-02'),
       ('OP02-048', 'OP02-048.png', 1, 'OP-02'),
       ('OP02-049', 'OP02-049.png', 0, 'OP-02'),
       ('OP02-049', 'OP02-049_p1.png', 0, 'OP-02'),
       ('OP02-050', 'OP02-050.png', 5, 'OP-02'),
       ('OP02-051', 'OP02-051.png', 3, 'OP-02'),
       ('OP02-051', 'OP02-051_p1.png', 3, 'OP-02'),
       ('OP02-052', 'OP02-052.png', 1, 'OP-02'),
       ('OP02-053', 'OP02-053.png', 1, 'OP-02'),
       ('OP02-054', 'OP02-054.png', 1, 'OP-02'),
       ('OP02-055', 'OP02-055.png', 1, 'OP-02'),
       ('OP02-056', 'OP02-056.png', 2, 'OP-02'),
       ('OP02-057', 'OP02-057.png', 2, 'OP-02'),
       ('OP02-058', 'OP02-058.png', 5, 'OP-02'),
       ('OP02-058', 'OP02-058_p1.png', 5, 'OP-02'),
       ('OP02-059', 'OP02-059.png', 2, 'OP-02'),
       ('OP02-059', 'OP02-059_p1.png', 2, 'OP-02'),
       ('OP02-060', 'OP02-060.png', 1, 'OP-02'),
       ('OP02-061', 'OP02-061.png', 2, 'OP-02'),
       ('OP02-062', 'OP02-062.png', 3, 'OP-02'),
       ('OP02-062', 'OP02-062_p1.png', 3, 'OP-02'),
       ('OP02-063', 'OP02-063.png', 2, 'OP-02'),
       ('OP02-064', 'OP02-064.png', 5, 'OP-02'),
       ('OP02-065', 'OP02-065.png', 5, 'OP-02'),
       ('OP02-066', 'OP02-066.png', 1, 'OP-02'),
       ('OP02-067', 'OP02-067.png', 2, 'OP-02'),
       ('OP02-068', 'OP02-068.png', 5, 'OP-02'),
       ('OP02-069', 'OP02-069.png', 1, 'OP-02'),
       ('OP02-070', 'OP02-070.png', 1, 'OP-02'),
       ('OP02-071', 'OP02-071.png', 0, 'OP-02'),
       ('OP02-071', 'OP02-071_p1.png', 0, 'OP-02'),
       ('OP02-072', 'OP02-072.png', 0, 'OP-02'),
       ('OP02-072', 'OP02-072_p1.png', 0, 'OP-02'),
       ('OP02-073', 'OP02-073.png', 5, 'OP-02'),
       ('OP02-073', 'OP02-073_p1.png', 5, 'OP-02'),
       ('OP02-074', 'OP02-074.png', 1, 'OP-02'),
       ('OP02-075', 'OP02-075.png', 5, 'OP-02'),
       ('OP02-076', 'OP02-076.png', 5, 'OP-02'),
       ('OP02-077', 'OP02-077.png', 1, 'OP-02'),
       ('OP02-078', 'OP02-078.png', 2, 'OP-02'),
       ('OP02-079', 'OP02-079.png', 2, 'OP-02'),
       ('OP02-080', 'OP02-080.png', 1, 'OP-02'),
       ('OP02-081', 'OP02-081.png', 1, 'OP-02'),
       ('OP02-082', 'OP02-082.png', 2, 'OP-02'),
       ('OP02-083', 'OP02-083.png', 5, 'OP-02'),
       ('OP02-084', 'OP02-084.png', 1, 'OP-02'),
       ('OP02-085', 'OP02-085.png', 3, 'OP-02'),
       ('OP02-085', 'OP02-085_p1.png', 3, 'OP-02'),
       ('OP02-086', 'OP02-086.png', 2, 'OP-02'),
       ('OP02-086', 'OP02-086_p1.png', 2, 'OP-02'),
       ('OP02-087', 'OP02-087.png', 2, 'OP-02'),
       ('OP02-088', 'OP02-088.png', 1, 'OP-02'),
       ('OP02-089', 'OP02-089.png', 5, 'OP-02'),
       ('OP02-090', 'OP02-090.png', 2, 'OP-02'),
       ('OP02-091', 'OP02-091.png', 1, 'OP-02'),
       ('OP02-092', 'OP02-092.png', 1, 'OP-02'),
       ('OP02-093', 'OP02-093.png', 0, 'OP-02'),
       ('OP02-093', 'OP02-093_p1.png', 0, 'OP-02'),
       ('OP02-094', 'OP02-094.png', 2, 'OP-02'),
       ('OP02-095', 'OP02-095.png', 2, 'OP-02'),
       ('OP02-096', 'OP02-096.png', 3, 'OP-02'),
       ('OP02-096', 'OP02-096_p1.png', 3, 'OP-02'),
       ('OP02-097', 'OP02-097.png', 1, 'OP-02'),
       ('OP02-098', 'OP02-098.png', 5, 'OP-02'),
       ('OP02-099', 'OP02-099.png', 3, 'OP-02'),
       ('OP02-099', 'OP02-099_p1.png', 3, 'OP-02'),
       ('OP02-100', 'OP02-100.png', 1, 'OP-02'),
       ('OP02-101', 'OP02-101.png', 1, 'OP-02'),
       ('OP02-102', 'OP02-102.png', 5, 'OP-02'),
       ('OP02-103', 'OP02-103.png', 5, 'OP-02'),
       ('OP02-104', 'OP02-104.png', 1, 'OP-02'),
       ('OP02-105', 'OP02-105.png', 1, 'OP-02'),
       ('OP02-105', 'OP02-105_p1.png', 1, 'OP-02'),
       ('OP02-106', 'OP02-106.png', 2, 'OP-02'),
       ('OP02-107', 'OP02-107.png', 1, 'OP-02'),
       ('OP02-108', 'OP02-108.png', 1, 'OP-02'),
       ('OP02-108', 'OP02-108_p1.png', 1, 'OP-02'),
       ('OP02-109', 'OP02-109.png', 1, 'OP-02'),
       ('OP02-110', 'OP02-110.png', 5, 'OP-02'),
       ('OP02-111', 'OP02-111.png', 1, 'OP-02'),
       ('OP02-112', 'OP02-112.png', 2, 'OP-02'),
       ('OP02-113', 'OP02-113.png', 2, 'OP-02'),
       ('OP02-114', 'OP02-114.png', 3, 'OP-02'),
       ('OP02-114', 'OP02-114_p1.png', 3, 'OP-02'),
       ('OP02-115', 'OP02-115.png', 5, 'OP-02'),
       ('OP02-115', 'OP02-115_p1.png', 5, 'OP-02'),
       ('OP02-116', 'OP02-116.png', 1, 'OP-02'),
       ('OP02-117', 'OP02-117.png', 2, 'OP-02'),
       ('OP02-118', 'OP02-118.png', 1, 'OP-02'),
       ('OP02-119', 'OP02-119.png', 5, 'OP-02'),
       ('OP02-120', 'OP02-120.png', 4, 'OP-02'),
       ('OP02-120', 'OP02-120_p1.png', 4, 'OP-02'),
       ('OP02-121', 'OP02-121.png', 4, 'OP-02'),
       ('OP02-121', 'OP02-121_p1.png', 4, 'OP-02')
ON CONFLICT DO NOTHING;

INSERT INTO UT_CARD_COLOR (COLOR_ID, CARD_ID)
VALUES (0, 'OP02-001'),
       (0, 'OP02-002'),
       (4, 'OP02-002'),
       (0, 'OP02-003'),
       (0, 'OP02-004'),
       (0, 'OP02-005'),
       (0, 'OP02-006'),
       (0, 'OP02-007'),
       (0, 'OP02-008'),
       (0, 'OP02-009'),
       (0, 'OP02-010'),
       (0, 'OP02-011'),
       (0, 'OP02-012'),
       (0, 'OP02-013'),
       (0, 'OP02-014'),
       (0, 'OP02-015'),
       (0, 'OP02-016'),
       (0, 'OP02-017'),
       (0, 'OP02-018'),
       (0, 'OP02-019'),
       (0, 'OP02-020'),
       (0, 'OP02-021'),
       (0, 'OP02-022'),
       (0, 'OP02-023'),
       (0, 'OP02-024'),
       (1, 'OP02-025'),
       (1, 'OP02-026'),
       (2, 'OP02-026'),
       (1, 'OP02-027'),
       (1, 'OP02-028'),
       (1, 'OP02-029'),
       (1, 'OP02-030'),
       (1, 'OP02-031'),
       (1, 'OP02-032'),
       (1, 'OP02-033'),
       (1, 'OP02-034'),
       (1, 'OP02-035'),
       (1, 'OP02-036'),
       (1, 'OP02-037'),
       (1, 'OP02-038'),
       (1, 'OP02-039'),
       (1, 'OP02-040'),
       (1, 'OP02-041'),
       (1, 'OP02-042'),
       (1, 'OP02-043'),
       (1, 'OP02-044'),
       (1, 'OP02-045'),
       (1, 'OP02-046'),
       (1, 'OP02-047'),
       (1, 'OP02-048'),
       (2, 'OP02-049'),
       (2, 'OP02-050'),
       (2, 'OP02-051'),
       (2, 'OP02-052'),
       (2, 'OP02-053'),
       (2, 'OP02-054'),
       (2, 'OP02-055'),
       (2, 'OP02-056'),
       (2, 'OP02-057'),
       (2, 'OP02-058'),
       (2, 'OP02-059'),
       (2, 'OP02-060'),
       (2, 'OP02-061'),
       (2, 'OP02-062'),
       (2, 'OP02-063'),
       (2, 'OP02-064'),
       (2, 'OP02-065'),
       (2, 'OP02-066'),
       (2, 'OP02-067'),
       (2, 'OP02-068'),
       (2, 'OP02-069'),
       (2, 'OP02-070'),
       (3, 'OP02-071'),
       (3, 'OP02-072'),
       (4, 'OP02-072'),
       (3, 'OP02-073'),
       (3, 'OP02-074'),
       (3, 'OP02-075'),
       (3, 'OP02-076'),
       (3, 'OP02-077'),
       (3, 'OP02-078'),
       (3, 'OP02-079'),
       (3, 'OP02-080'),
       (3, 'OP02-081'),
       (3, 'OP02-082'),
       (3, 'OP02-083'),
       (3, 'OP02-084'),
       (3, 'OP02-085'),
       (3, 'OP02-086'),
       (3, 'OP02-087'),
       (3, 'OP02-088'),
       (3, 'OP02-089'),
       (3, 'OP02-090'),
       (3, 'OP02-091'),
       (3, 'OP02-092'),
       (4, 'OP02-093'),
       (4, 'OP02-094'),
       (4, 'OP02-095'),
       (4, 'OP02-096'),
       (4, 'OP02-097'),
       (4, 'OP02-098'),
       (4, 'OP02-099'),
       (4, 'OP02-100'),
       (4, 'OP02-101'),
       (4, 'OP02-102'),
       (4, 'OP02-103'),
       (4, 'OP02-104'),
       (4, 'OP02-105'),
       (4, 'OP02-106'),
       (4, 'OP02-107'),
       (4, 'OP02-108'),
       (4, 'OP02-109'),
       (4, 'OP02-110'),
       (4, 'OP02-111'),
       (4, 'OP02-112'),
       (4, 'OP02-113'),
       (4, 'OP02-114'),
       (4, 'OP02-115'),
       (4, 'OP02-116'),
       (4, 'OP02-117'),
       (4, 'OP02-118'),
       (4, 'OP02-119'),
       (3, 'OP02-120'),
       (4, 'OP02-121')
ON CONFLICT DO NOTHING;

INSERT INTO UT_CARD_TAG (TAG_ID, CARD_ID)
VALUES (25, 'OP02-001'),
       (51, 'OP02-001'),
       (8, 'OP02-002'),
       (51, 'OP02-003'),
       (25, 'OP02-004'),
       (51, 'OP02-004'),
       (60, 'OP02-005'),
       (51, 'OP02-006'),
       (51, 'OP02-007'),
       (51, 'OP02-008'),
       (53, 'OP02-009'),
       (60, 'OP02-010'),
       (51, 'OP02-011'),
       (51, 'OP02-012'),
       (51, 'OP02-013'),
       (53, 'OP02-014'),
       (52, 'OP02-015'),
       (60, 'OP02-016'),
       (54, 'OP02-017'),
       (51, 'OP02-018'),
       (51, 'OP02-019'),
       (39, 'OP02-020'),
       (53, 'OP02-020'),
       (25, 'OP02-021'),
       (51, 'OP02-021'),
       (51, 'OP02-022'),
       (25, 'OP02-023'),
       (51, 'OP02-023'),
       (51, 'OP02-024'),
       (35, 'OP02-025'),
       (44, 'OP02-025'),
       (0, 'OP02-026'),
       (13, 'OP02-027'),
       (35, 'OP02-027'),
       (44, 'OP02-027'),
       (28, 'OP02-028'),
       (0, 'OP02-028'),
       (13, 'OP02-029'),
       (35, 'OP02-030'),
       (43, 'OP02-030'),
       (35, 'OP02-031'),
       (43, 'OP02-031'),
       (13, 'OP02-032'),
       (28, 'OP02-033'),
       (4, 'OP02-033'),
       (0, 'OP02-033'),
       (28, 'OP02-034'),
       (2, 'OP02-034'),
       (0, 'OP02-034'),
       (28, 'OP02-035'),
       (1, 'OP02-035'),
       (11, 'OP02-035'),
       (28, 'OP02-036'),
       (0, 'OP02-036'),
       (28, 'OP02-037'),
       (0, 'OP02-037'),
       (13, 'OP02-038'),
       (35, 'OP02-038'),
       (44, 'OP02-038'),
       (28, 'OP02-039'),
       (0, 'OP02-039'),
       (28, 'OP02-040'),
       (0, 'OP02-040'),
       (28, 'OP02-041'),
       (1, 'OP02-041'),
       (0, 'OP02-041'),
       (35, 'OP02-042'),
       (28, 'OP02-043'),
       (1, 'OP02-043'),
       (0, 'OP02-043'),
       (13, 'OP02-044'),
       (28, 'OP02-045'),
       (1, 'OP02-045'),
       (0, 'OP02-045'),
       (28, 'OP02-046'),
       (0, 'OP02-046'),
       (35, 'OP02-047'),
       (43, 'OP02-047'),
       (35, 'OP02-048'),
       (55, 'OP02-049'),
       (20, 'OP02-049'),
       (55, 'OP02-050'),
       (20, 'OP02-050'),
       (55, 'OP02-051'),
       (20, 'OP02-051'),
       (46, 'OP02-052'),
       (55, 'OP02-053'),
       (57, 'OP02-053'),
       (15, 'OP02-054'),
       (17, 'OP02-054'),
       (15, 'OP02-055'),
       (15, 'OP02-056'),
       (19, 'OP02-056'),
       (15, 'OP02-057'),
       (20, 'OP02-057'),
       (55, 'OP02-058'),
       (46, 'OP02-058'),
       (55, 'OP02-059'),
       (15, 'OP02-059'),
       (23, 'OP02-059'),
       (46, 'OP02-060'),
       (39, 'OP02-061'),
       (20, 'OP02-061'),
       (55, 'OP02-062'),
       (0, 'OP02-062'),
       (55, 'OP02-063'),
       (57, 'OP02-063'),
       (55, 'OP02-064'),
       (57, 'OP02-064'),
       (55, 'OP02-065'),
       (57, 'OP02-065'),
       (55, 'OP02-066'),
       (4, 'OP02-067'),
       (55, 'OP02-067'),
       (55, 'OP02-068'),
       (0, 'OP02-068'),
       (55, 'OP02-069'),
       (20, 'OP02-069'),
       (55, 'OP02-070'),
       (55, 'OP02-071'),
       (28, 'OP02-072'),
       (29, 'OP02-072'),
       (55, 'OP02-073'),
       (55, 'OP02-074'),
       (28, 'OP02-075'),
       (32, 'OP02-075'),
       (55, 'OP02-076'),
       (26, 'OP02-077'),
       (27, 'OP02-077'),
       (26, 'OP02-078'),
       (27, 'OP02-078'),
       (28, 'OP02-079'),
       (30, 'OP02-079'),
       (26, 'OP02-080'),
       (27, 'OP02-080'),
       (55, 'OP02-081'),
       (56, 'OP02-082'),
       (55, 'OP02-083'),
       (2, 'OP02-084'),
       (55, 'OP02-084'),
       (55, 'OP02-085'),
       (55, 'OP02-086'),
       (58, 'OP02-086'),
       (55, 'OP02-087'),
       (58, 'OP02-087'),
       (2, 'OP02-088'),
       (55, 'OP02-088'),
       (55, 'OP02-089'),
       (55, 'OP02-090'),
       (55, 'OP02-091'),
       (55, 'OP02-092'),
       (8, 'OP02-093'),
       (8, 'OP02-094'),
       (8, 'OP02-095'),
       (8, 'OP02-096'),
       (8, 'OP02-097'),
       (8, 'OP02-098'),
       (8, 'OP02-099'),
       (8, 'OP02-100'),
       (8, 'OP02-101'),
       (8, 'OP02-102'),
       (8, 'OP02-103'),
       (8, 'OP02-104'),
       (8, 'OP02-105'),
       (8, 'OP02-106'),
       (8, 'OP02-107'),
       (8, 'OP02-108'),
       (19, 'OP02-108'),
       (39, 'OP02-109'),
       (8, 'OP02-109'),
       (8, 'OP02-110'),
       (8, 'OP02-111'),
       (8, 'OP02-112'),
       (8, 'OP02-113'),
       (8, 'OP02-114'),
       (8, 'OP02-115'),
       (8, 'OP02-116'),
       (8, 'OP02-117'),
       (8, 'OP02-118'),
       (8, 'OP02-119'),
       (28, 'OP02-120'),
       (59, 'OP02-121')
ON CONFLICT DO NOTHING;

INSERT INTO UT_CARD_DESCRIPTION (CARD_ID, LANGUAGE_CODE, NAME, EFFECT)
VALUES ('OP02-001', 'en', 'Edward.Newgate',
        '[End of Your Turn] Add 1 card from the top of your Life cards to your hand.'),
       ('OP02-001', 'fr', 'Edward.Newgate',
        '[End of Your Turn] Add 1 card from the top of your Life cards to your hand.'),
       ('OP02-002', 'en', 'Monkey.D.Garp',
        '[Your Turn] When this Leader or 1 of your Characters is given a DON!! card, give up to 1 of your opponent''s Characters with a cost of 7 or less −1 cost during this turn.'),
       ('OP02-002', 'fr', 'Monkey.D.Garp',
        '[Your Turn] When this Leader or 1 of your Characters is given a DON!! card, give up to 1 of your opponent''s Characters with a cost of 7 or less −1 cost during this turn.'),
       ('OP02-003', 'en', 'Atmos', NULL),
       ('OP02-003', 'fr', 'Atmos', NULL),
       ('OP02-004', 'en', 'Edward.Newgate',
        '[On Play] Up to 1 of your Leader gains +2000 power until the start of your next turn. Then, you cannot add Life cards to your hand using your own effects during this turn. \n [DON!! x2] [When Attacking] K.O. up to 1 of your opponent''s Characters with 3000 power or less.'),
       ('OP02-004', 'fr', 'Edward.Newgate',
        '[On Play] Up to 1 of your Leader gains +2000 power until the start of your next turn. Then, you cannot add Life cards to your hand using your own effects during this turn. \n [DON!! x2] [When Attacking] K.O. up to 1 of your opponent''s Characters with 3000 power or less.'),
       ('OP02-005', 'en', 'Curly.Dadan',
        '[On Play] Look at up to 5 cards from the top of your deck; reveal up to 1 red Character with a cost of 1 and add it to your hand. Then, place the rest at the bottom of your deck in any order.'),
       ('OP02-005', 'fr', 'Curly.Dadan',
        '[On Play] Look at up to 5 cards from the top of your deck; reveal up to 1 red Character with a cost of 1 and add it to your hand. Then, place the rest at the bottom of your deck in any order.'),
       ('OP02-006', 'en', 'Kingdew', NULL),
       ('OP02-006', 'fr', 'Kingdew', NULL),
       ('OP02-007', 'en', 'Thatch', NULL),
       ('OP02-007', 'fr', 'Thatch', NULL),
       ('OP02-008', 'en', 'Jozu',
        '[DON!! x1] If you have 2 or less Life cards and your Leader''s type includes "Whitebeard Pirates", this Character gains [Rush]. \n (This card can attack on the turn in which it is played.)'),
       ('OP02-008', 'fr', 'Jozu',
        '[DON!! x1] If you have 2 or less Life cards and your Leader''s type includes "Whitebeard Pirates", this Character gains [Rush]. \n (This card can attack on the turn in which it is played.)'),
       ('OP02-009', 'en', 'Squard',
        '[On Play] If your Leader''s type includes "Whitebeard Pirates", give up to 1 of your opponent''s Characters −4000 power during this turn and add 1 card from the top of your Life cards to your hand.'),
       ('OP02-009', 'fr', 'Squard',
        '[On Play] If your Leader''s type includes "Whitebeard Pirates", give up to 1 of your opponent''s Characters −4000 power during this turn and add 1 card from the top of your Life cards to your hand.'),
       ('OP02-010', 'en', 'Dogura',
        '[Activate: Main] You may rest this Character: Play up to 1 red Character other than [Dogura] with a cost of 1 from your hand.'),
       ('OP02-010', 'fr', 'Dogura',
        '[Activate: Main] You may rest this Character: Play up to 1 red Character other than [Dogura] with a cost of 1 from your hand.'),
       ('OP02-011', 'en', 'Vista', '[On Play] K.O. up to 1 of your opponent''s Characters with 3000 power or less.'),
       ('OP02-011', 'fr', 'Vista', '[On Play] K.O. up to 1 of your opponent''s Characters with 3000 power or less.'),
       ('OP02-012', 'en', 'Blenheim',
        '[Blocker] (After your opponent declares an attack, you may rest this card to make it the new target of the attack.)'),
       ('OP02-012', 'fr', 'Blenheim',
        '[Blocker] (After your opponent declares an attack, you may rest this card to make it the new target of the attack.)'),
       ('OP02-013', 'en', 'Portgas.D.Ace',
        '[On Play] Give up to 2 of your opponent''s Characters −3000 power during this turn. Then, if your Leader''s type includes "Whitebeard Pirates", this Character gains [Rush] during this turn. \n (This card can attack on the turn in which it is played.)'),
       ('OP02-013', 'fr', 'Portgas.D.Ace',
        '[On Play] Give up to 2 of your opponent''s Characters −3000 power during this turn. Then, if your Leader''s type includes "Whitebeard Pirates", this Character gains [Rush] during this turn. \n (This card can attack on the turn in which it is played.)'),
       ('OP02-014', 'en', 'Whitey Bay',
        '[DON!! x1] This Character can also attack your opponent''s active Characters.'),
       ('OP02-014', 'fr', 'Whitey Bay',
        '[DON!! x1] This Character can also attack your opponent''s active Characters.'),
       ('OP02-015', 'en', 'Makino',
        '[Activate: Main] You may rest this Character: Up to 1 of your red Characters with a cost of 1 gains +3000 power during this turn.'),
       ('OP02-015', 'fr', 'Makino',
        '[Activate: Main] You may rest this Character: Up to 1 of your red Characters with a cost of 1 gains +3000 power during this turn.'),
       ('OP02-016', 'en', 'Magura',
        '[On Play] Up to 1 of your red Characters with a cost of 1 gains +3000 power during this turn.'),
       ('OP02-016', 'fr', 'Magura',
        '[On Play] Up to 1 of your red Characters with a cost of 1 gains +3000 power during this turn.'),
       ('OP02-017', 'en', 'Masked Deuce',
        '[DON!! x2] [When Attacking] K.O. up to 1 of your opponent''s Characters with 2000 power or less.'),
       ('OP02-017', 'fr', 'Masked Deuce',
        '[DON!! x2] [When Attacking] K.O. up to 1 of your opponent''s Characters with 2000 power or less.'),
       ('OP02-018', 'en', 'Marco',
        '[Blocker] (After your opponent declares an attack, you may rest this card to make it the new target of the attack.) \n [On K.O.] You may trash 1 card with a type including "Whitebeard Pirates" from your hand: If you have 2 or less Life cards, play this Character card from your trash rested.'),
       ('OP02-018', 'fr', 'Marco',
        '[Blocker] (After your opponent declares an attack, you may rest this card to make it the new target of the attack.) \n [On K.O.] You may trash 1 card with a type including "Whitebeard Pirates" from your hand: If you have 2 or less Life cards, play this Character card from your trash rested.'),
       ('OP02-019', 'en', 'Rakuyo',
        '[DON!! x1] [Your Turn] All of your Characters with a type including "Whitebeard Pirates" gain +1000 power.'),
       ('OP02-019', 'fr', 'Rakuyo',
        '[DON!! x1] [Your Turn] All of your Characters with a type including "Whitebeard Pirates" gain +1000 power.'),
       ('OP02-020', 'en', 'LittleOars Jr.', NULL),
       ('OP02-020', 'fr', 'LittleOars Jr.', NULL),
       ('OP02-021', 'en', 'Seaquake',
        '[Main] If your Leader''s type includes "Whitebeard Pirates", K.O. up to 1 of your opponent''s Characters with 3000 power or less. \n [Trigger] Give up to 1 of your opponent''s Leader or Character cards −3000 power during this turn.'),
       ('OP02-021', 'fr', 'Seaquake',
        '[Main] If your Leader''s type includes "Whitebeard Pirates", K.O. up to 1 of your opponent''s Characters with 3000 power or less. \n [Trigger] Give up to 1 of your opponent''s Leader or Character cards −3000 power during this turn.'),
       ('OP02-022', 'en', 'Whitebeard Pirates',
        '[Main] Look at 5 cards from the top of your deck; reveal up to 1 Character card with a type including "Whitebeard Pirates" and add it to your hand. Then, place the rest at the bottom of your deck in any order. \n [Trigger] Activate this card''s [Main] effect.'),
       ('OP02-022', 'fr', 'Whitebeard Pirates',
        '[Main] Look at 5 cards from the top of your deck; reveal up to 1 Character card with a type including "Whitebeard Pirates" and add it to your hand. Then, place the rest at the bottom of your deck in any order. \n [Trigger] Activate this card''s [Main] effect.'),
       ('OP02-023', 'en', 'You May Be a Fool...but I Still Love You',
        '[Main] If you have 3 or less Life cards, you cannot add Life cards to your hand using your own effects during this turn. \n [Trigger] Up to 1 of your Leader gains +1000 power during this turn.'),
       ('OP02-023', 'fr', 'You May Be a Fool...but I Still Love You',
        '[Main] If you have 3 or less Life cards, you cannot add Life cards to your hand using your own effects during this turn. \n [Trigger] Up to 1 of your Leader gains +1000 power during this turn.'),
       ('OP02-024', 'en', 'Moby Dick',
        '[Your Turn] If you have 1 or less Life cards, your [Edward.Newgate] and all your Characters with a type including "Whitebeard Pirates" gain +2000 power. \n [Trigger] Play this card.'),
       ('OP02-024', 'fr', 'Moby Dick',
        '[Your Turn] If you have 1 or less Life cards, your [Edward.Newgate] and all your Characters with a type including "Whitebeard Pirates" gain +2000 power. \n [Trigger] Play this card.'),
       ('OP02-025', 'en', 'Kinemon', '[Activate: Main] [Once Per Turn] If you have 1 or less Characters,
        the next time you play a {Land of Wano} type Character card with a cost of 3 or more from your hand during this turn,
        the cost will be reduced by 1.'),
       ('OP02-025', 'fr', 'Kinemon',
        '[Activate: Main] [Once Per Turn] If you have 1 or less Characters, the next time you play a {Land of Wano} type Character card with a cost of 3 or more from your hand during this turn, the cost will be reduced by 1.'),
       ('OP02-026', 'en', 'Sanji',
        '[Once Per Turn] When you play a Character with no base effect from your hand, if you have 3 or less Characters, set up to 2 of your DON!! cards as active.'),
       ('OP02-026', 'fr', 'Sanji',
        '[Once Per Turn] When you play a Character with no base effect from your hand, if you have 3 or less Characters, set up to 2 of your DON!! cards as active.'),
       ('OP02-027', 'en', 'Inuarashi',
        'If all of your DON!! cards are rested, this Character cannot be removed from the field by your opponent''s effects.'),
       ('OP02-027', 'fr', 'Inuarashi',
        'If all of your DON!! cards are rested, this Character cannot be removed from the field by your opponent''s effects.'),
       ('OP02-028', 'en', 'Usopp', NULL),
       ('OP02-028', 'fr', 'Usopp', NULL),
       ('OP02-029', 'en', 'Carrot', '[End of Your Turn] Set up to 1 of your DON!! cards as active.'),
       ('OP02-029', 'fr', 'Carrot', '[End of Your Turn] Set up to 1 of your DON!! cards as active.'),
       ('OP02-030', 'en', 'Kouzuki Oden',
        '[Activate: Main] [Once Per Turn] ③ (You may rest the specified number of DON!! cards in your cost area.): Set this Character as active. \n [On K.O.] Play up to 1 green {Land of Wano} type Character card with a cost of 3 from your deck. Then, shuffle your deck.'),
       ('OP02-030', 'fr', 'Kouzuki Oden',
        '[Activate: Main] [Once Per Turn] ③ (You may rest the specified number of DON!! cards in your cost area.): Set this Character as active. \n [On K.O.] Play up to 1 green {Land of Wano} type Character card with a cost of 3 from your deck. Then, shuffle your deck.'),
       ('OP02-031', 'en', 'Kouzuki Toki',
        'If you have a [Kouzuki Oden] Character, this Character gains [Blocker]. \n (After your opponent declares an attack, you may rest this card to make it the new target of the attack.)'),
       ('OP02-031', 'fr', 'Kouzuki Toki',
        'If you have a [Kouzuki Oden] Character, this Character gains [Blocker]. \n (After your opponent declares an attack, you may rest this card to make it the new target of the attack.)'),
       ('OP02-032', 'en', 'Shishilian',
        '[On Play] ② (You may rest the specified number of DON!! cards in your cost area.): Set up to 1 of your {Minks} type Characters with a cost of 5 or less as active.'),
       ('OP02-032', 'fr', 'Shishilian',
        '[On Play] ② (You may rest the specified number of DON!! cards in your cost area.): Set up to 1 of your {Minks} type Characters with a cost of 5 or less as active.'),
       ('OP02-033', 'en', 'Jinbe', NULL),
       ('OP02-033', 'fr', 'Jinbe', NULL),
       ('OP02-034', 'en', 'Tony Tony.Chopper',
        '[DON!! x1] [When Attacking] Rest up to 1 of your opponent''s Characters with a cost of 2 or less.'),
       ('OP02-034', 'fr', 'Tony Tony.Chopper',
        '[DON!! x1] [When Attacking] Rest up to 1 of your opponent''s Characters with a cost of 2 or less.'),
       ('OP02-035', 'en', 'Trafalgar Law',
        '[Activate: Main] ➀ (You may rest the specified number of DON!! cards in your cost area.) You may return this Character to the owner''s hand: Play up to 1 Character with a cost of 3 from your hand.'),
       ('OP02-035', 'fr', 'Trafalgar Law',
        '[Activate: Main] ➀ (You may rest the specified number of DON!! cards in your cost area.) You may return this Character to the owner''s hand: Play up to 1 Character with a cost of 3 from your hand.'),
       ('OP02-036', 'en', 'Nami',
        '[On Play]/[When Attacking] ➀ (You may rest the specified number of DON!! cards in your cost area.): Look at 3 cards from the top of your deck; reveal up to 1 {FILM} type card other than [Nami] and add it to your hand. Then, place the rest at the bottom of your deck in any order.'),
       ('OP02-036', 'fr', 'Nami',
        '[On Play]/[When Attacking] ➀ (You may rest the specified number of DON!! cards in your cost area.): Look at 3 cards from the top of your deck; reveal up to 1 {FILM} type card other than [Nami] and add it to your hand. Then, place the rest at the bottom of your deck in any order.'),
       ('OP02-037', 'en', 'Nico Robin',
        '[On Play] Play up to 1 {FILM} or {Straw Hat Crew} type Character card with a cost of 2 or less from your hand.'),
       ('OP02-037', 'fr', 'Nico Robin',
        '[On Play] Play up to 1 {FILM} or {Straw Hat Crew} type Character card with a cost of 2 or less from your hand.'),
       ('OP02-038', 'en', 'Nekomamushi',
        '[Blocker] (After your opponent declares an attack, you may rest this card to make it the new target of the attack.)'),
       ('OP02-038', 'fr', 'Nekomamushi',
        '[Blocker] (After your opponent declares an attack, you may rest this card to make it the new target of the attack.)'),
       ('OP02-039', 'en', 'Franky', NULL),
       ('OP02-039', 'fr', 'Franky', NULL),
       ('OP02-040', 'en', 'Brook',
        '[On Play] Play up to 1 {FILM} or {Straw Hat Crew} type Character card with a cost of 3 or less from your hand.'),
       ('OP02-040', 'fr', 'Brook',
        '[On Play] Play up to 1 {FILM} or {Straw Hat Crew} type Character card with a cost of 3 or less from your hand.'),
       ('OP02-041', 'en', 'Monkey.D.Luffy',
        '[Blocker] (After your opponent declares an attack, you may rest this card to make it the new target of the attack.) \n [On Play] Play up to 1 {FILM} or {Straw Hat Crew} type Character card with a cost of 4 or less from your hand.'),
       ('OP02-041', 'fr', 'Monkey.D.Luffy',
        '[Blocker] (After your opponent declares an attack, you may rest this card to make it the new target of the attack.) \n [On Play] Play up to 1 {FILM} or {Straw Hat Crew} type Character card with a cost of 4 or less from your hand.'),
       ('OP02-042', 'en', 'Yamato',
        'Also treat this card''s name as [Kouzuki Oden] according to the rules. \n [On Play] Rest up to 1 of your opponent''s Characters with a cost of 6 or less.'),
       ('OP02-042', 'fr', 'Yamato',
        'Also treat this card''s name as [Kouzuki Oden] according to the rules. \n [On Play] Rest up to 1 of your opponent''s Characters with a cost of 6 or less.'),
       ('OP02-043', 'en', 'Roronoa Zoro', NULL),
       ('OP02-043', 'fr', 'Roronoa Zoro', NULL),
       ('OP02-044', 'en', 'Wanda',
        '[On Play] Play up to 1 {Minks} type Character card other than [Wanda] with a cost of 3 or less from your hand.'),
       ('OP02-044', 'fr', 'Wanda',
        '[On Play] Play up to 1 {Minks} type Character card other than [Wanda] with a cost of 3 or less from your hand.'),
       ('OP02-045', 'en', 'Three Sword Style Oni Giri',
        '[Counter] Up to 1 of your Leader or Character cards gains +6000 power during this battle. Then, play up to 1 Character card with a cost of 3 or less and no base effect from your hand. \n [Trigger] Rest up to 1 of your opponent''s Leader or Character cards with a cost of 5 or less.'),
       ('OP02-045', 'fr', 'Three Sword Style Oni Giri',
        '[Counter] Up to 1 of your Leader or Character cards gains +6000 power during this battle. Then, play up to 1 Character card with a cost of 3 or less and no base effect from your hand. \n [Trigger] Rest up to 1 of your opponent''s Leader or Character cards with a cost of 5 or less.'),
       ('OP02-046', 'en', 'Diable Jambe Venaison Shoot',
        '[Main] K.O. up to 1 of your opponent''s rested Characters with a cost of 4 or less. \n [Trigger] Play up to 1 Character card with a cost of 4 or less and no base effect from your hand.'),
       ('OP02-046', 'fr', 'Diable Jambe Venaison Shoot',
        '[Main] K.O. up to 1 of your opponent''s rested Characters with a cost of 4 or less. \n [Trigger] Play up to 1 Character card with a cost of 4 or less and no base effect from your hand.'),
       ('OP02-047', 'en', 'Paradise Totsuka',
        '[Main] Rest up to 1 of your opponent''s Characters with a cost of 4 or less. \n [Trigger] K.O. up to 1 of your opponent''s rested Characters with a cost of 3 or less.'),
       ('OP02-047', 'fr', 'Paradise Totsuka',
        '[Main] Rest up to 1 of your opponent''s Characters with a cost of 4 or less. \n [Trigger] K.O. up to 1 of your opponent''s rested Characters with a cost of 3 or less.'),
       ('OP02-048', 'en', 'Land of Wano',
        '[Activate: Main] You may trash 1 {Land of Wano} type card from your hand and rest this Stage: Set up to 1 of your DON!! cards as active.'),
       ('OP02-048', 'fr', 'Land of Wano',
        '[Activate: Main] You may trash 1 {Land of Wano} type card from your hand and rest this Stage: Set up to 1 of your DON!! cards as active.'),
       ('OP02-049', 'en', 'Emporio.Ivankov', '[End of Your Turn] If you have 0 cards in your hand, draw 2 cards.'),
       ('OP02-049', 'fr', 'Emporio.Ivankov', '[End of Your Turn] If you have 0 cards in your hand, draw 2 cards.'),
       ('OP02-050', 'en', 'Inazuma',
        'If you have 1 or less cards in your hand, this Character gains +2000 power. \n [Blocker] (After your opponent declares an attack, you may rest this card to make it the new target of the attack.)'),
       ('OP02-050', 'fr', 'Inazuma',
        'If you have 1 or less cards in your hand, this Character gains +2000 power. \n [Blocker] (After your opponent declares an attack, you may rest this card to make it the new target of the attack.)'),
       ('OP02-051', 'en', 'Emporio.Ivankov',
        '[On Play] Draw card(s) so that you have 3 cards in your hand and then play up to 1 blue {Impel Down} type Character card with a cost of 6 or less from your hand.'),
       ('OP02-051', 'fr', 'Emporio.Ivankov',
        '[On Play] Draw card(s) so that you have 3 cards in your hand and then play up to 1 blue {Impel Down} type Character card with a cost of 6 or less from your hand.'),
       ('OP02-052', 'en', 'Cabaji', '[On Play] If you have [Mohji], draw 2 cards and trash 1 card from your hand.'),
       ('OP02-052', 'fr', 'Cabaji', '[On Play] If you have [Mohji], draw 2 cards and trash 1 card from your hand.'),
       ('OP02-053', 'en', 'Crocodile', NULL),
       ('OP02-053', 'fr', 'Crocodile', NULL),
       ('OP02-054', 'en', 'Gecko Moria', NULL),
       ('OP02-054', 'fr', 'Gecko Moria', NULL),
       ('OP02-055', 'en', 'Dracule Mihawk', NULL),
       ('OP02-055', 'fr', 'Dracule Mihawk', NULL),
       ('OP02-056', 'en', 'Donquixote Doflamingo',
        '[On Play] Look at 3 cards from the top of your deck and place them at the top or bottom of the deck in any order. \n [DON!! x1] [When Attacking] You may trash 1 card from your hand: Place up to 1 of your opponent''s Characters with a cost of 1 or less at the bottom of the owner''s deck.'),
       ('OP02-056', 'fr', 'Donquixote Doflamingo',
        '[On Play] Look at 3 cards from the top of your deck and place them at the top or bottom of the deck in any order. \n [DON!! x1] [When Attacking] You may trash 1 card from your hand: Place up to 1 of your opponent''s Characters with a cost of 1 or less at the bottom of the owner''s deck.'),
       ('OP02-057', 'en', 'Bartholomew Kuma',
        '[On Play] Look at 2 cards from the top of your deck; reveal up to 1 {The Seven Warlords of the Sea} type card and add it to your hand. Then, place the rest at the top or bottom of the deck in any order.'),
       ('OP02-057', 'fr', 'Bartholomew Kuma',
        '[On Play] Look at 2 cards from the top of your deck; reveal up to 1 {The Seven Warlords of the Sea} type card and add it to your hand. Then, place the rest at the top or bottom of the deck in any order.'),
       ('OP02-058', 'en', 'Buggy',
        '[On Play] Look at 5 cards from the top of your deck; reveal up to 1 blue {Impel Down} type card other than [Buggy] and add it to your hand. Then, place the rest at the bottom of your deck in any order.'),
       ('OP02-058', 'fr', 'Buggy',
        '[On Play] Look at 5 cards from the top of your deck; reveal up to 1 blue {Impel Down} type card other than [Buggy] and add it to your hand. Then, place the rest at the bottom of your deck in any order.'),
       ('OP02-059', 'en', 'Boa Hancock',
        '[When Attacking] Draw 1 card and trash 1 card from your hand. Then, trash up to 3 cards from your hand.'),
       ('OP02-059', 'fr', 'Boa Hancock',
        '[When Attacking] Draw 1 card and trash 1 card from your hand. Then, trash up to 3 cards from your hand.'),
       ('OP02-060', 'en', 'Mohji', NULL),
       ('OP02-060', 'fr', 'Mohji', NULL),
       ('OP02-061', 'en', 'Morley',
        '[When Attacking] If you have 1 or less cards in your hand, your opponent cannot activate the [Blocker] of any Character with a cost of 5 or less during this battle.'),
       ('OP02-061', 'fr', 'Morley',
        '[When Attacking] If you have 1 or less cards in your hand, your opponent cannot activate the [Blocker] of any Character with a cost of 5 or less during this battle.'),
       ('OP02-062', 'en', 'Monkey.D.Luffy',
        '[On Play]/[When Attacking] You may trash 2 cards from your hand: Return up to 1 Character with a cost of 4 or less to the owner''s hand. Then, this Character gains [Double Attack] during this turn. \n (This card deals 2 damage.)'),
       ('OP02-062', 'fr', 'Monkey.D.Luffy',
        '[On Play]/[When Attacking] You may trash 2 cards from your hand: Return up to 1 Character with a cost of 4 or less to the owner''s hand. Then, this Character gains [Double Attack] during this turn. \n (This card deals 2 damage.)'),
       ('OP02-063', 'en', 'Mr.1(Daz.Bonez)',
        '[On Play] Add up to 1 blue Event card with a cost of 1 from your trash to your hand.'),
       ('OP02-063', 'fr', 'Mr.1(Daz.Bonez)',
        '[On Play] Add up to 1 blue Event card with a cost of 1 from your trash to your hand.'),
       ('OP02-064', 'en', 'Mr.2.Bon.Kurei(Bentham)',
        '[DON!! x1] [When Attacking] You may trash 1 card from your hand: Place up to 1 Character with a cost of 2 or less at the bottom of the owner''s deck. Then, at the end of this battle, place this Character at the bottom of the owner''s deck.'),
       ('OP02-064', 'fr', 'Mr.2.Bon.Kurei(Bentham)',
        '[DON!! x1] [When Attacking] You may trash 1 card from your hand: Place up to 1 Character with a cost of 2 or less at the bottom of the owner''s deck. Then, at the end of this battle, place this Character at the bottom of the owner''s deck.'),
       ('OP02-065', 'en', 'Mr.3(Galdino)',
        '[Blocker] (After your opponent declares an attack, you may rest this card to make it the new target of the attack.) \n [End of Your Turn] You may trash 1 card from your hand: Set this Character as active.'),
       ('OP02-065', 'fr', 'Mr.3(Galdino)',
        '[Blocker] (After your opponent declares an attack, you may rest this card to make it the new target of the attack.) \n [End of Your Turn] You may trash 1 card from your hand: Set this Character as active.'),
       ('OP02-066', 'en', 'Impel Down All Stars',
        '[Main] You may trash 2 cards from your hand: If your Leader has the {Impel Down} type, draw up to 2 cards. \n [Trigger] Draw 2 cards.'),
       ('OP02-066', 'fr', 'Impel Down All Stars',
        '[Main] You may trash 2 cards from your hand: If your Leader has the {Impel Down} type, draw up to 2 cards. \n [Trigger] Draw 2 cards.'),
       ('OP02-067', 'en', 'Arabesque Brick Fist',
        '[Main] Return up to 1 Character with a cost of 4 or less to the owner''s hand. \n [Trigger] Activate this card''s [Main] effect.'),
       ('OP02-067', 'fr', 'Arabesque Brick Fist',
        '[Main] Return up to 1 Character with a cost of 4 or less to the owner''s hand. \n [Trigger] Activate this card''s [Main] effect.'),
       ('OP02-068', 'en', 'Gum-Gum Rain',
        '[Counter] You may trash 1 card from your hand: Up to 1 of your Leader or Character cards gains +3000 power during this battle. \n [Trigger] Return up to 1 Character with a cost of 2 or less to the owner''s hand.'),
       ('OP02-068', 'fr', 'Gum-Gum Rain',
        '[Counter] You may trash 1 card from your hand: Up to 1 of your Leader or Character cards gains +3000 power during this battle. \n [Trigger] Return up to 1 Character with a cost of 2 or less to the owner''s hand.'),
       ('OP02-069', 'en', 'DEATH WINK',
        '[Counter] Up to 1 of your Leader or Character cards gains +6000 power during this battle. Then, draw cards so that you have 2 cards in your hand. \n [Trigger] Return up to 1 Character with a cost of 7 or less to the owner''s hand.'),
       ('OP02-069', 'fr', 'DEATH WINK',
        '[Counter] Up to 1 of your Leader or Character cards gains +6000 power during this battle. Then, draw cards so that you have 2 cards in your hand. \n [Trigger] Return up to 1 Character with a cost of 7 or less to the owner''s hand.'),
       ('OP02-070', 'en', 'New Kama Land',
        '[Activate: Main] You may rest this Stage: If your Leader is [Emporio.Ivankov], draw 1 card and trash 1 card from your hand. Then, trash up to 3 cards from your hand.'),
       ('OP02-070', 'fr', 'New Kama Land',
        '[Activate: Main] You may rest this Stage: If your Leader is [Emporio.Ivankov], draw 1 card and trash 1 card from your hand. Then, trash up to 3 cards from your hand.'),
       ('OP02-071', 'en', 'Magellan',
        '[Your Turn] [Once Per Turn] When a DON!! card on your field is returned to your DON!! deck, this Leader gains +1000 power during this turn.'),
       ('OP02-071', 'fr', 'Magellan',
        '[Your Turn] [Once Per Turn] When a DON!! card on your field is returned to your DON!! deck, this Leader gains +1000 power during this turn.'),
       ('OP02-072', 'en', 'Zephyr',
        '[When Attacking] DON!! −4 (You may return the specified number of DON!! cards from your field to your DON!! deck.): K.O. up to 1 of your opponent''s Characters with a cost of 3 or less. Then, this Leader gains +1000 power during this turn.'),
       ('OP02-072', 'fr', 'Zephyr',
        '[When Attacking] DON!! −4 (You may return the specified number of DON!! cards from your field to your DON!! deck.): K.O. up to 1 of your opponent''s Characters with a cost of 3 or less. Then, this Leader gains +1000 power during this turn.'),
       ('OP02-073', 'en', 'Little Sadi', '[On Play] Play up to 1 {Jailer Beast} type Character card from your hand.'),
       ('OP02-073', 'fr', 'Little Sadi', '[On Play] Play up to 1 {Jailer Beast} type Character card from your hand.'),
       ('OP02-074', 'en', 'Saldeath',
        'Your [Blugori] gains [Blocker]. \n (After your opponent declares an attack, you may rest this card to make it the new target of the attack.)'),
       ('OP02-074', 'fr', 'Saldeath',
        'Your [Blugori] gains [Blocker]. \n (After your opponent declares an attack, you may rest this card to make it the new target of the attack.)'),
       ('OP02-075', 'en', 'Shiki',
        '[Trigger] DON!! −1 (You may return the specified number of DON!! cards from your field to your DON!! deck.): Play this card.'),
       ('OP02-075', 'fr', 'Shiki',
        '[Trigger] DON!! −1 (You may return the specified number of DON!! cards from your field to your DON!! deck.): Play this card.'),
       ('OP02-076', 'en', 'Shiryu',
        '[On Play] DON!! −1 (You may return the specified number of DON!! cards from your field to your DON!! deck.): K.O. up to 1 of your opponent''s Characters with a cost of 1 or less.'),
       ('OP02-076', 'fr', 'Shiryu',
        '[On Play] DON!! −1 (You may return the specified number of DON!! cards from your field to your DON!! deck.): K.O. up to 1 of your opponent''s Characters with a cost of 1 or less.'),
       ('OP02-077', 'en', 'Solitaire', NULL),
       ('OP02-077', 'fr', 'Solitaire', NULL),
       ('OP02-078', 'en', 'Daifugo',
        '[On Play] DON!! −2 (You may return the specified number of DON!! cards from your field to your DON!! deck.): Play up to 1 {SMILE} type Character card other than [Daifugo] with a cost of 3 or less from your hand.'),
       ('OP02-078', 'fr', 'Daifugo',
        '[On Play] DON!! −2 (You may return the specified number of DON!! cards from your field to your DON!! deck.): Play up to 1 {SMILE} type Character card other than [Daifugo] with a cost of 3 or less from your hand.'),
       ('OP02-079', 'en', 'Douglas Bullet',
        '[On Play] DON!! −1 (You may return the specified number of DON!! cards from your field to your DON!! deck.): Rest up to 1 of your opponent''s Characters with a cost of 4 or less.'),
       ('OP02-079', 'fr', 'Douglas Bullet',
        '[On Play] DON!! −1 (You may return the specified number of DON!! cards from your field to your DON!! deck.): Rest up to 1 of your opponent''s Characters with a cost of 4 or less.'),
       ('OP02-080', 'en', 'Dobon', NULL),
       ('OP02-080', 'fr', 'Dobon', NULL),
       ('OP02-081', 'en', 'Domino',
        '[Blocker] (After your opponent declares an attack, you may rest this card to make it the new target of the attack.)'),
       ('OP02-081', 'fr', 'Domino',
        '[Blocker] (After your opponent declares an attack, you may rest this card to make it the new target of the attack.)'),
       ('OP02-082', 'en', 'Byrnndi World',
        '[Activate: Main] DON!! −8 (You may return the specified number of DON!! cards from your field to your DON!! deck.): This Character gains +792000 power during this turn.'),
       ('OP02-082', 'fr', 'Byrnndi World',
        '[Activate: Main] DON!! −8 (You may return the specified number of DON!! cards from your field to your DON!! deck.): This Character gains +792000 power during this turn.'),
       ('OP02-083', 'en', 'Hannyabal',
        '[On Play] Look at 5 cards from the top of your deck; reveal up to 1 purple {Impel Down} type card other than [Hannyabal] and add it to your hand. Then, place the rest at the bottom of your deck in any order.'),
       ('OP02-083', 'fr', 'Hannyabal',
        '[On Play] Look at 5 cards from the top of your deck; reveal up to 1 purple {Impel Down} type card other than [Hannyabal] and add it to your hand. Then, place the rest at the bottom of your deck in any order.'),
       ('OP02-084', 'en', 'Blugori', NULL),
       ('OP02-084', 'fr', 'Blugori', NULL),
       ('OP02-085', 'en', 'Magellan',
        '[On Play] DON!! −1 (You may return the specified number of DON!! cards from your field to your DON!! deck.): Your opponent returns 1 DON!! card from their field to their DON!! deck. \n [Opponent''s Turn] When this Character is K.O.''d, your opponent returns 2 DON!! cards from their field to their DON!! deck.'),
       ('OP02-085', 'fr', 'Magellan',
        '[On Play] DON!! −1 (You may return the specified number of DON!! cards from your field to your DON!! deck.): Your opponent returns 1 DON!! card from their field to their DON!! deck. \n [Opponent''s Turn] When this Character is K.O.''d, your opponent returns 2 DON!! cards from their field to their DON!! deck.'),
       ('OP02-086', 'en', 'Minokoala',
        '[Blocker] (After your opponent declares an attack, you may rest this card to make it the new target of the attack.) \n [On K.O.] If your Leader has the {Impel Down} type, add up to 1 DON!! card from your DON!! deck and rest it.'),
       ('OP02-086', 'fr', 'Minokoala',
        '[Blocker] (After your opponent declares an attack, you may rest this card to make it the new target of the attack.) \n [On K.O.] If your Leader has the {Impel Down} type, add up to 1 DON!! card from your DON!! deck and rest it.'),
       ('OP02-087', 'en', 'Minotaur',
        '[Double Attack] (This card deals 2 damage.) \n [On K.O.] If your Leader has the {Impel Down} type, add up to 1 DON!! card from your DON!! deck and rest it.'),
       ('OP02-087', 'fr', 'Minotaur',
        '[Double Attack] (This card deals 2 damage.) \n [On K.O.] If your Leader has the {Impel Down} type, add up to 1 DON!! card from your DON!! deck and rest it.'),
       ('OP02-088', 'en', 'Sphinx', NULL),
       ('OP02-088', 'fr', 'Sphinx', NULL),
       ('OP02-089', 'en', 'Judgment of Hell',
        '[Counter] DON!! −1 (You may return the specified number of DON!! cards from your field to your DON!! deck.): Give up to a total of 2 of your opponent''s Leader or Character cards −3000 power during this turn. \n [Trigger] If your opponent has 6 or more DON!! cards on their field, your opponent returns 1 DON!! card from their field to their DON!! deck.'),
       ('OP02-089', 'fr', 'Judgment of Hell',
        '[Counter] DON!! −1 (You may return the specified number of DON!! cards from your field to your DON!! deck.): Give up to a total of 2 of your opponent''s Leader or Character cards −3000 power during this turn. \n [Trigger] If your opponent has 6 or more DON!! cards on their field, your opponent returns 1 DON!! card from their field to their DON!! deck.'),
       ('OP02-090', 'en', 'Hydra',
        '[Main] DON!! −1 (You may return the specified number of DON!! cards from your field to your DON!! deck.): Give up to 1 of your opponent''s Characters −3000 power during this turn. \n [Trigger] If your opponent has 6 or more DON!! cards on their field, your opponent returns 1 DON!! card from their field to their DON!! deck.'),
       ('OP02-090', 'fr', 'Hydra',
        '[Main] DON!! −1 (You may return the specified number of DON!! cards from your field to your DON!! deck.): Give up to 1 of your opponent''s Characters −3000 power during this turn. \n [Trigger] If your opponent has 6 or more DON!! cards on their field, your opponent returns 1 DON!! card from their field to their DON!! deck.'),
       ('OP02-091', 'en', 'Venom Road',
        '[Main] Add up to 1 DON!! card from your DON!! deck and set it as active. \n [Trigger] If your opponent has 6 or more DON!! cards on their field, your opponent returns 1 DON!! card from their field to their DON!! deck.'),
       ('OP02-091', 'fr', 'Venom Road',
        '[Main] Add up to 1 DON!! card from your DON!! deck and set it as active. \n [Trigger] If your opponent has 6 or more DON!! cards on their field, your opponent returns 1 DON!! card from their field to their DON!! deck.'),
       ('OP02-092', 'en', 'Impel Down',
        '[Activate: Main] You may trash 1 card from your hand and rest this Stage: Look at 3 cards from the top of your deck; reveal up to 1 {Impel Down} type card and add it to your hand. Then, place the rest at the bottom of your deck in any order.'),
       ('OP02-092', 'fr', 'Impel Down',
        '[Activate: Main] You may trash 1 card from your hand and rest this Stage: Look at 3 cards from the top of your deck; reveal up to 1 {Impel Down} type card and add it to your hand. Then, place the rest at the bottom of your deck in any order.'),
       ('OP02-093', 'en', 'Smoker',
        '[DON!! x1] [Activate: Main] [Once Per Turn] Give up to 1 of your opponent''s Characters −1 cost during this turn. Then, if there is a Character with a cost of 0, this Leader gains +1000 power during this turn.'),
       ('OP02-093', 'fr', 'Smoker',
        '[DON!! x1] [Activate: Main] [Once Per Turn] Give up to 1 of your opponent''s Characters −1 cost during this turn. Then, if there is a Character with a cost of 0, this Leader gains +1000 power during this turn.'),
       ('OP02-094', 'en', 'Isuka',
        '[DON!! x1] [Once Per Turn] When this Character battles and K.O.''s your opponent''s Character, set this Character as active.'),
       ('OP02-094', 'fr', 'Isuka',
        '[DON!! x1] [Once Per Turn] When this Character battles and K.O.''s your opponent''s Character, set this Character as active.'),
       ('OP02-095', 'en', 'Onigumo',
        'If there is a Character with a cost of 0, this Character gains [Banish]. \n (When this card deals damage, the target card is trashed without activating its Trigger.)'),
       ('OP02-095', 'fr', 'Onigumo',
        'If there is a Character with a cost of 0, this Character gains [Banish]. \n (When this card deals damage, the target card is trashed without activating its Trigger.)'),
       ('OP02-096', 'en', 'Kuzan',
        '[On Play] Draw 1 card. \n [When Attacking] Give up to 1 of your opponent''s Characters −4 cost during this turn.'),
       ('OP02-096', 'fr', 'Kuzan',
        '[On Play] Draw 1 card. \n [When Attacking] Give up to 1 of your opponent''s Characters −4 cost during this turn.'),
       ('OP02-097', 'en', 'Komille', NULL),
       ('OP02-097', 'fr', 'Komille', NULL),
       ('OP02-098', 'en', 'Koby',
        '[On Play] You may trash 1 card from your hand: K.O. up to 1 of your opponent''s Characters with a cost of 3 or less.'),
       ('OP02-098', 'fr', 'Koby',
        '[On Play] You may trash 1 card from your hand: K.O. up to 1 of your opponent''s Characters with a cost of 3 or less.'),
       ('OP02-099', 'en', 'Sakazuki',
        '[On Play] You may trash 1 card from your hand: K.O. up to 1 of your opponent''s Characters with a cost of 5 or less.'),
       ('OP02-099', 'fr', 'Sakazuki',
        '[On Play] You may trash 1 card from your hand: K.O. up to 1 of your opponent''s Characters with a cost of 5 or less.'),
       ('OP02-100', 'en', 'Jango', 'If you have [Fullbody], this Character cannot be K.O.''d in battle.'),
       ('OP02-100', 'fr', 'Jango', 'If you have [Fullbody], this Character cannot be K.O.''d in battle.'),
       ('OP02-101', 'en', 'Strawberry',
        '[When Attacking] If there is a Character with a cost of 0, your opponent cannot activate the [Blocker] of any Character with a cost of 5 or less during this battle.'),
       ('OP02-101', 'fr', 'Strawberry',
        '[When Attacking] If there is a Character with a cost of 0, your opponent cannot activate the [Blocker] of any Character with a cost of 5 or less during this battle.'),
       ('OP02-102', 'en', 'Smoker',
        'This Character cannot be K.O.''d by effects. \n [When Attacking] If there is a Character with a cost of 0, this Character gains +2000 power during this battle.'),
       ('OP02-102', 'fr', 'Smoker',
        'This Character cannot be K.O.''d by effects. \n [When Attacking] If there is a Character with a cost of 0, this Character gains +2000 power during this battle.'),
       ('OP02-103', 'en', 'Sengoku',
        '[DON!! x1] [When Attacking] Give up to 1 of your opponent''s Characters −2 cost during this turn.'),
       ('OP02-103', 'fr', 'Sengoku',
        '[DON!! x1] [When Attacking] Give up to 1 of your opponent''s Characters −2 cost during this turn.'),
       ('OP02-104', 'en', 'Sentomaru', '[Trigger] Play this card.'),
       ('OP02-104', 'fr', 'Sentomaru', '[Trigger] Play this card.'),
       ('OP02-105', 'en', 'Tashigi',
        '[DON!! x1] [When Attacking] Give up to 1 of your opponent''s Characters −3 cost during this turn.'),
       ('OP02-105', 'fr', 'Tashigi',
        '[DON!! x1] [When Attacking] Give up to 1 of your opponent''s Characters −3 cost during this turn.'),
       ('OP02-106', 'en', 'Tsuru', '[On Play] Give up to 1 of your opponent''s Characters −2 cost during this turn.'),
       ('OP02-106', 'fr', 'Tsuru', '[On Play] Give up to 1 of your opponent''s Characters −2 cost during this turn.'),
       ('OP02-107', 'en', 'Doberman', NULL),
       ('OP02-107', 'fr', 'Doberman', NULL),
       ('OP02-108', 'en', 'Donquixote Rosinante',
        '[Blocker] (After your opponent declares an attack, you may rest this card to make it the new target of the attack.)'),
       ('OP02-108', 'fr', 'Donquixote Rosinante',
        '[Blocker] (After your opponent declares an attack, you may rest this card to make it the new target of the attack.)'),
       ('OP02-109', 'en', 'Jaguar.D.Saul', NULL),
       ('OP02-109', 'fr', 'Jaguar.D.Saul', NULL),
       ('OP02-110', 'en', 'Hina',
        '[Blocker] (After your opponent declares an attack, you may rest this card to make it the new target of the attack.) \n [On Block] Select up to 1 of your opponent''s Characters with a cost of 6 or less. The selected Character cannot attack during this turn.'),
       ('OP02-110', 'fr', 'Hina',
        '[Blocker] (After your opponent declares an attack, you may rest this card to make it the new target of the attack.) \n [On Block] Select up to 1 of your opponent''s Characters with a cost of 6 or less. The selected Character cannot attack during this turn.'),
       ('OP02-111', 'en', 'Fullbody',
        '[When Attacking] If you have [Jango], this card gains +3000 power during this battle.'),
       ('OP02-111', 'fr', 'Fullbody',
        '[When Attacking] If you have [Jango], this card gains +3000 power during this battle.'),
       ('OP02-112', 'en', 'Bell-mère',
        '[Activate: Main] You may rest this Character: Give up to 1 of your opponent''s Characters −1 cost during this turn. Then, up to 1 of your Leader or Character cards gains +1000 power during this turn.'),
       ('OP02-112', 'fr', 'Bell-mère',
        '[Activate: Main] You may rest this Character: Give up to 1 of your opponent''s Characters −1 cost during this turn. Then, up to 1 of your Leader or Character cards gains +1000 power during this turn.'),
       ('OP02-113', 'en', 'Helmeppo',
        '[When Attacking] Give up to 1 of your opponent''s Characters −2 cost during this turn. Then, if there is a Character with a cost of 0, this Character gains +2000 power during this battle. \n [Trigger] Play this card.'),
       ('OP02-113', 'fr', 'Helmeppo',
        '[When Attacking] Give up to 1 of your opponent''s Characters −2 cost during this turn. Then, if there is a Character with a cost of 0, this Character gains +2000 power during this battle. \n [Trigger] Play this card.'),
       ('OP02-114', 'en', 'Borsalino',
        '[Opponent''s Turn] This Character gains +1000 power and cannot be K.O.''d by effects. \n [Blocker] (After your opponent declares an attack, you may rest this card to make it the new target of the attack.)'),
       ('OP02-114', 'fr', 'Borsalino',
        '[Opponent''s Turn] This Character gains +1000 power and cannot be K.O.''d by effects. \n [Blocker] (After your opponent declares an attack, you may rest this card to make it the new target of the attack.)'),
       ('OP02-115', 'en', 'Monkey.D.Garp',
        '[DON!! x2] [When Attacking] K.O. up to 1 of your opponent''s Characters with a cost of 0.'),
       ('OP02-115', 'fr', 'Monkey.D.Garp',
        '[DON!! x2] [When Attacking] K.O. up to 1 of your opponent''s Characters with a cost of 0.'),
       ('OP02-116', 'en', 'Yamakaji', NULL),
       ('OP02-116', 'fr', 'Yamakaji', NULL),
       ('OP02-117', 'en', 'Ice Age',
        '[Main] Give up to 1 of your opponent''s Characters −5 cost during this turn. \n [Trigger] K.O. up to 1 of your opponent''s Characters with a cost of 3 or less.'),
       ('OP02-117', 'fr', 'Ice Age',
        '[Main] Give up to 1 of your opponent''s Characters −5 cost during this turn. \n [Trigger] K.O. up to 1 of your opponent''s Characters with a cost of 3 or less.'),
       ('OP02-118', 'en', 'Yasakani Sacred Jewel',
        '[Counter] You may trash 1 card from your hand: Select up to 1 of your Characters. The selected Character cannot be K.O.''d during this battle. \n [Trigger] K.O. up to 1 of your opponent''s Stages with a cost of 3 or less.'),
       ('OP02-118', 'fr', 'Yasakani Sacred Jewel',
        '[Counter] You may trash 1 card from your hand: Select up to 1 of your Characters. The selected Character cannot be K.O.''d during this battle. \n [Trigger] K.O. up to 1 of your opponent''s Stages with a cost of 3 or less.'),
       ('OP02-119', 'en', 'Meteor Volcano',
        '[Main] K.O. up to 1 of your opponent''s Characters with a cost of 1 or less. \n [Trigger] Draw 2 cards and trash 1 card from your hand.'),
       ('OP02-119', 'fr', 'Meteor Volcano',
        '[Main] K.O. up to 1 of your opponent''s Characters with a cost of 1 or less. \n [Trigger] Draw 2 cards and trash 1 card from your hand.'),
       ('OP02-120', 'en', 'Uta',
        '[On Play] DON!! −2 (You may return the specified number of DON!! cards from your field to your DON!! deck.): Your Leader and all of your Characters gain +1000 power until the start of your next turn.'),
       ('OP02-120', 'fr', 'Uta',
        '[On Play] DON!! −2 (You may return the specified number of DON!! cards from your field to your DON!! deck.): Your Leader and all of your Characters gain +1000 power until the start of your next turn.'),
       ('OP02-121', 'en', 'Kuzan',
        '[Your Turn] Give all of your opponent''s Characters −5 cost. \n [On Play] K.O. up to 1 of your opponent''s Characters with a cost of 0.'),
       ('OP02-121', 'fr', 'Kuzan',
        '[Your Turn] Give all of your opponent''s Characters −5 cost. \n [On Play] K.O. up to 1 of your opponent''s Characters with a cost of 0.')
ON CONFLICT DO NOTHING;


