INSERT INTO UT_PRODUCT(ID, RELEASE_DATE)
VALUES ('EB-01', '03/05/2024')
ON CONFLICT DO NOTHING;

INSERT INTO UT_PRODUCT_DESCRIPTION (PRODUCT_ID, LANGUAGE_CODE, NAME)
VALUES ('EB-01', 'en', '[EB-01] MEMORIAL COLLECTION'),
       ('EB-01', 'fr', '[EB-01] MEMORIAL COLLECTION')
ON CONFLICT DO NOTHING;

INSERT INTO UT_CARD (ID, TYPE_ID, ATTRIBUTE_ID, COST, POWER, LIFE, COUNTER)
VALUES ('EB01-001', 0, 4, NULL, 5000, 4, NULL),
       ('EB01-002', 1, 1, 5, 7000, NULL, NULL),
       ('EB01-003', 1, 4, 4, 5000, NULL, NULL),
       ('EB01-004', 1, 1, 2, 3000, NULL, 1000),
       ('EB01-005', 1, 4, 1, 3000, NULL, 1000),
       ('EB01-006', 1, 0, 3, 4000, NULL, 1000),
       ('EB01-007', 1, 0, 5, 5000, NULL, 2000),
       ('EB01-008', 1, 0, 6, 7000, NULL, 1000),
       ('EB01-009', 3, NULL, 1, NULL, NULL, NULL),
       ('EB01-010', 3, NULL, 3, NULL, NULL, NULL),
       ('EB01-011', 2, NULL, 1, NULL, NULL, NULL),
       ('EB01-012', 1, 4, 5, 6000, NULL, 1000),
       ('EB01-013', 1, 3, 4, NULL, NULL, 1000),
       ('EB01-014', 1, 0, 4, 5000, NULL, 2000),
       ('EB01-015', 1, 2, 1, 1000, NULL, 2000),
       ('EB01-016', 1, 3, 1, NULL, NULL, 1000),
       ('EB01-017', 1, 0, 2, 2000, NULL, 1000),
       ('EB01-018', 1, 0, 5, 7000, NULL, 1000),
       ('EB01-019', 3, NULL, 2, NULL, NULL, NULL),
       ('EB01-020', 3, NULL, 1, NULL, NULL, NULL),
       ('EB01-021', 0, 4, NULL, 5000, 4, NULL),
       ('EB01-022', 1, 4, 6, 7000, NULL, 1000),
       ('EB01-023', 1, 4, 4, 6000, NULL, NULL),
       ('EB01-024', 1, 4, 3, 4000, NULL, 1000),
       ('EB01-025', 1, 4, 3, 5000, NULL, 1000),
       ('EB01-026', 1, 1, 2, 2000, NULL, 2000),
       ('EB01-027', 1, 4, 5, 6000, NULL, 1000),
       ('EB01-028', 3, NULL, 1, NULL, NULL, NULL),
       ('EB01-029', 3, NULL, 1, NULL, NULL, NULL),
       ('EB01-030', 2, NULL, 2, NULL, NULL, NULL),
       ('EB01-031', 1, 3, 5, 5000, NULL, 1000),
       ('EB01-032', 1, 0, 5, 7000, NULL, 1000),
       ('EB01-033', 1, 0, 4, 5000, NULL, 1000),
       ('EB01-034', 1, 4, 3, 4000, NULL, 1000),
       ('EB01-035', 1, 0, 3, 5000, NULL, NULL),
       ('EB01-036', 1, 0, 4, 5000, NULL, NULL),
       ('EB01-037', 1, 0, 3, 4000, NULL, 1000),
       ('EB01-038', 3, NULL, 1, NULL, NULL, NULL),
       ('EB01-039', 3, NULL, 5, NULL, NULL, NULL),
       ('EB01-040', 0, 4, NULL, 5000, 4, NULL),
       ('EB01-041', 1, 3, 6, 8000, NULL, 1000),
       ('EB01-042', 1, 3, 2, NULL, NULL, 1000),
       ('EB01-043', 1, 3, 3, 2000, NULL, 1000),
       ('EB01-044', 1, 4, 1, 1000, NULL, 1000),
       ('EB01-045', 1, 4, 3, 4000, NULL, 1000),
       ('EB01-046', 1, 4, 3, 4000, NULL, 1000),
       ('EB01-047', 1, 0, 2, 4000, NULL, NULL),
       ('EB01-048', 1, 0, 4, 5000, NULL, 1000),
       ('EB01-049', 1, 4, 5, 5000, NULL, 2000),
       ('EB01-050', 3, NULL, 3, NULL, NULL, NULL),
       ('EB01-051', 3, NULL, 4, NULL, NULL, NULL),
       ('EB01-052', 1, 2, 2, NULL, NULL, 1000),
       ('EB01-053', 1, 2, 3, 5000, NULL, NULL),
       ('EB01-054', 1, 4, 3, 4000, NULL, 1000),
       ('EB01-055', 1, 3, 7, 9000, NULL, 1000),
       ('EB01-056', 1, 2, 1, 1000, NULL, 2000),
       ('EB01-057', 1, 3, 2, NULL, NULL, 1000),
       ('EB01-058', 1, 0, 2, 3000, NULL, 1000),
       ('EB01-059', 3, NULL, 6, NULL, NULL, NULL),
       ('EB01-060', 3, NULL, 4, NULL, NULL, NULL),
       ('EB01-061', 1, 2, 4, 1000, NULL, 1000)
ON CONFLICT DO NOTHING;

INSERT INTO UT_CARD_IMAGE (CARD_ID, NAME, RARITY_ID, PRODUCT_ID)
VALUES ('EB01-001', 'EB01-001.png', 0, 'EB-01'),
       ('EB01-001', 'EB01-001_p1.png', 0, 'EB-01'),
       ('EB01-002', 'EB01-002.png', 5, 'EB-01'),
       ('EB01-003', 'EB01-003.png', 5, 'EB-01'),
       ('EB01-003', 'EB01-003_p1.png', 5, 'EB-01'),
       ('EB01-004', 'EB01-004.png', 1, 'EB-01'),
       ('EB01-005', 'EB01-005.png', 1, 'EB-01'),
       ('EB01-006', 'EB01-006.png', 3, 'EB-01'),
       ('EB01-006', 'EB01-006_p2.png', 3, 'EB-01'),
       ('EB01-006', 'EB01-006_p1.png', 3, 'EB-01'),
       ('EB01-007', 'EB01-007.png', 1, 'EB-01'),
       ('EB01-008', 'EB01-008.png', 5, 'EB-01'),
       ('EB01-009', 'EB01-009.png', 1, 'EB-01'),
       ('EB01-010', 'EB01-010.png', 5, 'EB-01'),
       ('EB01-011', 'EB01-011.png', 1, 'EB-01'),
       ('EB01-012', 'EB01-012.png', 3, 'EB-01'),
       ('EB01-012', 'EB01-012_p1.png', 3, 'EB-01'),
       ('EB01-013', 'EB01-013.png', 5, 'EB-01'),
       ('EB01-013', 'EB01-013_p1.png', 5, 'EB-01'),
       ('EB01-014', 'EB01-014.png', 5, 'EB-01'),
       ('EB01-015', 'EB01-015.png', 5, 'EB-01'),
       ('EB01-016', 'EB01-016.png', 1, 'EB-01'),
       ('EB01-017', 'EB01-017.png', 1, 'EB-01'),
       ('EB01-018', 'EB01-018.png', 1, 'EB-01'),
       ('EB01-019', 'EB01-019.png', 5, 'EB-01'),
       ('EB01-020', 'EB01-020.png', 1, 'EB-01'),
       ('EB01-021', 'EB01-021.png', 0, 'EB-01'),
       ('EB01-021', 'EB01-021_p1.png', 0, 'EB-01'),
       ('EB01-022', 'EB01-022.png', 3, 'EB-01'),
       ('EB01-022', 'EB01-022_p1.png', 3, 'EB-01'),
       ('EB01-023', 'EB01-023.png', 5, 'EB-01'),
       ('EB01-024', 'EB01-024.png', 1, 'EB-01'),
       ('EB01-025', 'EB01-025.png', 1, 'EB-01'),
       ('EB01-026', 'EB01-026.png', 1, 'EB-01'),
       ('EB01-027', 'EB01-027.png', 5, 'EB-01'),
       ('EB01-027', 'EB01-027_p1.png', 5, 'EB-01'),
       ('EB01-028', 'EB01-028.png', 5, 'EB-01'),
       ('EB01-029', 'EB01-029.png', 1, 'EB-01'),
       ('EB01-030', 'EB01-030.png', 1, 'EB-01'),
       ('EB01-031', 'EB01-031.png', 5, 'EB-01'),
       ('EB01-031', 'EB01-031_p1.png', 5, 'EB-01'),
       ('EB01-032', 'EB01-032.png', 1, 'EB-01'),
       ('EB01-033', 'EB01-033.png', 5, 'EB-01'),
       ('EB01-034', 'EB01-034.png', 3, 'EB-01'),
       ('EB01-034', 'EB01-034_p1.png', 3, 'EB-01'),
       ('EB01-035', 'EB01-035.png', 1, 'EB-01'),
       ('EB01-036', 'EB01-036.png', 1, 'EB-01'),
       ('EB01-037', 'EB01-037.png', 1, 'EB-01'),
       ('EB01-038', 'EB01-038.png', 1, 'EB-01'),
       ('EB01-039', 'EB01-039.png', 5, 'EB-01'),
       ('EB01-040', 'EB01-040.png', 0, 'EB-01'),
       ('EB01-040', 'EB01-040_p1.png', 0, 'EB-01'),
       ('EB01-041', 'EB01-041.png', 1, 'EB-01'),
       ('EB01-042', 'EB01-042.png', 5, 'EB-01'),
       ('EB01-043', 'EB01-043.png', 5, 'EB-01'),
       ('EB01-044', 'EB01-044.png', 1, 'EB-01'),
       ('EB01-045', 'EB01-045.png', 1, 'EB-01'),
       ('EB01-046', 'EB01-046.png', 3, 'EB-01'),
       ('EB01-046', 'EB01-046_p1.png', 3, 'EB-01'),
       ('EB01-047', 'EB01-047.png', 1, 'EB-01'),
       ('EB01-048', 'EB01-048.png', 3, 'EB-01'),
       ('EB01-048', 'EB01-048_p1.png', 3, 'EB-01'),
       ('EB01-049', 'EB01-049.png', 5, 'EB-01'),
       ('EB01-049', 'EB01-049_p1.png', 5, 'EB-01'),
       ('EB01-050', 'EB01-050.png', 1, 'EB-01'),
       ('EB01-051', 'EB01-051.png', 5, 'EB-01'),
       ('EB01-052', 'EB01-052.png', 3, 'EB-01'),
       ('EB01-052', 'EB01-052_p1.png', 3, 'EB-01'),
       ('EB01-053', 'EB01-053.png', 1, 'EB-01'),
       ('EB01-054', 'EB01-054.png', 5, 'EB-01'),
       ('EB01-055', 'EB01-055.png', 1, 'EB-01'),
       ('EB01-056', 'EB01-056.png', 5, 'EB-01'),
       ('EB01-056', 'EB01-056_p1.png', 5, 'EB-01'),
       ('EB01-057', 'EB01-057.png', 3, 'EB-01'),
       ('EB01-057', 'EB01-057_p1.png', 3, 'EB-01'),
       ('EB01-058', 'EB01-058.png', 1, 'EB-01'),
       ('EB01-059', 'EB01-059.png', 5, 'EB-01'),
       ('EB01-060', 'EB01-060.png', 1, 'EB-01'),
       ('EB01-061', 'EB01-061.png', 4, 'EB-01'),
       ('EB01-061', 'EB01-061_p1.png', 4, 'EB-01')
ON CONFLICT DO NOTHING;

INSERT INTO UT_CARD_COLOR (COLOR_ID, CARD_ID)
VALUES (0, 'EB01-001'),
       (1, 'EB01-001'),
       (0, 'EB01-002'),
       (0, 'EB01-003'),
       (0, 'EB01-004'),
       (0, 'EB01-005'),
       (0, 'EB01-006'),
       (0, 'EB01-007'),
       (0, 'EB01-008'),
       (0, 'EB01-009'),
       (0, 'EB01-010'),
       (0, 'EB01-011'),
       (1, 'EB01-012'),
       (1, 'EB01-013'),
       (1, 'EB01-014'),
       (1, 'EB01-015'),
       (1, 'EB01-016'),
       (1, 'EB01-017'),
       (1, 'EB01-018'),
       (1, 'EB01-019'),
       (1, 'EB01-020'),
       (2, 'EB01-021'),
       (3, 'EB01-021'),
       (2, 'EB01-022'),
       (2, 'EB01-023'),
       (2, 'EB01-024'),
       (2, 'EB01-025'),
       (2, 'EB01-026'),
       (2, 'EB01-027'),
       (2, 'EB01-028'),
       (2, 'EB01-029'),
       (2, 'EB01-030'),
       (3, 'EB01-031'),
       (3, 'EB01-032'),
       (3, 'EB01-033'),
       (3, 'EB01-034'),
       (3, 'EB01-035'),
       (3, 'EB01-036'),
       (3, 'EB01-037'),
       (3, 'EB01-038'),
       (3, 'EB01-039'),
       (4, 'EB01-040'),
       (5, 'EB01-040'),
       (4, 'EB01-041'),
       (4, 'EB01-042'),
       (4, 'EB01-043'),
       (4, 'EB01-044'),
       (4, 'EB01-045'),
       (4, 'EB01-046'),
       (4, 'EB01-047'),
       (4, 'EB01-048'),
       (4, 'EB01-049'),
       (4, 'EB01-050'),
       (4, 'EB01-051'),
       (5, 'EB01-052'),
       (5, 'EB01-053'),
       (5, 'EB01-054'),
       (5, 'EB01-055'),
       (5, 'EB01-056'),
       (5, 'EB01-057'),
       (5, 'EB01-058'),
       (5, 'EB01-059'),
       (5, 'EB01-060'),
       (3, 'EB01-061')
ON CONFLICT DO NOTHING;

INSERT INTO UT_CARD_TAG (TAG_ID, CARD_ID)
VALUES (35, 'EB01-001'),
       (43, 'EB01-001'),
       (35, 'EB01-002'),
       (51, 'EB01-002'),
       (1, 'EB01-003'),
       (5, 'EB01-003'),
       (3, 'EB01-004'),
       (53, 'EB01-005'),
       (2, 'EB01-006'),
       (0, 'EB01-006'),
       (35, 'EB01-007'),
       (39, 'EB01-008'),
       (53, 'EB01-008'),
       (124, 'EB01-009'),
       (0, 'EB01-009'),
       (64, 'EB01-010'),
       (0, 'EB01-010'),
       (0, 'EB01-011'),
       (1, 'EB01-012'),
       (37, 'EB01-012'),
       (35, 'EB01-013'),
       (43, 'EB01-013'),
       (28, 'EB01-014'),
       (0, 'EB01-014'),
       (1, 'EB01-015'),
       (10, 'EB01-015'),
       (35, 'EB01-016'),
       (28, 'EB01-017'),
       (77, 'EB01-017'),
       (2, 'EB01-018'),
       (35, 'EB01-018'),
       (15, 'EB01-019'),
       (19, 'EB01-019'),
       (1, 'EB01-020'),
       (11, 'EB01-020'),
       (55, 'EB01-021'),
       (55, 'EB01-022'),
       (20, 'EB01-022'),
       (15, 'EB01-023'),
       (26, 'EB01-024'),
       (27, 'EB01-024'),
       (26, 'EB01-025'),
       (27, 'EB01-025'),
       (55, 'EB01-026'),
       (16, 'EB01-027'),
       (55, 'EB01-028'),
       (0, 'EB01-028'),
       (76, 'EB01-029'),
       (0, 'EB01-029'),
       (76, 'EB01-030'),
       (64, 'EB01-031'),
       (63, 'EB01-031'),
       (2, 'EB01-032'),
       (55, 'EB01-032'),
       (64, 'EB01-033'),
       (16, 'EB01-034'),
       (16, 'EB01-035'),
       (55, 'EB01-036'),
       (58, 'EB01-036'),
       (16, 'EB01-037'),
       (16, 'EB01-038'),
       (25, 'EB01-039'),
       (26, 'EB01-039'),
       (49, 'EB01-040'),
       (125, 'EB01-041'),
       (49, 'EB01-042'),
       (66, 'EB01-043'),
       (66, 'EB01-044'),
       (126, 'EB01-045'),
       (0, 'EB01-046'),
       (2, 'EB01-047'),
       (2, 'EB01-048'),
       (64, 'EB01-049'),
       (8, 'EB01-049'),
       (0, 'EB01-050'),
       (66, 'EB01-051'),
       (49, 'EB01-052'),
       (33, 'EB01-053'),
       (88, 'EB01-054'),
       (72, 'EB01-055'),
       (72, 'EB01-056'),
       (70, 'EB01-057'),
       (127, 'EB01-058'),
       (88, 'EB01-059'),
       (88, 'EB01-060'),
       (57, 'EB01-061')
ON CONFLICT DO NOTHING;

INSERT INTO UT_CARD_DESCRIPTION (CARD_ID, LANGUAGE_CODE, NAME, EFFECT)
VALUES ('EB01-001', 'en', 'Kouzuki Oden',
        'All of your {Land of Wano} type Character cards without a Counter have a +1000 Counter, according to the rules. \n [DON!! x1] [When Attacking] If you have a {Land of Wano} type Character with a cost of 5 or more, this Leader gains +1000 power until the start of your next turn.'),
       ('EB01-001', 'fr', 'Kouzuki Oden',
        'All of your {Land of Wano} type Character cards without a Counter have a +1000 Counter, according to the rules. \n [DON!! x1] [When Attacking] If you have a {Land of Wano} type Character with a cost of 5 or more, this Leader gains +1000 power until the start of your next turn.'),
       ('EB01-002', 'en', 'Izo',
        '[On Play] Give up to 1 rested DON!! card to your Leader or 1 of your Characters. \n [On Your Opponent''s Attack] [Once Per Turn] You may trash 1 card from your hand: If your Leader has the {Land of Wano} or {Whitebeard Pirates} type, give up to 1 of your opponent''s Leader or Character cards −2000 power during this turn.'),
       ('EB01-002', 'fr', 'Izo',
        '[On Play] Give up to 1 rested DON!! card to your Leader or 1 of your Characters. \n [On Your Opponent''s Attack] [Once Per Turn] You may trash 1 card from your hand: If your Leader has the {Land of Wano} or {Whitebeard Pirates} type, give up to 1 of your opponent''s Leader or Character cards −2000 power during this turn.'),
       ('EB01-003', 'en', 'Kid & Killer',
        '[Rush] (This card can attack on the turn in which it is played.) \n [When Attacking] If your opponent has 2 or less Life cards, this Character gains +2000 power during this turn.'),
       ('EB01-003', 'fr', 'Kid & Killer',
        '[Rush] (This card can attack on the turn in which it is played.) \n [When Attacking] If your opponent has 2 or less Life cards, this Character gains +2000 power during this turn.'),
       ('EB01-004', 'en', 'Koza',
        '[When Attacking] You may give your 1 active Leader −5000 power during this turn: Give up to 1 of your opponent''s Characters −3000 power during this turn.'),
       ('EB01-004', 'fr', 'Koza',
        '[When Attacking] You may give your 1 active Leader −5000 power during this turn: Give up to 1 of your opponent''s Characters −3000 power during this turn.'),
       ('EB01-005', 'en', 'Doma', NULL),
       ('EB01-005', 'fr', 'Doma', NULL),
       ('EB01-006', 'en', 'Tony Tony.Chopper',
        '[Blocker] (After your opponent declares an attack, you may rest this card to make it the new target of the attack.) \n [DON!! x2] [When Attacking] Give up to 1 of your opponent''s Characters −3000 power during this turn.'),
       ('EB01-006', 'fr', 'Tony Tony.Chopper',
        '[Blocker] (After your opponent declares an attack, you may rest this card to make it the new target of the attack.) \n [DON!! x2] [When Attacking] Give up to 1 of your opponent''s Characters −3000 power during this turn.'),
       ('EB01-007', 'en', 'Yamato',
        '[Activate: Main] [Once Per Turn] Give up to 1 rested DON!! card to your Leader or 1 of your Characters.'),
       ('EB01-007', 'fr', 'Yamato',
        '[Activate: Main] [Once Per Turn] Give up to 1 rested DON!! card to your Leader or 1 of your Characters.'),
       ('EB01-008', 'en', 'LittleOars Jr.',
        '[Once Per Turn] If this Character would be K.O.''d by an effect, you may trash 1 Event or Stage card from your hand instead.'),
       ('EB01-008', 'fr', 'LittleOars Jr.',
        '[Once Per Turn] If this Character would be K.O.''d by an effect, you may trash 1 Event or Stage card from your hand instead.'),
       ('EB01-009', 'en', 'Just Shut Up and Come with Us!!!!',
        '[Counter] Look at 5 cards from the top of your deck and play up to 1 {Animal} type Character card with a cost of 3 or less. Then, place the rest at the bottom of your deck in any order.'),
       ('EB01-009', 'fr', 'Just Shut Up and Come with Us!!!!',
        '[Counter] Look at 5 cards from the top of your deck and play up to 1 {Animal} type Character card with a cost of 3 or less. Then, place the rest at the bottom of your deck in any order.'),
       ('EB01-010', 'en', 'There''S NO Way You Could Defeat Me!!',
        '[Counter] K.O. up TO 1 OF your opponent''s Characters WITH 6000 base power OR less. \n [TRIGGER] K.O. up TO 1 OF your opponent''s Characters WITH 5000 base power OR less.'),
       ('EB01-010', 'fr', 'There''s No Way You Could Defeat Me!!',
        '[Counter] K.O. up to 1 of your opponent''s Characters with 6000 base power or less. \n [Trigger] K.O. up to 1 of your opponent''s Characters with 5000 base power or less.'),
       ('EB01-011', 'en', 'Mini-Merry',
        '[Activate: Main] You may rest this card and place 1 of your Characters with 1000 base power at the bottom of your deck: Draw 1 card.'),
       ('EB01-011', 'fr', 'Mini-Merry',
        '[Activate: Main] You may rest this card and place 1 of your Characters with 1000 base power at the bottom of your deck: Draw 1 card.'),
       ('EB01-012', 'en', 'Cavendish',
        '[On Play]/[When Attacking] If your Leader has the {Supernovas} type and you have no other [Cavendish] Characters, set up to 2 of your DON!! cards as active.'),
       ('EB01-012', 'fr', 'Cavendish',
        '[On Play]/[When Attacking] If your Leader has the {Supernovas} type and you have no other [Cavendish] Characters, set up to 2 of your DON!! cards as active.'),
       ('EB01-013', 'en', 'Kouzuki Hiyori',
        '[Activate: Main] You may trash this Character: Play up to 1 {Land of Wano} type Character card with a cost of 5 or less other than [Kouzuki Hiyori] from your hand. Then, draw 1 card.'),
       ('EB01-013', 'fr', 'Kouzuki Hiyori',
        '[Activate: Main] You may trash this Character: Play up to 1 {Land of Wano} type Character card with a cost of 5 or less other than [Kouzuki Hiyori] from your hand. Then, draw 1 card.'),
       ('EB01-014', 'en', 'Sanji',
        '[DON!! x1] [Your Turn] This Character gains +1000 power for every 3 of your rested DON!! cards.'),
       ('EB01-014', 'fr', 'Sanji',
        '[DON!! x1] [Your Turn] This Character gains +1000 power for every 3 of your rested DON!! cards.'),
       ('EB01-015', 'en', 'Scratchmen Apoo',
        '[On Play] Rest up to 1 of your opponent''s Characters with a cost of 2 or less.'),
       ('EB01-015', 'fr', 'Scratchmen Apoo',
        '[On Play] Rest up to 1 of your opponent''s Characters with a cost of 2 or less.'),
       ('EB01-016', 'en', 'Bingoh',
        '[Activate: Main] You may rest this Character: K.O. up to 1 of your opponent''s rested Characters with a cost of 1 or less.'),
       ('EB01-016', 'fr', 'Bingoh',
        '[Activate: Main] You may rest this Character: K.O. up to 1 of your opponent''s rested Characters with a cost of 1 or less.'),
       ('EB01-017', 'en', 'Blueno',
        '[Blocker] (After your opponent declares an attack, you may rest this card to make it the new target of the attack.)'),
       ('EB01-017', 'fr', 'Blueno',
        '[Blocker] (After your opponent declares an attack, you may rest this card to make it the new target of the attack.)'),
       ('EB01-018', 'en', 'Mountain God', NULL),
       ('EB01-018', 'fr', 'Mountain God', NULL),
       ('EB01-019', 'en', 'Off-White',
        '[Counter] Up to 1 of your Leader or Character cards gains +4000 power during this battle. Then, look at 3 cards from the top of your deck; reveal up to 1 {Donquixote Pirates} type Character card and add it to your hand. Then, place the rest at the bottom of your deck in any order.'),
       ('EB01-019', 'fr', 'Off-White',
        '[Counter] Up to 1 of your Leader or Character cards gains +4000 power during this battle. Then, look at 3 cards from the top of your deck; reveal up to 1 {Donquixote Pirates} type Character card and add it to your hand. Then, place the rest at the bottom of your deck in any order.'),
       ('EB01-020', 'en', 'Chambres',
        '[Main] If your Leader has the {Supernovas} type, return 1 of your Characters to the owner''s hand, and play up to 1 Character card with a cost of 2 or less from your hand that is a different color than the returned Character. \n [Trigger] Activate this card''s [Main] effect.'),
       ('EB01-020', 'fr', 'Chambres',
        '[Main] If your Leader has the {Supernovas} type, return 1 of your Characters to the owner''s hand, and play up to 1 Character card with a cost of 2 or less from your hand that is a different color than the returned Character. \n [Trigger] Activate this card''s [Main] effect.'),
       ('EB01-021', 'en', 'Hannyabal',
        '[End of Your Turn] You may return 1 of your {Impel Down} type Characters with a cost of 2 or more to the owner''s hand: Add up to 1 DON!! card from your DON!! deck and set it as active.'),
       ('EB01-021', 'fr', 'Hannyabal',
        '[End of Your Turn] You may return 1 of your {Impel Down} type Characters with a cost of 2 or more to the owner''s hand: Add up to 1 DON!! card from your DON!! deck and set it as active.'),
       ('EB01-022', 'en', 'Inazuma', '[End of Your Turn] If you have 2 or less cards in your hand, draw 2 cards.'),
       ('EB01-022', 'fr', 'Inazuma', '[End of Your Turn] If you have 2 or less cards in your hand, draw 2 cards.'),
       ('EB01-023', 'en', 'Edward Weevil', '[On Play] Draw 1 card.'),
       ('EB01-023', 'fr', 'Edward Weevil', '[On Play] Draw 1 card.'),
       ('EB01-024', 'en', 'Hamlet',
        'If you have 4 or less cards in your hand, all of your {SMILE} type Characters gain +1000 power.'),
       ('EB01-024', 'fr', 'Hamlet',
        'If you have 4 or less cards in your hand, all of your {SMILE} type Characters gain +1000 power.'),
       ('EB01-025', 'en', 'Fourtricks', NULL),
       ('EB01-025', 'fr', 'Fourtricks', NULL),
       ('EB01-026', 'en', 'Prince Bellett',
        '[DON!! x1] [When Attacking] If you have 1 or less cards in your hand, return up to 1 Character with a cost of 3 or less to the owner''s hand.'),
       ('EB01-026', 'fr', 'Prince Bellett',
        '[DON!! x1] [When Attacking] If you have 1 or less cards in your hand, return up to 1 Character with a cost of 3 or less to the owner''s hand.'),
       ('EB01-027', 'en', 'Mr.1(Daz.Bonez)',
        'If your Leader''s type includes "Baroque Works", this Character gains +1000 power for every 2 Events in your trash. \n [On Play] Draw 2 cards and trash 1 card from your hand.'),
       ('EB01-027', 'fr', 'Mr.1(Daz.Bonez)',
        'If your Leader''s type includes "Baroque Works", this Character gains +1000 power for every 2 Events in your trash. \n [On Play] Draw 2 cards and trash 1 card from your hand.'),
       ('EB01-028', 'en', 'Gum-Gum Champion Rifle',
        '[Counter] If your Leader has the {Impel Down} type, up to 1 of your Leader or Character cards gains +2000 power during this battle. Then, your opponent returns 1 of their active Characters to the owner''s hand. \n [Trigger] Return up to 1 Character with a cost of 3 or less to the bottom of the owner''s deck.'),
       ('EB01-028', 'fr', 'Gum-Gum Champion Rifle',
        '[Counter] If your Leader has the {Impel Down} type, up to 1 of your Leader or Character cards gains +2000 power during this battle. Then, your opponent returns 1 of their active Characters to the owner''s hand. \n [Trigger] Return up to 1 Character with a cost of 3 or less to the bottom of the owner''s deck.'),
       ('EB01-029', 'en',
        'Sorry. I''M a Goner.', '[Counter] Reveal 1 card FROM the top OF your deck. If the revealed card has a COST OF 4 OR more,
        RETURN up TO 1 OF your Characters TO the OWNER''s hand. Then, PLACE the revealed card AT the bottom OF your deck. \n [TRIGGER] RETURN up TO 1 CHARACTER WITH a COST OF 8 OR less TO the OWNER''s hand.'),
       ('EB01-029', 'fr', 'Sorry. I''m a Goner.',
        '[Counter] Reveal 1 card from the top of your deck. If the revealed card has a cost of 4 or more, return up to 1 of your Characters to the owner''s hand. Then, place the revealed card at the bottom of your deck. \n [Trigger] Return up to 1 Character with a cost of 8 or less to the owner''s hand.'),
       ('EB01-030', 'en', 'Loguetown',
        '[Activate: Main] You may place this card and 1 card from your hand at the bottom of your deck in any order: Draw 2 cards. \n [Trigger] Play this card.'),
       ('EB01-030', 'fr', 'Loguetown',
        '[Activate: Main] You may place this card and 1 card from your hand at the bottom of your deck in any order: Draw 2 cards. \n [Trigger] Play this card.'),
       ('EB01-031', 'en', 'Kalifa',
        '[On Play] DON!! −1 (You may return the specified number of DON!! cards from your field to your DON!! deck.): If your Leader has the {Water Seven} type, add up to 2 Character cards with a cost of 4 or less from your trash to your hand.'),
       ('EB01-031', 'fr', 'Kalifa',
        '[On Play] DON!! −1 (You may return the specified number of DON!! cards from your field to your DON!! deck.): If your Leader has the {Water Seven} type, add up to 2 Character cards with a cost of 4 or less from your trash to your hand.'),
       ('EB01-032', 'en', 'Army Wolves', NULL),
       ('EB01-032', 'fr', 'Army Wolves', NULL),
       ('EB01-033', 'en', 'Blueno',
        '[On Play] DON!! −1 (You may return the specified number of DON!! cards from your field to your DON!! deck.): If your Leader has the {Water Seven} type, play up to 1 {Water Seven} type Character card with a cost of 5 other than [Blueno] from your hand or trash.'),
       ('EB01-033', 'fr', 'Blueno',
        '[On Play] DON!! −1 (You may return the specified number of DON!! cards from your field to your DON!! deck.): If your Leader has the {Water Seven} type, play up to 1 {Water Seven} type Character card with a cost of 5 other than [Blueno] from your hand or trash.'),
       ('EB01-034', 'en', 'Ms. Wednesday',
        '[Blocker] (After your opponent declares an attack, you may rest this card to make it the new target of the attack.) \n [On Your Opponent''s Attack] [Once Per Turn] DON!! −1 (You may return the specified number of DON!! cards from your field to your DON!! deck.): If your Leader''s type includes "Baroque Works", add up to 1 DON!! card from your DON!! deck and set it as active.'),
       ('EB01-034', 'fr', 'Ms. Wednesday',
        '[Blocker] (After your opponent declares an attack, you may rest this card to make it the new target of the attack.) \n [On Your Opponent''s Attack] [Once Per Turn] DON!! −1 (You may return the specified number of DON!! cards from your field to your DON!! deck.): If your Leader''s type includes "Baroque Works", add up to 1 DON!! card from your DON!! deck and set it as active.'),
       ('EB01-035', 'en', 'Ms. Monday',
        '[On Play] If your Leader''s type includes "Baroque Works", up to 1 of your Leader or Character cards gains +1000 power during this turn. \n [Trigger] DON!! −1 (You may return the specified number of DON!! cards from your field to your DON!! deck.): Play this card.'),
       ('EB01-035', 'fr', 'Ms. Monday',
        '[On Play] If your Leader''s type includes "Baroque Works", up to 1 of your Leader or Character cards gains +1000 power during this turn. \n [Trigger] DON!! −1 (You may return the specified number of DON!! cards from your field to your DON!! deck.): Play this card.'),
       ('EB01-036', 'en', 'Minochihuahua',
        '[Rush] (This card can attack on the turn in which it is played.) \n [On K.O.] If your Leader has the {Impel Down} type, add up to 1 DON!! card from your DON!! deck and rest it.'),
       ('EB01-036', 'fr', 'Minochihuahua',
        '[Rush] (This card can attack on the turn in which it is played.) \n [On K.O.] If your Leader has the {Impel Down} type, add up to 1 DON!! card from your DON!! deck and rest it.'),
       ('EB01-037', 'en', 'Mr. 9',
        '[On Your Opponent''s Attack] [Once Per Turn] DON!! −1 (You may return the specified number of DON!! cards from your field to your DON!! deck.): K.O. up to 1 of your opponent''s Characters with a cost of 2 or less.'),
       ('EB01-037', 'fr', 'Mr. 9',
        '[On Your Opponent''s Attack] [Once Per Turn] DON!! −1 (You may return the specified number of DON!! cards from your field to your DON!! deck.): K.O. up to 1 of your opponent''s Characters with a cost of 2 or less.'),
       ('EB01-038', 'en', 'Oh Come My Way',
        '[Counter] DON!! −1 (You may return the specified number of DON!! cards from your field to your DON!! deck.): If your Leader''s type includes "Baroque Works", select 1 of your Characters. Change the attack target to the selected Character. \n [Trigger] DON!! −1: Draw 2 cards.'),
       ('EB01-038', 'fr', 'Oh Come My Way',
        '[Counter] DON!! −1 (You may return the specified number of DON!! cards from your field to your DON!! deck.): If your Leader''s type includes "Baroque Works", select 1 of your Characters. Change the attack target to the selected Character. \n [Trigger] DON!! −1: Draw 2 cards.'),
       ('EB01-039', 'en', 'Conquerer of Three Worlds Ragnaraku',
        '[Main] DON!! −1 (You may return the specified number of DON!! cards from your field to your DON!! deck.): K.O. up to 1 of your opponent''s Characters with a cost of 8 or less. \n [Trigger] Add up to 1 DON!! card from your DON!! deck and set it as active.'),
       ('EB01-039', 'fr', 'Conquerer of Three Worlds Ragnaraku',
        '[Main] DON!! −1 (You may return the specified number of DON!! cards from your field to your DON!! deck.): K.O. up to 1 of your opponent''s Characters with a cost of 8 or less. \n [Trigger] Add up to 1 DON!! card from your DON!! deck and set it as active.'),
       ('EB01-040', 'en', 'Kyros',
        '[Activate: Main] [Once Per Turn] You may turn 1 card from the top of your Life cards face-up: K.O. up to 1 of your opponent''s Characters with a cost of 0.'),
       ('EB01-040', 'fr', 'Kyros',
        '[Activate: Main] [Once Per Turn] You may turn 1 card from the top of your Life cards face-up: K.O. up to 1 of your opponent''s Characters with a cost of 0.'),
       ('EB01-041', 'en', 'Crocus', NULL),
       ('EB01-041', 'fr', 'Crocus', NULL),
       ('EB01-042', 'en', 'Scarlet',
        '[Activate: Main] You may trash this Character: Play up to 1 {Dressrosa} type Character card with a cost of 3 or less other than [Scarlet] from your hand rested. Then, give up to 1 of your opponent''s Characters −2 cost during this turn.'),
       ('EB01-042', 'fr', 'Scarlet',
        '[Activate: Main] You may trash this Character: Play up to 1 {Dressrosa} type Character card with a cost of 3 or less other than [Scarlet] from your hand rested. Then, give up to 1 of your opponent''s Characters −2 cost during this turn.'),
       ('EB01-043', 'en', 'Spandine',
        '[On Play] You may place 3 cards with a type including "CP" from your trash at the bottom of your deck in any order: Play up to 1 Character card with a type including "CP" and a cost of 4 or less other than [Spandine] from your trash rested.'),
       ('EB01-043', 'fr', 'Spandine',
        '[On Play] You may place 3 cards with a type including "CP" from your trash at the bottom of your deck in any order: Play up to 1 Character card with a type including "CP" and a cost of 4 or less other than [Spandine] from your trash rested.'),
       ('EB01-044', 'en', 'Funkfreed',
        '[Activate: Main] You may rest this Character: Up to 1 of your [Spandam] Characters gains +3000 power during this turn.'),
       ('EB01-044', 'fr', 'Funkfreed',
        '[Activate: Main] You may rest this Character: Up to 1 of your [Spandam] Characters gains +3000 power during this turn.'),
       ('EB01-045', 'en', 'Brook',
        '[On Play] If your opponent has a Character with a cost of 0, this Character gains [Rush] during this turn. \n (This card can attack on the turn in which it is played.)'),
       ('EB01-045', 'fr', 'Brook',
        '[On Play] If your opponent has a Character with a cost of 0, this Character gains [Rush] during this turn. \n (This card can attack on the turn in which it is played.)'),
       ('EB01-046', 'en', 'Brook',
        '[On Play]/[When Attacking] Give up to 1 of your opponent''s Characters −1 cost during this turn. Then, K.O. up to 1 of your opponent''s Characters with a cost of 0.'),
       ('EB01-046', 'fr', 'Brook',
        '[On Play]/[When Attacking] Give up to 1 of your opponent''s Characters −1 cost during this turn. Then, K.O. up to 1 of your opponent''s Characters with a cost of 0.'),
       ('EB01-047', 'en', 'Laboon',
        '[Once Per Turn] When a Character is K.O.''d, draw 1 card and trash 1 card from your hand.'),
       ('EB01-047', 'fr', 'Laboon',
        '[Once Per Turn] When a Character is K.O.''d, draw 1 card and trash 1 card from your hand.'),
       ('EB01-048', 'en', 'Laboon',
        '[Activate: Main] You may rest this Character: Give up to 1 of your opponent''s Characters −4 cost during this turn.'),
       ('EB01-048', 'fr', 'Laboon',
        '[Activate: Main] You may rest this Character: Give up to 1 of your opponent''s Characters −4 cost during this turn.'),
       ('EB01-049', 'en', 'T-Bone', '[On Play] K.O. up to 1 of your opponent''s Characters with a cost of 2 or less.'),
       ('EB01-049', 'fr', 'T-Bone', '[On Play] K.O. up to 1 of your opponent''s Characters with a cost of 2 or less.'),
       ('EB01-050', 'en', '...I Want to Live!!',
        '[Counter] If you have 30 or more cards in your trash, add up to 1 card from the top of your deck to the top of your Life cards.'),
       ('EB01-050', 'fr', '...I Want to Live!!',
        '[Counter] If you have 30 or more cards in your trash, add up to 1 card from the top of your deck to the top of your Life cards.'),
       ('EB01-051', 'en', 'Finger Pistol',
        '[Main] You may trash 2 cards from the top of your deck: K.O. up to 1 of your opponent''s Characters with a cost of 5 or less. \n [Trigger] Activate this card''s [Main] effect.'),
       ('EB01-051', 'fr', 'Finger Pistol',
        '[Main] You may trash 2 cards from the top of your deck: K.O. up to 1 of your opponent''s Characters with a cost of 5 or less. \n [Trigger] Activate this card''s [Main] effect.'),
       ('EB01-052', 'en', 'Viola',
        '[Blocker] (After your opponent declares an attack, you may rest this card to make it the new target of the attack.) \n [On Play] Choose one: \n • Look at all of your opponent''s Life cards and place them back in their Life area in any order. \n • Turn all of your Life cards face-down.'),
       ('EB01-052', 'fr', 'Viola',
        '[Blocker] (After your opponent declares an attack, you may rest this card to make it the new target of the attack.) \n [On Play] Choose one: \n • Look at all of your opponent''s Life cards and place them back in their Life area in any order. \n • Turn all of your Life cards face-down.'),
       ('EB01-053', 'en', 'Gastino',
        '[On Play] Place up to 1 of your opponent''s Characters with a cost of 3 or less at the top or bottom of your opponent''s Life cards face-up. \n [Trigger] Give up to a total of 2 of your opponent''s Leader or Character cards −3000 power during this turn.'),
       ('EB01-053', 'fr', 'Gastino',
        '[On Play] Place up to 1 of your opponent''s Characters with a cost of 3 or less at the top or bottom of your opponent''s Life cards face-up. \n [Trigger] Give up to a total of 2 of your opponent''s Leader or Character cards −3000 power during this turn.'),
       ('EB01-054', 'en', 'Gan.Fall',
        '[Blocker] (After your opponent declares an attack, you may rest this card to make it the new target of the attack.) \n [On Play] If your opponent has 1 or less Life cards, K.O. up to 1 of your opponent''s Characters with a cost of 3 or less.'),
       ('EB01-054', 'fr', 'Gan.Fall',
        '[Blocker] (After your opponent declares an attack, you may rest this card to make it the new target of the attack.) \n [On Play] If your opponent has 1 or less Life cards, K.O. up to 1 of your opponent''s Characters with a cost of 3 or less.'),
       ('EB01-055', 'en', 'Charlotte Compote', NULL),
       ('EB01-055', 'fr', 'Charlotte Compote', NULL),
       ('EB01-056', 'en', 'Charlotte Flampe',
        '[On Play] You may add 1 card from the top or bottom of your Life cards to your hand: Draw 1 card.'),
       ('EB01-056', 'fr', 'Charlotte Flampe',
        '[On Play] You may add 1 card from the top or bottom of your Life cards to your hand: Draw 1 card.'),
       ('EB01-057', 'en', 'Shirahoshi',
        'When this Character is K.O.''d by your opponent''s effect, add up to 1 card from the top of your deck to the top of your Life cards. \n [Blocker] (After your opponent declares an attack, you may rest this card to make it the new target of the attack.)'),
       ('EB01-057', 'fr', 'Shirahoshi',
        'When this Character is K.O.''d by your opponent''s effect, add up to 1 card from the top of your deck to the top of your Life cards. \n [Blocker] (After your opponent declares an attack, you may rest this card to make it the new target of the attack.)'),
       ('EB01-058', 'en', 'Mont Blanc Cricket',
        '[DON!! x1] [Your Turn] If you have 2 or less Life cards, this Character gains +2000 power.'),
       ('EB01-058', 'fr', 'Mont Blanc Cricket',
        '[DON!! x1] [Your Turn] If you have 2 or less Life cards, this Character gains +2000 power.'),
       ('EB01-059', 'en', 'Kingdom Come',
        '[Main] K.O. up to 1 of your opponent''s Characters. Then, trash cards from the top of your Life cards until you have 1 Life card. \n [Trigger] K.O. up to 1 of your opponent''s Characters with a cost equal to or less than the total of your and your opponent''s Life cards.'),
       ('EB01-059', 'fr', 'Kingdom Come',
        '[Main] K.O. up to 1 of your opponent''s Characters. Then, trash cards from the top of your Life cards until you have 1 Life card. \n [Trigger] K.O. up to 1 of your opponent''s Characters with a cost equal to or less than the total of your and your opponent''s Life cards.'),
       ('EB01-060', 'en', 'Did Someone Say...Kami?',
        '[Main] Play up to 1 [Enel] with a cost of 7 or less from your hand or trash. Then, trash cards from the top of your Life cards until you have 1 Life card. \n [Trigger] Draw 2 cards and trash 1 card from your hand.'),
       ('EB01-060', 'fr', 'Did Someone Say...Kami?',
        '[Main] Play up to 1 [Enel] with a cost of 7 or less from your hand or trash. Then, trash cards from the top of your Life cards until you have 1 Life card. \n [Trigger] Draw 2 cards and trash 1 card from your hand.'),
       ('EB01-061', 'en', 'Mr.2.Bon.Kurei(Bentham)',
        '[On Play] Add up to 1 DON!! card from your DON!! deck and set it as active. \n [When Attacking] Select up to 1 of your opponent''s Characters. This Character''s base power becomes the same as the selected Character''s power during this turn.'),
       ('EB01-061', 'fr', 'Mr.2.Bon.Kurei(Bentham)',
        '[On Play] Add up to 1 DON!! card from your DON!! deck and set it as active. \n [When Attacking] Select up to 1 of your opponent''s Characters. This Character''s base power becomes the same as the selected Character''s power during this turn.')
ON CONFLICT DO NOTHING;
