INSERT INTO UT_TAG
VALUES (134)
ON CONFLICT DO NOTHING;

INSERT INTO UT_TAG_DESCRIPTION(TAG_ID, LANGUAGE_CODE, NAME)
VALUES (134, 'en', 'Monsters'),
       (134, 'fr', 'Monsters')
ON CONFLICT DO NOTHING;

INSERT INTO UT_PRODUCT(ID, RELEASE_DATE)
VALUES ('PROMOTION-CARD', '01/12/2022')
ON CONFLICT DO NOTHING;

INSERT INTO UT_PRODUCT_DESCRIPTION (PRODUCT_ID, LANGUAGE_CODE, NAME)
VALUES ('PROMOTION-CARD', 'en', 'PROMOTION CARD'),
       ('PROMOTION-CARD', 'fr', 'PROMOTION CARD')
ON CONFLICT DO NOTHING;

DELETE
FROM UT_CARD_IMAGE
WHERE PRODUCT_ID = 'PROMOTION-2022';

DELETE
FROM UT_PRODUCT_DESCRIPTION
WHERE PRODUCT_ID = 'PROMOTION-2022';

DELETE
FROM UT_PRODUCT
WHERE ID = 'PROMOTION-2022';

INSERT INTO UT_CARD (ID, TYPE_ID, ATTRIBUTE_ID, COST, POWER, LIFE, COUNTER)
VALUES ('P-001', 1, 0, 6, 7000, NULL, NULL),
       ('P-002', 3, NULL, 1, NULL, NULL, NULL),
       ('P-003', 1, 2, 3, 4000, NULL, 1000),
       ('P-004', 1, 2, 4, 5000, NULL, 1000),
       ('P-005', 1, 0, 7, 8000, NULL, NULL),
       ('P-006', 1, 0, 3, 3000, NULL, 2000),
       ('P-007', 1, 0, 4, 5000, NULL, 1000),
       ('P-008', 1, 0, 3, 5000, NULL, NULL),
       ('P-009', 1, 4, 6, 7000, NULL, NULL),
       ('P-010', 1, 2, 8, 9000, NULL, NULL),
       ('P-011', 0, 2, NULL, 5000, 5, NULL),
       ('P-012', 1, 2, 3, 5000, NULL, 1000),
       ('P-013', 1, 3, 1, 2000, NULL, NULL),
       ('P-014', 1, 0, 3, 3000, NULL, NULL),
       ('P-015', 1, 3, 1, 3000, NULL, 1000),
       ('P-016', 1, 4, 8, 10000, NULL, 1000),
       ('P-017', 1, 4, 4, 5000, NULL, 1000),
       ('P-018', 1, 0, 2, 3000, NULL, NULL),
       ('P-019', 1, 0, 3, 2000, NULL, 2000),
       ('P-020', 1, 4, 1, 2000, NULL, 1000),
       ('P-021', 1, 1, 7, 9000, NULL, 1000),
       ('P-022', 1, 0, 4, 6000, NULL, 1000),
       ('P-023', 1, 1, 6, 8000, NULL, 1000),
       ('P-024', 3, NULL, 2, NULL, NULL, NULL),
       ('P-025', 1, 2, 3, 5000, NULL, NULL),
       ('P-026', 1, 4, 4, 5000, NULL, 1000),
       ('P-027', 1, 1, 2, 4000, NULL, NULL),
       ('P-028', 1, 2, 5, 6000, NULL, NULL),
       ('P-029', 1, 2, 2, 3000, NULL, 1000),
       ('P-030', 1, 0, 4, 5000, NULL, 1000),
       ('P-031', 1, 2, 5, 6000, NULL, NULL),
       ('P-032', 1, 3, 5, 6000, NULL, NULL),
       ('P-033', 1, 0, 4, 5000, NULL, 1000),
       ('P-034', 1, 0, 3, 4000, NULL, 1000),
       ('P-035', 1, 0, 6, 6000, NULL, NULL),
       ('P-036', 1, 0, 3, 4000, NULL, 1000),
       ('P-037', 1, 0, 2, 4000, NULL, NULL),
       ('P-038', 1, 4, 4, 5000, NULL, 1000),
       ('P-039', 1, 0, 5, 6000, NULL, NULL),
       ('P-040', 1, 0, 8, 10000, NULL, NULL),
       ('P-041', 1, 0, 10, 12000, NULL, 1000),
       ('P-042', 1, 4, 4, 5000, NULL, 1000),
       ('P-043', 1, 0, 7, 7000, NULL, 1000),
       ('P-044', 1, 2, 3, 4000, NULL, 1000),
       ('P-045', 1, 4, 6, 7000, NULL, 1000),
       ('P-046', 1, 0, 1, 2000, NULL, 1000),
       ('P-047', 0, 0, NULL, 5000, 5, NULL),
       ('P-048', 1, 4, 3, 4000, NULL, 1000),
       ('P-049', 1, 1, 2, 3000, NULL, 1000),
       ('P-050', 1, 0, 3, 2000, NULL, 1000),
       ('P-051', 1, 4, 7, 9000, NULL, NULL),
       ('P-052', 1, 4, 6, 7000, NULL, 1000),
       ('P-053', 1, 3, 1, 1000, NULL, 2000),
       ('P-054', 1, 0, 6, 7000, NULL, 1000),
       ('P-055', 1, 0, 4, 5000, NULL, 1000),
       ('P-056', 1, 4, 4, 6000, NULL, NULL),
       ('P-057', 3, NULL, 3, NULL, NULL, NULL),
       ('P-058', 3, NULL, 2, NULL, NULL, NULL),
       ('P-059', 3, NULL, 2, NULL, NULL, NULL),
       ('P-060', 3, NULL, 2, NULL, NULL, NULL),
       ('P-061', 1, 0, 8, 10000, NULL, 1000),
       ('P-062', 1, 4, 4, 6000, NULL, NULL),
       ('P-063', 1, 0, 4, 5000, NULL, 2000),
       ('P-064', 1, 2, 6, 8000, NULL, 1000),
       ('P-065', 1, 3, 3, 4000, NULL, 1000),
       ('P-066', 1, 2, 4, 5000, NULL, 1000),
       ('P-067', 1, 2, 5, 6000, NULL, NULL),
       ('P-068', 1, 0, 3, 4000, NULL, 2000),
       ('P-069', 1, 0, 1, 1000, NULL, 1000),
       ('P-070', 1, 2, 2, 2000, NULL, 1000),
       ('P-071', 1, 2, 4, 6000, NULL, NULL),
       ('P-072', 1, 4, 4, 6000, NULL, NULL),
       ('P-076', 0, 2, NULL, 5000, 4, NULL),
       ('P-077', 1, 0, 6, 6000, NULL, 1000)
ON CONFLICT DO NOTHING;

INSERT INTO UT_CARD_IMAGE (CARD_ID, NAME, RARITY_ID, PRODUCT_ID)
VALUES ('EB01-012', 'EB01-012_p2.png', 3, 'PROMOTION-CARD'),
       ('OP01-004', 'OP01-004_p2.png', 5, 'PROMOTION-CARD'),
       ('OP01-005', 'OP01-005_p4.png', 5, 'PROMOTION-CARD'),
       ('OP01-013', 'OP01-013_p3.png', 5, 'PROMOTION-CARD'),
       ('OP01-016', 'OP01-016_p6.png', 5, 'PROMOTION-CARD'),
       ('OP01-016', 'OP01-016_p5.png', 5, 'PROMOTION-CARD'),
       ('OP01-017', 'OP01-017_p3.png', 5, 'PROMOTION-CARD'),
       ('OP01-021', 'OP01-021_p1.png', 2, 'PROMOTION-CARD'),
       ('OP01-021', 'OP01-021_p2.png', 2, 'PROMOTION-CARD'),
       ('OP01-021', 'OP01-021_p5.png', 2, 'PROMOTION-CARD'),
       ('OP01-025', 'OP01-025_p4.png', 3, 'PROMOTION-CARD'),
       ('OP01-033', 'OP01-033_p1.png', 2, 'PROMOTION-CARD'),
       ('OP01-035', 'OP01-035_p1.png', 5, 'PROMOTION-CARD'),
       ('OP01-041', 'OP01-041_p1.png', 5, 'PROMOTION-CARD'),
       ('OP01-070', 'OP01-070_p2.png', 3, 'PROMOTION-CARD'),
       ('OP01-077', 'OP01-077_p3.png', 2, 'PROMOTION-CARD'),
       ('OP01-094', 'OP01-094_p3.png', 3, 'PROMOTION-CARD'),
       ('OP01-108', 'OP01-108_p1.png', 2, 'PROMOTION-CARD'),
       ('OP01-120', 'OP01-120_p4.png', 4, 'PROMOTION-CARD'),
       ('OP02-029', 'OP02-029_p2.png', 5, 'PROMOTION-CARD'),
       ('OP02-034', 'OP02-034_p3.png', 2, 'PROMOTION-CARD'),
       ('OP02-035', 'OP02-035_p1.png', 1, 'PROMOTION-CARD'),
       ('OP02-059', 'OP02-059_p2.png', 2, 'PROMOTION-CARD'),
       ('OP02-096', 'OP02-096_p3.png', 3, 'PROMOTION-CARD'),
       ('OP02-098', 'OP02-098_p1.png', 5, 'PROMOTION-CARD'),
       ('OP02-098', 'OP02-098_p3.png', 5, 'PROMOTION-CARD'),
       ('OP02-099', 'OP02-099_p4.png', 3, 'PROMOTION-CARD'),
       ('OP02-105', 'OP02-105_p3.png', 1, 'PROMOTION-CARD'),
       ('OP02-108', 'OP02-108_p2.png', 1, 'PROMOTION-CARD'),
       ('OP02-114', 'OP02-114_p3.png', 3, 'PROMOTION-CARD'),
       ('OP03-033', 'OP03-033_p1.png', 2, 'PROMOTION-CARD'),
       ('OP03-044', 'OP03-044_p1.png', 5, 'PROMOTION-CARD'),
       ('OP03-044', 'OP03-044_p2.png', 5, 'PROMOTION-CARD'),
       ('OP03-088', 'OP03-088_p1.png', 2, 'PROMOTION-CARD'),
       ('OP03-089', 'OP03-089_p1.png', 5, 'PROMOTION-CARD'),
       ('OP03-102', 'OP03-102_p1.png', 5, 'PROMOTION-CARD'),
       ('OP03-112', 'OP03-112_p2.png', 5, 'PROMOTION-CARD'),
       ('OP03-112', 'OP03-112_p3.png', 5, 'PROMOTION-CARD'),
       ('OP03-116', 'OP03-116_p1.png', 2, 'PROMOTION-CARD'),
       ('OP03-123', 'OP03-123_p2.png', 4, 'PROMOTION-CARD'),
       ('OP04-010', 'OP04-010_p1.png', 1, 'PROMOTION-CARD'),
       ('OP04-083', 'OP04-083_p3.png', 3, 'PROMOTION-CARD'),
       ('OP04-112', 'OP04-112_p2.png', 3, 'PROMOTION-CARD'),
       ('OP05-060', 'OP05-060_p2.png', 0, 'PROMOTION-CARD'),
       ('OP05-067', 'OP05-067_p2.png', 5, 'PROMOTION-CARD'),
       ('OP05-098', 'OP05-098_p2.png', 0, 'PROMOTION-CARD'),
       ('OP05-106', 'OP05-106_p1.png', 5, 'PROMOTION-CARD'),
       ('OP06-069', 'OP06-069_p2.png', 3, 'PROMOTION-CARD'),
       ('OP06-093', 'OP06-093_p2.png', 3, 'PROMOTION-CARD'),
       ('OP06-101', 'OP06-101_p3.png', 5, 'PROMOTION-CARD'),
       ('OP07-053', 'OP07-053_p1.png', 5, 'PROMOTION-CARD'),
       ('OP07-053', 'OP07-053_p2.png', 5, 'PROMOTION-CARD'),
       ('OP07-100', 'OP07-100_p1.png', 1, 'PROMOTION-CARD'),
       ('OP07-119', 'OP07-119_p2.png', 4, 'PROMOTION-CARD'),
       ('P-001', 'P-001.png', 7, 'PROMOTION-CARD'),
       ('P-001', 'P-001_p2.png', 7, 'PROMOTION-CARD'),
       ('P-001', 'P-001_p4.png', 7, 'PROMOTION-CARD'),
       ('P-001', 'P-001_p5.png', 7, 'PROMOTION-CARD'),
       ('P-002', 'P-002.png', 7, 'PROMOTION-CARD'),
       ('P-003', 'P-003.png', 7, 'PROMOTION-CARD'),
       ('P-003', 'P-003_p1.png', 7, 'PROMOTION-CARD'),
       ('P-003', 'P-003_p3.png', 7, 'PROMOTION-CARD'),
       ('P-004', 'P-004.png', 7, 'PROMOTION-CARD'),
       ('P-005', 'P-005.png', 7, 'PROMOTION-CARD'),
       ('P-006', 'P-006.png', 7, 'PROMOTION-CARD'),
       ('P-007', 'P-007.png', 7, 'PROMOTION-CARD'),
       ('P-008', 'P-008.png', 7, 'PROMOTION-CARD'),
       ('P-009', 'P-009.png', 7, 'PROMOTION-CARD'),
       ('P-010', 'P-010.png', 7, 'PROMOTION-CARD'),
       ('P-011', 'P-011.png', 0, 'PROMOTION-CARD'),
       ('P-012', 'P-012.png', 7, 'PROMOTION-CARD'),
       ('P-013', 'P-013.png', 7, 'PROMOTION-CARD'),
       ('P-014', 'P-014.png', 7, 'PROMOTION-CARD'),
       ('P-015', 'P-015.png', 7, 'PROMOTION-CARD'),
       ('P-016', 'P-016.png', 7, 'PROMOTION-CARD'),
       ('P-017', 'P-017.png', 7, 'PROMOTION-CARD'),
       ('P-017', 'P-017_p1.png', 7, 'PROMOTION-CARD'),
       ('P-017', 'P-017_p2.png', 7, 'PROMOTION-CARD'),
       ('P-018', 'P-018.png', 7, 'PROMOTION-CARD'),
       ('P-019', 'P-019.png', 7, 'PROMOTION-CARD'),
       ('P-019', 'P-019_p1.png', 7, 'PROMOTION-CARD'),
       ('P-020', 'P-020.png', 7, 'PROMOTION-CARD'),
       ('P-021', 'P-021.png', 7, 'PROMOTION-CARD'),
       ('P-022', 'P-022.png', 7, 'PROMOTION-CARD'),
       ('P-023', 'P-023.png', 7, 'PROMOTION-CARD'),
       ('P-024', 'P-024.png', 7, 'PROMOTION-CARD'),
       ('P-025', 'P-025.png', 7, 'PROMOTION-CARD'),
       ('P-026', 'P-026.png', 7, 'PROMOTION-CARD'),
       ('P-027', 'P-027.png', 7, 'PROMOTION-CARD'),
       ('P-028', 'P-028.png', 7, 'PROMOTION-CARD'),
       ('P-028', 'P-028_p1.png', 7, 'PROMOTION-CARD'),
       ('P-028', 'P-028_p2.png', 7, 'PROMOTION-CARD'),
       ('P-029', 'P-029.png', 7, 'PROMOTION-CARD'),
       ('P-030', 'P-030.png', 7, 'PROMOTION-CARD'),
       ('P-031', 'P-031.png', 7, 'PROMOTION-CARD'),
       ('P-032', 'P-032.png', 7, 'PROMOTION-CARD'),
       ('P-033', 'P-033.png', 7, 'PROMOTION-CARD'),
       ('P-034', 'P-034.png', 7, 'PROMOTION-CARD'),
       ('P-035', 'P-035.png', 7, 'PROMOTION-CARD'),
       ('P-036', 'P-036.png', 7, 'PROMOTION-CARD'),
       ('P-037', 'P-037.png', 7, 'PROMOTION-CARD'),
       ('P-038', 'P-038.png', 7, 'PROMOTION-CARD'),
       ('P-039', 'P-039.png', 7, 'PROMOTION-CARD'),
       ('P-040', 'P-040.png', 7, 'PROMOTION-CARD'),
       ('P-041', 'P-041.png', 7, 'PROMOTION-CARD'),
       ('P-041', 'P-041_p1.png', 7, 'PROMOTION-CARD'),
       ('P-041', 'P-041_p3.png', 7, 'PROMOTION-CARD'),
       ('P-041', 'P-041_p4.png', 7, 'PROMOTION-CARD'),
       ('P-042', 'P-042.png', 7, 'PROMOTION-CARD'),
       ('P-043', 'P-043.png', 7, 'PROMOTION-CARD'),
       ('P-044', 'P-044.png', 7, 'PROMOTION-CARD'),
       ('P-045', 'P-045.png', 7, 'PROMOTION-CARD'),
       ('P-046', 'P-046.png', 7, 'PROMOTION-CARD'),
       ('P-047', 'P-047.png', 7, 'PROMOTION-CARD'),
       ('P-048', 'P-048.png', 7, 'PROMOTION-CARD'),
       ('P-049', 'P-049.png', 7, 'PROMOTION-CARD'),
       ('P-050', 'P-050.png', 7, 'PROMOTION-CARD'),
       ('P-051', 'P-051.png', 7, 'PROMOTION-CARD'),
       ('P-052', 'P-052.png', 7, 'PROMOTION-CARD'),
       ('P-053', 'P-053.png', 7, 'PROMOTION-CARD'),
       ('P-054', 'P-054.png', 7, 'PROMOTION-CARD'),
       ('P-055', 'P-055.png', 7, 'PROMOTION-CARD'),
       ('P-056', 'P-056.png', 7, 'PROMOTION-CARD'),
       ('P-057', 'P-057.png', 7, 'PROMOTION-CARD'),
       ('P-058', 'P-058.png', 7, 'PROMOTION-CARD'),
       ('P-059', 'P-059.png', 7, 'PROMOTION-CARD'),
       ('P-060', 'P-060.png', 7, 'PROMOTION-CARD'),
       ('P-061', 'P-061.png', 7, 'PROMOTION-CARD'),
       ('P-062', 'P-062.png', 7, 'PROMOTION-CARD'),
       ('P-063', 'P-063.png', 7, 'PROMOTION-CARD'),
       ('P-064', 'P-064.png', 7, 'PROMOTION-CARD'),
       ('P-065', 'P-065.png', 7, 'PROMOTION-CARD'),
       ('P-066', 'P-066.png', 7, 'PROMOTION-CARD'),
       ('P-067', 'P-067.png', 7, 'PROMOTION-CARD'),
       ('P-068', 'P-068.png', 7, 'PROMOTION-CARD'),
       ('P-069', 'P-069.png', 7, 'PROMOTION-CARD'),
       ('P-070', 'P-070.png', 7, 'PROMOTION-CARD'),
       ('P-071', 'P-071.png', 7, 'PROMOTION-CARD'),
       ('P-072', 'P-072.png', 7, 'PROMOTION-CARD'),
       ('P-076', 'P-076.png', 7, 'PROMOTION-CARD'),
       ('P-077', 'P-077.png', 7, 'PROMOTION-CARD'),
       ('ST01-001', 'ST01-001_p3.png', 0, 'PROMOTION-CARD'),
       ('ST01-004', 'ST01-004_p2.png', 1, 'PROMOTION-CARD'),
       ('ST01-005', 'ST01-005_p3.png', 1, 'PROMOTION-CARD'),
       ('ST01-006', 'ST01-006_p6.png', 1, 'PROMOTION-CARD'),
       ('ST01-006', 'ST01-006_p7.png', 1, 'PROMOTION-CARD'),
       ('ST01-007', 'ST01-007_p1.png', 1, 'PROMOTION-CARD'),
       ('ST01-007', 'ST01-007_p2.png', 1, 'PROMOTION-CARD'),
       ('ST01-008', 'ST01-008_p3.png', 1, 'PROMOTION-CARD'),
       ('ST01-009', 'ST01-009_p1.png', 1, 'PROMOTION-CARD'),
       ('ST01-011', 'ST01-011_p2.png', 1, 'PROMOTION-CARD'),
       ('ST01-012', 'ST01-012_p5.png', 3, 'PROMOTION-CARD'),
       ('ST01-012', 'ST01-012_p6.png', 3, 'PROMOTION-CARD'),
       ('ST01-013', 'ST01-013_p5.png', 3, 'PROMOTION-CARD'),
       ('ST01-013', 'ST01-013_p4.png', 3, 'PROMOTION-CARD'),
       ('ST01-015', 'ST01-015_p2.png', 1, 'PROMOTION-CARD'),
       ('ST01-015', 'ST01-015_p3.png', 1, 'PROMOTION-CARD'),
       ('ST02-007', 'ST02-007_p1.png', 1, 'PROMOTION-CARD'),
       ('ST02-008', 'ST02-008_p2.png', 1, 'PROMOTION-CARD'),
       ('ST02-013', 'ST02-013_p2.png', 3, 'PROMOTION-CARD'),
       ('ST03-003', 'ST03-003_p1.png', 3, 'PROMOTION-CARD'),
       ('ST03-004', 'ST03-004_p1.png', 1, 'PROMOTION-CARD'),
       ('ST03-005', 'ST03-005_p1.png', 1, 'PROMOTION-CARD'),
       ('ST03-005', 'ST03-005_p2.png', 1, 'PROMOTION-CARD'),
       ('ST03-007', 'ST03-007_p1.png', 1, 'PROMOTION-CARD'),
       ('ST03-008', 'ST03-008_p1.png', 1, 'PROMOTION-CARD'),
       ('ST03-008', 'ST03-008_p3.png', 1, 'PROMOTION-CARD'),
       ('ST03-008', 'ST03-008_p4.png', 1, 'PROMOTION-CARD'),
       ('ST03-014', 'ST03-014_p1.png', 1, 'PROMOTION-CARD'),
       ('ST04-003', 'ST04-003_p2.png', 3, 'PROMOTION-CARD'),
       ('ST04-005', 'ST04-005_p2.png', 1, 'PROMOTION-CARD'),
       ('ST04-008', 'ST04-008_p1.png', 1, 'PROMOTION-CARD'),
       ('ST04-010', 'ST04-010_p1.png', 1, 'PROMOTION-CARD'),
       ('ST04-011', 'ST04-011_p1.png', 1, 'PROMOTION-CARD'),
       ('ST04-011', 'ST04-011_p3.png', 1, 'PROMOTION-CARD'),
       ('ST06-006', 'ST06-006_p1.png', 1, 'PROMOTION-CARD'),
       ('ST07-007', 'ST07-007_p1.png', 1, 'PROMOTION-CARD'),
       ('ST07-008', 'ST07-008_p1.png', 1, 'PROMOTION-CARD'),
       ('ST07-008', 'ST07-008_p3.png', 1, 'PROMOTION-CARD'),
       ('ST07-010', 'ST07-010_p2.png', 3, 'PROMOTION-CARD'),
       ('ST09-012', 'ST09-012_p1.png', 1, 'PROMOTION-CARD'),
       ('ST10-006', 'ST10-006_p2.png', 3, 'PROMOTION-CARD'),
       ('ST10-010', 'ST10-010_p2.png', 3, 'PROMOTION-CARD'),
       ('ST10-013', 'ST10-013_p2.png', 3, 'PROMOTION-CARD'),
       ('ST11-003', 'ST11-003_p1.png', 1, 'PROMOTION-CARD'),
       ('ST11-004', 'ST11-004_p1.png', 3, 'PROMOTION-CARD'),
       ('ST11-005', 'ST11-005_p1.png', 1, 'PROMOTION-CARD')
ON CONFLICT DO NOTHING;

INSERT INTO UT_CARD_COLOR (COLOR_ID, CARD_ID)
VALUES (0, 'P-001'),
       (0, 'P-002'),
       (1, 'P-003'),
       (2, 'P-004'),
       (3, 'P-005'),
       (0, 'P-006'),
       (0, 'P-007'),
       (1, 'P-008'),
       (2, 'P-009'),
       (3, 'P-010'),
       (0, 'P-011'),
       (0, 'P-012'),
       (0, 'P-013'),
       (0, 'P-014'),
       (0, 'P-015'),
       (0, 'P-016'),
       (0, 'P-017'),
       (0, 'P-018'),
       (0, 'P-019'),
       (0, 'P-020'),
       (0, 'P-021'),
       (0, 'P-022'),
       (0, 'P-023'),
       (1, 'P-024'),
       (4, 'P-025'),
       (4, 'P-026'),
       (0, 'P-027'),
       (0, 'P-028'),
       (1, 'P-029'),
       (2, 'P-030'),
       (3, 'P-031'),
       (4, 'P-032'),
       (2, 'P-033'),
       (5, 'P-034'),
       (4, 'P-035'),
       (5, 'P-036'),
       (1, 'P-037'),
       (4, 'P-038'),
       (5, 'P-039'),
       (3, 'P-040'),
       (3, 'P-041'),
       (5, 'P-042'),
       (2, 'P-043'),
       (0, 'P-044'),
       (3, 'P-045'),
       (3, 'P-046'),
       (2, 'P-047'),
       (2, 'P-048'),
       (2, 'P-049'),
       (2, 'P-050'),
       (2, 'P-051'),
       (2, 'P-052'),
       (2, 'P-053'),
       (2, 'P-054'),
       (2, 'P-055'),
       (2, 'P-056'),
       (1, 'P-057'),
       (1, 'P-058'),
       (1, 'P-059'),
       (1, 'P-060'),
       (1, 'P-061'),
       (1, 'P-062'),
       (1, 'P-063'),
       (5, 'P-064'),
       (4, 'P-065'),
       (2, 'P-066'),
       (1, 'P-067'),
       (2, 'P-068'),
       (0, 'P-069'),
       (1, 'P-070'),
       (2, 'P-071'),
       (1, 'P-072'),
       (2, 'P-076'),
       (4, 'P-076'),
       (3, 'P-077')
ON CONFLICT DO NOTHING;

INSERT INTO UT_CARD_TAG (TAG_ID, CARD_ID)
VALUES (1, 'P-001'),
       (0, 'P-001'),
       (0, 'P-002'),
       (1, 'P-003'),
       (5, 'P-003'),
       (15, 'P-004'),
       (16, 'P-004'),
       (25, 'P-005'),
       (26, 'P-005'),
       (1, 'P-006'),
       (0, 'P-006'),
       (1, 'P-007'),
       (0, 'P-007'),
       (35, 'P-008'),
       (1, 'P-009'),
       (11, 'P-009'),
       (25, 'P-010'),
       (26, 'P-010'),
       (28, 'P-011'),
       (28, 'P-012'),
       (84, 'P-012'),
       (28, 'P-013'),
       (28, 'P-014'),
       (8, 'P-014'),
       (28, 'P-015'),
       (0, 'P-015'),
       (28, 'P-016'),
       (25, 'P-016'),
       (34, 'P-016'),
       (28, 'P-017'),
       (1, 'P-017'),
       (11, 'P-017'),
       (28, 'P-018'),
       (1, 'P-018'),
       (41, 'P-018'),
       (28, 'P-019'),
       (13, 'P-019'),
       (11, 'P-019'),
       (28, 'P-020'),
       (8, 'P-020'),
       (28, 'P-021'),
       (34, 'P-021'),
       (28, 'P-022'),
       (1, 'P-022'),
       (0, 'P-022'),
       (28, 'P-023'),
       (34, 'P-023'),
       (1, 'P-024'),
       (0, 'P-024'),
       (8, 'P-025'),
       (8, 'P-026'),
       (0, 'P-027'),
       (51, 'P-028'),
       (28, 'P-029'),
       (1, 'P-029'),
       (41, 'P-029'),
       (4, 'P-030'),
       (15, 'P-030'),
       (18, 'P-030'),
       (28, 'P-031'),
       (8, 'P-032'),
       (0, 'P-033'),
       (75, 'P-034'),
       (0, 'P-035'),
       (35, 'P-036'),
       (0, 'P-036'),
       (0, 'P-037'),
       (11, 'P-038'),
       (83, 'P-039'),
       (25, 'P-040'),
       (26, 'P-040'),
       (25, 'P-041'),
       (0, 'P-041'),
       (0, 'P-042'),
       (0, 'P-043'),
       (20, 'P-044'),
       (0, 'P-045'),
       (35, 'P-046'),
       (0, 'P-047'),
       (4, 'P-048'),
       (45, 'P-048'),
       (0, 'P-049'),
       (0, 'P-050'),
       (34, 'P-051'),
       (15, 'P-052'),
       (0, 'P-053'),
       (8, 'P-054'),
       (0, 'P-055'),
       (0, 'P-056'),
       (111, 'P-057'),
       (28, 'P-057'),
       (111, 'P-058'),
       (28, 'P-058'),
       (111, 'P-059'),
       (28, 'P-059'),
       (111, 'P-060'),
       (28, 'P-060'),
       (28, 'P-061'),
       (0, 'P-061'),
       (4, 'P-062'),
       (70, 'P-062'),
       (99, 'P-062'),
       (4, 'P-063'),
       (35, 'P-064'),
       (43, 'P-064'),
       (2, 'P-065'),
       (0, 'P-065'),
       (15, 'P-066'),
       (23, 'P-066'),
       (1, 'P-067'),
       (5, 'P-067'),
       (97, 'P-068'),
       (75, 'P-068'),
       (20, 'P-069'),
       (13, 'P-070'),
       (51, 'P-071'),
       (134, 'P-072'),
       (8, 'P-076'),
       (26, 'P-077')
ON CONFLICT DO NOTHING;

INSERT INTO UT_CARD_DESCRIPTION (CARD_ID, LANGUAGE_CODE, NAME, EFFECT)
VALUES ('P-001', 'en', 'Monkey.D.Luffy',
        '[DON!! x2] This Character gains [Rush]. \n (This card can attack on the turn in which it is played.)'),
       ('P-001', 'fr', 'Monkey.D.Luffy',
        '[DON!! x2] This Character gains [Rush]. \n (This card can attack on the turn in which it is played.)'),
       ('P-002', 'en', 'I Smell Adventure Ahead!',
        '[Main] Return all cards in your hand to your deck and shuffle your deck. Then, draw cards equal to the number you returned to your deck. \n [Trigger] Activate this card''s [Main] effect.'),
       ('P-002', 'fr', 'I Smell Adventure Ahead!',
        '[Main] Return all cards in your hand to your deck and shuffle your deck. Then, draw cards equal to the number you returned to your deck. \n [Trigger] Activate this card''s [Main] effect.'),
       ('P-003', 'en', 'Eustass"Captain"Kid',
        '[DON!! x2] This Character gains [Double Attack]. \n (This card deals 2 damage.)'),
       ('P-003', 'fr', 'Eustass"Captain"Kid',
        '[DON!! x2] This Character gains [Double Attack]. \n (This card deals 2 damage.)'),
       ('P-004', 'en', 'Crocodile',
        '[DON!! x1] This Character gains [Blocker]. \n (After your opponent declares an attack, you may rest this card to make it the new target of the attack.)'),
       ('P-004', 'fr', 'Crocodile',
        '[DON!! x1] This Character gains [Blocker]. \n (After your opponent declares an attack, you may rest this card to make it the new target of the attack.)'),
       ('P-005', 'en', 'Kaido',
        '[Activate: Main]  DON!! −2 (You may return the specified number of DON!! cards from your field to your DON!! deck.): This Character gains [Banish] during this turn. \n (When this card deals damage, the target card is trashed without activating its Trigger.)'),
       ('P-005', 'fr', 'Kaido',
        '[Activate: Main]  DON!! −2 (You may return the specified number of DON!! cards from your field to your DON!! deck.): This Character gains [Banish] during this turn. \n (When this card deals damage, the target card is trashed without activating its Trigger.)'),
       ('P-006', 'en', 'Monkey.D.Luffy', '[DON!! x2] [Your Turn] This Character gains +2000 power.'),
       ('P-006', 'fr', 'Monkey.D.Luffy', '[DON!! x2] [Your Turn] This Character gains +2000 power.'),
       ('P-007', 'en', 'Monkey.D.Luffy',
        '[DON!! x1] This Character cannot be K.O.''d in battle by <Strike> attribute Leaders or Characters.'),
       ('P-007', 'fr', 'Monkey.D.Luffy',
        '[DON!! x1] This Character cannot be K.O.''d in battle by <Strike> attribute Leaders or Characters.'),
       ('P-008', 'en', 'Yamato',
        '[Activate: Main] You may rest this Character: Rest 1 of your opponent''s Characters with a cost of 2 or less.'),
       ('P-008', 'fr', 'Yamato',
        '[Activate: Main] You may rest this Character: Rest 1 of your opponent''s Characters with a cost of 2 or less.'),
       ('P-009', 'en', 'Trafalgar Law',
        '[On Play] If your opponent has 6 or more cards in their hand, your opponent adds 1 card from their Life area to their hand.'),
       ('P-009', 'fr', 'Trafalgar Law',
        '[On Play] If your opponent has 6 or more cards in their hand, your opponent adds 1 card from their Life area to their hand.'),
       ('P-010', 'en', 'Kaido', '[End of Your Turn] Add 1 DON!! card from your DON!! deck and set it as active.'),
       ('P-010', 'fr', 'Kaido', '[End of Your Turn] Add 1 DON!! card from your DON!! deck and set it as active.'),
       ('P-011', 'en', 'Uta',
        '[Activate: Main] [Once Per Turn] ① (You may rest the specified number of DON!! cards in your cost area.): Up to 1 of your Characters with no base effect gains +2000 power during this turn.'),
       ('P-011', 'fr', 'Uta',
        '[Activate: Main] [Once Per Turn] ① (You may rest the specified number of DON!! cards in your cost area.): Up to 1 of your Characters with no base effect gains +2000 power during this turn.'),
       ('P-012', 'en', 'Jellyfish Pirates', NULL),
       ('P-012', 'fr', 'Jellyfish Pirates', NULL),
       ('P-013', 'en', 'Gordon',
        '[Activate: Main] You may place this Character at the bottom of the owner''s deck: Give up to 1 of your opponent''s Characters −3000 power during this turn.'),
       ('P-013', 'fr', 'Gordon',
        '[Activate: Main] You may place this Character at the bottom of the owner''s deck: Give up to 1 of your opponent''s Characters −3000 power during this turn.'),
       ('P-014', 'en', 'Koby',
        '[Blocker] (After your opponent declares an attack, you may rest this card to make it the new target of the attack.) \n [Trigger] Play this card.'),
       ('P-014', 'fr', 'Koby',
        '[Blocker] (After your opponent declares an attack, you may rest this card to make it the new target of the attack.) \n [Trigger] Play this card.'),
       ('P-015', 'en', 'Sunny-Kun', NULL),
       ('P-015', 'fr', 'Sunny-Kun', NULL),
       ('P-016', 'en', 'Shanks', NULL),
       ('P-016', 'fr', 'Shanks', NULL),
       ('P-017', 'en', 'Trafalgar Law',
        '[On Play] Give up to 1 of your opponent''s Characters −2000 power during this turn.'),
       ('P-017', 'fr', 'Trafalgar Law',
        '[On Play] Give up to 1 of your opponent''s Characters −2000 power during this turn.'),
       ('P-018', 'en', 'Bartolomeo',
        '[Blocker] (After your opponent declares an attack, you may rest this card to make it the new target of the attack.)'),
       ('P-018', 'fr', 'Bartolomeo',
        '[Blocker] (After your opponent declares an attack, you may rest this card to make it the new target of the attack.)'),
       ('P-019', 'en', 'Bepo',
        '[DON!! x1] [When Attacking] K.O. up to 1 of your opponent''s Characters with 3000 power or less.'),
       ('P-019', 'fr', 'Bepo',
        '[DON!! x1] [When Attacking] K.O. up to 1 of your opponent''s Characters with 3000 power or less.'),
       ('P-020', 'en', 'Helmeppo',
        '[On Play] Up to 1 of your Leader or Character cards gains +1000 power during this turn.'),
       ('P-020', 'fr', 'Helmeppo',
        '[On Play] Up to 1 of your Leader or Character cards gains +1000 power during this turn.'),
       ('P-021', 'en', 'Benn.Beckman', NULL),
       ('P-021', 'fr', 'Benn.Beckman', NULL),
       ('P-022', 'en', 'Monkey.D.Luffy', NULL),
       ('P-022', 'fr', 'Monkey.D.Luffy', NULL),
       ('P-023', 'en', 'Yasopp', NULL),
       ('P-023', 'fr', 'Yasopp', NULL),
       ('P-024', 'en', 'I''m Gonna Be King of the Pirates!!',
        '[Main] Your Leader gains +1000 power for each of your Characters during this turn. \n [Trigger] Up to 1 of your Leader or Character cards gains +1000 power during this turn.'),
       ('P-024', 'fr', 'I''m Gonna Be King of the Pirates!!',
        '[Main] Your Leader gains +1000 power for each of your Characters during this turn. \n [Trigger] Up to 1 of your Leader or Character cards gains +1000 power during this turn.'),
       ('P-025', 'en', 'Smoker',
        '[DON!! x1] This Character cannot be K.O.''d in battle by Characters without the <Special> attribute.'),
       ('P-025', 'fr', 'Smoker',
        '[DON!! x1] This Character cannot be K.O.''d in battle by Characters without the <Special> attribute.'),
       ('P-026', 'en', 'Morgan',
        '[When Attacking] Give up to 1 of your opponent''s Characters −3 cost during this turn.'),
       ('P-026', 'fr', 'Morgan',
        '[When Attacking] Give up to 1 of your opponent''s Characters −3 cost during this turn.'),
       ('P-027', 'en', 'General Franky',
        'Also treat this card''s name as [Franky] according to the rules. \n [Opponent''s Turn] All of your Characters with a base power of 3000 or less gain +1000 Power.'),
       ('P-027', 'fr', 'General Franky',
        'Also treat this card''s name as [Franky] according to the rules. \n [Opponent''s Turn] All of your Characters with a base power of 3000 or less gain +1000 Power.'),
       ('P-028', 'en', 'Portgas.D.Ace', '[Double Attack] (This card deals 2 damage.)'),
       ('P-028', 'fr', 'Portgas.D.Ace', '[Double Attack] (This card deals 2 damage.)'),
       ('P-029', 'en', 'Bartolomeo',
        '[End of Your Turn] You may rest this Character: Set up to 1 of your {FILM} type Characters other than [Bartolomeo] as active.'),
       ('P-029', 'fr', 'Bartolomeo',
        '[End of Your Turn] You may rest this Character: Set up to 1 of your {FILM} type Characters other than [Bartolomeo] as active.'),
       ('P-030', 'en', 'Jinbe',
        '[On K.O.] Place up to 1 Character with a cost of 3 or less at the bottom of the owner''s deck.'),
       ('P-030', 'fr', 'Jinbe',
        '[On K.O.] Place up to 1 Character with a cost of 3 or less at the bottom of the owner''s deck.'),
       ('P-031', 'en', 'Uta', '[On Play] Add up to 1 DON!! card from your DON!! deck and rest it.'),
       ('P-031', 'fr', 'Uta', '[On Play] Add up to 1 DON!! card from your DON!! deck and rest it.'),
       ('P-032', 'en', 'Sengoku', '[DON!! x1] [Your Turn] Give all of your opponent''s Characters −2 cost.'),
       ('P-032', 'fr', 'Sengoku', '[DON!! x1] [Your Turn] Give all of your opponent''s Characters −2 cost.'),
       ('P-033', 'en', 'Monkey.D.Luffy',
        '[Activate: Main] You may place this Character at the bottom of the owner''s deck: Draw 1 card.'),
       ('P-033', 'fr', 'Monkey.D.Luffy',
        '[Activate: Main] You may place this Character at the bottom of the owner''s deck: Draw 1 card.'),
       ('P-034', 'en', 'Sanji',
        '[DON!! x1] [Your Turn] If you have 2 or less Life cards, this Character gains +2000 power.'),
       ('P-034', 'fr', 'Sanji',
        '[DON!! x1] [Your Turn] If you have 2 or less Life cards, this Character gains +2000 power.'),
       ('P-035', 'en', 'Monkey.D.Luffy',
        '[DON!! x1] [When Attacking] You may trash 1 card from your hand: K.O. up to 1 of your opponent''s Characters with a cost of 0.'),
       ('P-035', 'fr', 'Monkey.D.Luffy',
        '[DON!! x1] [When Attacking] You may trash 1 card from your hand: K.O. up to 1 of your opponent''s Characters with a cost of 0.'),
       ('P-036', 'en', 'Monkey.D.Luffy',
        '[When Attacking] You may add 1 card from the top or bottom of your Life cards to your hand: This Character and up to 1 of your Leader gain +1000 power during this turn.'),
       ('P-036', 'fr', 'Monkey.D.Luffy',
        '[When Attacking] You may add 1 card from the top or bottom of your Life cards to your hand: This Character and up to 1 of your Leader gain +1000 power during this turn.'),
       ('P-037', 'en', 'Monkey.D.Luffy',
        '[When Attacking] If you have 2 or more rested Characters, this Character gains +1000 power during this turn.'),
       ('P-037', 'fr', 'Monkey.D.Luffy',
        '[When Attacking] If you have 2 or more rested Characters, this Character gains +1000 power during this turn.'),
       ('P-038', 'en', 'Trafalgar Law',
        '[On Play] You may rest your 1 Leader: K.O. up to 1 of your opponent''s Characters with a cost of 1 or less.'),
       ('P-038', 'fr', 'Trafalgar Law',
        '[On Play] You may rest your 1 Leader: K.O. up to 1 of your opponent''s Characters with a cost of 1 or less.'),
       ('P-039', 'en', 'Bellamy',
        '[Banish] (When this card deals damage, the target card is trashed without activating its Trigger.) \n [DON!! x2] If you have 0 Life cards, this Character gains +2000 power.'),
       ('P-039', 'fr', 'Bellamy',
        '[Banish] (When this card deals damage, the target card is trashed without activating its Trigger.) \n [DON!! x2] If you have 0 Life cards, this Character gains +2000 power.'),
       ('P-040', 'en', 'Kaido',
        'If your opponent has 10 DON!! cards on their field, this Character cannot be K.O.''d.'),
       ('P-040', 'fr', 'Kaido',
        'If your opponent has 10 DON!! cards on their field, this Character cannot be K.O.''d.'),
       ('P-041', 'en', 'Monkey.D.Luffy', NULL),
       ('P-041', 'fr', 'Monkey.D.Luffy', NULL),
       ('P-042', 'en', 'Roronoa Zoro',
        '[Trigger] K.O. up to 1 of your opponent''s Characters with a cost of 4 or less.'),
       ('P-042', 'fr', 'Roronoa Zoro',
        '[Trigger] K.O. up to 1 of your opponent''s Characters with a cost of 4 or less.'),
       ('P-043', 'en', 'Monkey.D.Luffy',
        '[On Play] Return up to 1 Character with a cost of 3 or less to the owner''s hand.'),
       ('P-043', 'fr', 'Monkey.D.Luffy',
        '[On Play] Return up to 1 Character with a cost of 3 or less to the owner''s hand.'),
       ('P-044', 'en', 'Sabo',
        '[DON!! x1] If you have 4 or less cards in your hand, this Character gains +2000 power.'),
       ('P-044', 'fr', 'Sabo',
        '[DON!! x1] If you have 4 or less cards in your hand, this Character gains +2000 power.'),
       ('P-045', 'en', 'Roronoa Zoro',
        '[Banish] (When this card deals damage, the target card is trashed without activating its Trigger.)'),
       ('P-045', 'fr', 'Roronoa Zoro',
        '[Banish] (When this card deals damage, the target card is trashed without activating its Trigger.)'),
       ('P-046', 'en', 'Yamato',
        '[On Play] You may place all cards in your hand at the bottom of your deck in any order. If you do, draw cards equal to the number you placed at the bottom of your deck.'),
       ('P-046', 'fr', 'Yamato',
        '[On Play] You may place all cards in your hand at the bottom of your deck in any order. If you do, draw cards equal to the number you placed at the bottom of your deck.'),
       ('P-047', 'en', 'Monkey.D.Luffy',
        '[DON!! x1] [When Attacking] Draw 1 card if you have 3 or less cards in your hand.'),
       ('P-047', 'fr', 'Monkey.D.Luffy',
        '[DON!! x1] [When Attacking] Draw 1 card if you have 3 or less cards in your hand.'),
       ('P-048', 'en', 'Arlong',
        '[DON!! x1] [When Attacking] If you have 4 or more Life cards, your opponent places 1 card from their hand at the bottom of their deck.'),
       ('P-048', 'fr', 'Arlong',
        '[DON!! x1] [When Attacking] If you have 4 or more Life cards, your opponent places 1 card from their hand at the bottom of their deck.'),
       ('P-049', 'en', 'Usopp',
        '[On Play] Look at 5 cards from the top of your deck and place them at the top or bottom of the deck in any order.'),
       ('P-049', 'fr', 'Usopp',
        '[On Play] Look at 5 cards from the top of your deck and place them at the top or bottom of the deck in any order.'),
       ('P-050', 'en', 'Sanji',
        '[Blocker] (After your opponent declares an attack, you may rest this card to make it the new target of the attack.) \n [DON!! x1] [Your Turn] If you have 3 or less cards in your hand, this Character gains +4000 power.'),
       ('P-050', 'fr', 'Sanji',
        '[Blocker] (After your opponent declares an attack, you may rest this card to make it the new target of the attack.) \n [DON!! x1] [Your Turn] If you have 3 or less cards in your hand, this Character gains +4000 power.'),
       ('P-051', 'en', 'Shanks',
        '[When Attacking] You may trash any number of cards from your hand. This Character gains +1000 power during this battle for every card trashed.'),
       ('P-051', 'fr', 'Shanks',
        '[When Attacking] You may trash any number of cards from your hand. This Character gains +1000 power during this battle for every card trashed.'),
       ('P-052', 'en', 'Dracule Mihawk',
        '[DON!! x1] This Character cannot be K.O.''d in battle by <Slash> attribute cards.'),
       ('P-052', 'fr', 'Dracule Mihawk',
        '[DON!! x1] This Character cannot be K.O.''d in battle by <Slash> attribute cards.'),
       ('P-053', 'en', 'Nami',
        '[On Play] If you have 3 or less cards in your hand, return up to 1 of your opponent''s Characters with a cost of 3 or less to the owner''s hand.'),
       ('P-053', 'fr', 'Nami',
        '[On Play] If you have 3 or less cards in your hand, return up to 1 of your opponent''s Characters with a cost of 3 or less to the owner''s hand.'),
       ('P-054', 'en', 'Monkey.D.Garp',
        '[DON!! x1] This Character cannot be K.O.''d in battle by <Strike> attribute cards.'),
       ('P-054', 'fr', 'Monkey.D.Garp',
        '[DON!! x1] This Character cannot be K.O.''d in battle by <Strike> attribute cards.'),
       ('P-055', 'en', 'Monkey.D.Luffy',
        '[On Play] You may trash 2 cards from your hand: Your opponent places 1 of their Characters at the bottom of the owner''s deck.'),
       ('P-055', 'fr', 'Monkey.D.Luffy',
        '[On Play] You may trash 2 cards from your hand: Your opponent places 1 of their Characters at the bottom of the owner''s deck.'),
       ('P-056', 'en', 'Roronoa Zoro',
        '[On Play] ➁ (You may rest the specified number of DON!! cards in your cost area.): Return up to 1 Character with a cost of 5 or less to the owner''s hand.'),
       ('P-056', 'fr', 'Roronoa Zoro',
        '[On Play] ➁ (You may rest the specified number of DON!! cards in your cost area.): Return up to 1 Character with a cost of 5 or less to the owner''s hand.'),
       ('P-057', 'en', 'Fleeting Lullaby',
        '[Main] If your Leader is [Uta], up to 2 of your opponent''s rested Characters with a cost of 4 or less will not become active in your opponent''s next Refresh Phase. \n [Trigger] Activate this card''s [Main] effect.'),
       ('P-057', 'fr', 'Fleeting Lullaby',
        '[Main] If your Leader is [Uta], up to 2 of your opponent''s rested Characters with a cost of 4 or less will not become active in your opponent''s next Refresh Phase. \n [Trigger] Activate this card''s [Main] effect.'),
       ('P-058', 'en', 'Where the Wind Blows',
        '[Main] If your Leader is [Uta], set all of your {FILM} type Characters as active at the end of this turn. \n [Trigger] Set all of your {FILM} type Characters as active.'),
       ('P-058', 'fr', 'Where the Wind Blows',
        '[Main] If your Leader is [Uta], set all of your {FILM} type Characters as active at the end of this turn. \n [Trigger] Set all of your {FILM} type Characters as active.'),
       ('P-059', 'en', 'The World''s Continuation',
        '[Counter] If your Leader is [Uta], you may return any number of Characters on your field to the owner''s hand. Up to 1 of your Leader or Character cards gains +2000 power during this battle for every returned Character.'),
       ('P-059', 'fr', 'The World''s Continuation',
        '[Counter] If your Leader is [Uta], you may return any number of Characters on your field to the owner''s hand. Up to 1 of your Leader or Character cards gains +2000 power during this battle for every returned Character.'),
       ('P-060', 'en', 'Tot Musica',
        '[Main] You may rest 1 of your [Uta] cards: Rest up to 2 of your opponent''s DON!! cards.'),
       ('P-060', 'fr', 'Tot Musica',
        '[Main] You may rest 1 of your [Uta] cards: Rest up to 2 of your opponent''s DON!! cards.'),
       ('P-061', 'en', 'Monkey.D.Luffy', NULL),
       ('P-061', 'fr', 'Monkey.D.Luffy', NULL),
       ('P-062', 'en', 'Hody & Hyouzou',
        '[Activate: Main] [Once Per Turn] Rest up to 1 of your opponent''s Characters with a cost of 4 or less and this Character gains +1000 power during this turn. Then, add 1 card from the top of your Life cards to your hand.'),
       ('P-062', 'fr', 'Hody & Hyouzou',
        '[Activate: Main] [Once Per Turn] Rest up to 1 of your opponent''s Characters with a cost of 4 or less and this Character gains +1000 power during this turn. Then, add 1 card from the top of your Life cards to your hand.'),
       ('P-063', 'en', 'Jinbe', '[On Play] Rest up to 1 of your opponent''s Characters with a cost of 1 or less.'),
       ('P-063', 'fr', 'Jinbe', '[On Play] Rest up to 1 of your opponent''s Characters with a cost of 1 or less.'),
       ('P-064', 'en', 'Kouzuki Momonosuke', NULL),
       ('P-064', 'fr', 'Kouzuki Momonosuke', NULL),
       ('P-065', 'en', 'Tony Tony.Chopper',
        '[When Attacking] If your opponent has a Character with a cost of 0, this Character gains +2000 power until the start of your next turn.'),
       ('P-065', 'fr', 'Tony Tony.Chopper',
        '[When Attacking] If your opponent has a Character with a cost of 0, this Character gains +2000 power until the start of your next turn.'),
       ('P-066', 'en', 'Boa Hancock',
        '[Your Turn] If you have 5 or less cards in your hand, all of your {Kuja Pirates} type Characters gain +1000 power.'),
       ('P-066', 'fr', 'Boa Hancock',
        '[Your Turn] If you have 5 or less cards in your hand, all of your {Kuja Pirates} type Characters gain +1000 power.'),
       ('P-067', 'en', 'Eustass"Captain"Kid',
        'If this Character is rested, your opponent cannot attack any card other than the Character [Eustass"Captain"Kid].'),
       ('P-067', 'fr', 'Eustass"Captain"Kid',
        'If this Character is rested, your opponent cannot attack any card other than the Character [Eustass"Captain"Kid].'),
       ('P-068', 'en', 'Sanji',
        '[Activate: Main] You may trash this Character: Look at 5 cards from the top of your deck and place them at the top or bottom of the deck in any order.'),
       ('P-068', 'fr', 'Sanji',
        '[Activate: Main] You may trash this Character: Look at 5 cards from the top of your deck and place them at the top or bottom of the deck in any order.'),
       ('P-069', 'en', 'Koala',
        '[Activate: Main] [Once Per Turn] Give up to 1 rested DON!! card to your Leader or 1 of your Characters.'),
       ('P-069', 'fr', 'Koala',
        '[Activate: Main] [Once Per Turn] Give up to 1 rested DON!! card to your Leader or 1 of your Characters.'),
       ('P-070', 'en', 'Carrot',
        '[Blocker] (After your opponent declares an attack, you may rest this card to make it the new target of the attack.)'),
       ('P-070', 'fr', 'Carrot',
        '[Blocker] (After your opponent declares an attack, you may rest this card to make it the new target of the attack.)'),
       ('P-071', 'en', 'Marco', '[On K.O.] You may add this Character card to your hand.'),
       ('P-071', 'fr', 'Marco', '[On K.O.] You may add this Character card to your hand.'),
       ('P-072', 'en', 'Ryuma',
        '[On Play]/[On K.O.] Rest up to 1 of your opponent''s Characters with a cost of 4 or less.'),
       ('P-072', 'fr', 'Ryuma',
        '[On Play]/[On K.O.] Rest up to 1 of your opponent''s Characters with a cost of 4 or less.'),
       ('P-076', 'en', 'Sakazuki',
        '[Activate: Main] [Once Per Turn] You may trash 1 {Navy} type card from your hand: Give up to 1 of your opponent''s Characters −1 cost during this turn.'),
       ('P-076', 'fr', 'Sakazuki',
        '[Activate: Main] [Once Per Turn] You may trash 1 {Navy} type card from your hand: Give up to 1 of your opponent''s Characters −1 cost during this turn.'),
       ('P-077', 'en', 'Ulti',
        '[Once Per Turn] When 2 or more DON!! cards on your field are returned to your DON!! deck, add up to 1 DON!! card from your DON!! deck and rest it. Then, set up to 1 of your purple Stages as active.'),
       ('P-077', 'fr', 'Ulti',
        '[Once Per Turn] When 2 or more DON!! cards on your field are returned to your DON!! deck, add up to 1 DON!! card from your DON!! deck and rest it. Then, set up to 1 of your purple Stages as active.')
ON CONFLICT DO NOTHING;
